suite,fid,instance,seed,method,final,actual_nfe,seconds
coco,1,101,20265000,gp_ei,-21.522234376645542,300,7.488164511043578
coco,1,101,20265006,gp_ei,-22.89196525053647,300,8.333304624073207
coco,1,101,20265002,gp_ei,-23.208933857890337,300,8.65140545903705
coco,1,101,20265004,gp_ei,-22.831262065155332,300,8.627403787104413
coco,1,101,20265003,gp_ei,-22.952542369846192,300,8.701210858067498
coco,1,101,20265007,gp_ei,-23.143361891526222,300,8.964603008935228
coco,1,101,20265005,gp_ei,-23.28621452970275,300,9.303489475976676
coco,1,101,20265001,gp_ei,-23.076556923820675,300,9.397125354036689
coco,1,101,20265008,gp_ei,-23.1177115734047,300,7.863492033910006
coco,1,102,20265001,gp_ei,1000.3372254588406,300,7.409516085172072
coco,1,101,20265009,gp_ei,-23.090982607852304,300,7.988958258880302
coco,1,102,20265000,gp_ei,1000.427199610624,300,7.923616430023685
coco,1,102,20265002,gp_ei,1000.5057868775326,300,7.87403339589946
coco,1,102,20265003,gp_ei,1000.4275836234423,300,7.880104277981445
coco,1,102,20265005,gp_ei,1000.4807361940833,300,7.9261323739774525
coco,1,102,20265004,gp_ei,1000.5909164853736,300,7.9785557051654905
coco,1,102,20265006,gp_ei,1000.6181511294512,300,7.964559660060331
coco,1,102,20265007,gp_ei,1000.637741672031,300,7.955323176924139
coco,1,102,20265008,gp_ei,1000.4467972846217,300,7.619916488882154
coco,2,101,20265000,gp_ei,2931.6157368113577,300,8.32065076706931
coco,1,102,20265009,gp_ei,1000.5249142153357,300,8.641813975991681
coco,2,101,20265001,gp_ei,2275.725172455027,300,8.36259728204459
coco,2,101,20265003,gp_ei,3184.2825350066555,300,8.327674400992692
coco,2,101,20265002,gp_ei,2335.959232835476,300,8.364307038020343
coco,2,101,20265004,gp_ei,1969.2231394407215,300,7.530480503104627
coco,2,101,20265005,gp_ei,2104.6756922923505,300,7.880798859056085
coco,2,101,20265006,gp_ei,3797.5537199791324,300,7.918816264951602
coco,2,101,20265008,gp_ei,1835.5193347396248,300,7.9551238340791315
coco,2,101,20265007,gp_ei,3486.9897874276703,300,8.36765823699534
coco,2,102,20265000,gp_ei,1705.3173881186935,300,8.109172404045239
coco,2,102,20265001,gp_ei,2907.97842969154,300,8.17402658215724
coco,2,101,20265009,gp_ei,1732.8897914700108,300,8.539822649909183
coco,2,102,20265002,gp_ei,3452.7740539635934,300,7.3740005400031805
coco,2,102,20265004,gp_ei,1579.3770857590546,300,8.079888742882758
coco,2,102,20265003,gp_ei,6553.197896820007,300,8.119234384037554
coco,2,102,20265005,gp_ei,2526.2939937956485,300,7.9912537259515375
coco,2,102,20265006,gp_ei,2404.669684090319,300,8.090574844973162
coco,2,102,20265007,gp_ei,2270.3266809369193,300,7.833803477929905
coco,2,102,20265008,gp_ei,3895.962035396759,300,8.061161878053099
coco,2,102,20265009,gp_ei,7533.238984759431,300,8.113836005097255
coco,3,101,20265000,gp_ei,238.56747700245944,300,6.4887009197846055
coco,3,101,20265002,gp_ei,191.61298980103595,300,11.03825456299819
coco,3,101,20265008,gp_ei,192.70441385592997,300,6.749961864901707
coco,3,101,20265005,gp_ei,220.69137286206308,300,9.945849133189768
coco,3,101,20265006,gp_ei,221.8319159561448,300,10.238258574856445
coco,3,101,20265001,gp_ei,221.27669132740473,300,12.618674582103267
coco,3,101,20265003,gp_ei,210.43019612808635,300,11.962655753130093
coco,3,101,20265004,gp_ei,239.08516904278963,300,13.237399620003998
coco,3,101,20265007,gp_ei,190.43651613058023,300,13.197036317782477
coco,3,102,20265006,gp_ei,244.5384352825231,300,6.952488894807175
coco,3,102,20265000,gp_ei,189.7315913507383,300,11.075867956969887
coco,3,101,20265009,gp_ei,203.7722773583124,300,11.54788590199314
coco,3,102,20265003,gp_ei,249.4425467314117,300,10.01634566904977
coco,3,102,20265001,gp_ei,202.46691592466544,300,12.907110519940034
coco,3,102,20265004,gp_ei,195.92070151999894,300,11.996893167030066
coco,3,102,20265002,gp_ei,206.82323197981492,300,13.186324358917773
coco,3,102,20265005,gp_ei,188.3404683553199,300,11.317977020982653
coco,3,102,20265008,gp_ei,244.04955731003287,300,5.578921526903287
coco,3,102,20265009,gp_ei,196.1104034090133,300,8.86549920705147
coco,4,101,20265000,gp_ei,254.77368518935862,300,8.974629330215976
coco,3,102,20265007,gp_ei,209.0333556320054,300,9.851540262112394
coco,4,101,20265002,gp_ei,224.9429476172981,300,8.9442360450048
coco,4,101,20265004,gp_ei,240.58808889025033,300,8.506466133054346
coco,4,101,20265001,gp_ei,233.69170050037678,300,10.51864272612147
coco,4,101,20265003,gp_ei,324.04178543702017,300,10.534978501033038
coco,4,101,20265005,gp_ei,279.18777062990915,300,8.01686431397684
coco,4,101,20265009,gp_ei,337.32022215220695,300,6.3206933320034295
coco,4,101,20265006,gp_ei,237.28920610076213,300,8.938312561018392
coco,4,101,20265007,gp_ei,233.6540128219502,300,9.066806440008804
coco,4,101,20265008,gp_ei,214.14531803993617,300,8.88426374620758
coco,4,102,20265000,gp_ei,249.08110283794838,300,9.506948368158191
coco,4,102,20265003,gp_ei,225.5372682492997,300,8.14179707900621
coco,4,102,20265001,gp_ei,266.1164757818493,300,9.928596009034663
coco,4,102,20265002,gp_ei,220.89961516341333,300,9.199932359857485
coco,4,102,20265005,gp_ei,223.149933876256,300,9.139025937998667
coco,4,102,20265004,gp_ei,238.15564959711236,300,9.237240778980777
coco,4,102,20265007,gp_ei,190.53376018420732,300,9.130684748059139
coco,4,102,20265006,gp_ei,213.9325805311742,300,10.731455135857686
coco,5,101,20265000,gp_ei,-1000.0,300,6.798027538927272
coco,4,102,20265009,gp_ei,205.13823130114656,300,8.146804524119943
coco,5,101,20265001,gp_ei,-1000.0,300,7.298397159902379
coco,4,102,20265008,gp_ei,254.13865464375118,300,10.177281534997746
coco,5,101,20265002,gp_ei,-1000.0,300,6.406353953061625
coco,5,101,20265004,gp_ei,-1000.0,300,6.27206694195047
coco,5,101,20265003,gp_ei,-1000.0,300,6.966857681982219
coco,5,101,20265005,gp_ei,-1000.0,300,6.485868253977969
coco,5,101,20265007,gp_ei,-1000.0,300,5.612856452120468
coco,5,101,20265006,gp_ei,-1000.0,300,6.6857990459539
coco,5,101,20265008,gp_ei,-1000.0,300,6.912171442061663
coco,5,101,20265009,gp_ei,-1000.0,300,6.2236507111229
coco,5,102,20265001,gp_ei,-104.03,300,6.3380135979969054
coco,5,102,20265000,gp_ei,-104.03,300,6.7383636210579425
coco,5,102,20265004,gp_ei,-104.03,300,5.744433625135571
coco,5,102,20265002,gp_ei,-104.03,300,7.1693540760315955
coco,5,102,20265003,gp_ei,-104.03,300,6.388728728052229
coco,5,102,20265005,gp_ei,-104.03,300,6.58132111793384
coco,5,102,20265006,gp_ei,-104.03,300,6.58766100788489
coco,5,102,20265007,gp_ei,-104.03,300,6.163864690810442
coco,5,102,20265008,gp_ei,-104.03,300,6.0684549489524215
coco,5,102,20265009,gp_ei,-104.03,300,6.882546626962721
coco,6,101,20265000,gp_ei,26.400988935702706,300,6.839045194210485
coco,6,101,20265001,gp_ei,33.769295568176936,300,7.894182115094736
coco,6,101,20265002,gp_ei,11.086428993867434,300,7.7899542190134525
coco,6,101,20265003,gp_ei,5.566899628872582,300,7.311753382207826
coco,6,101,20265005,gp_ei,8.215998365443513,300,7.015274703036994
coco,6,101,20265004,gp_ei,5.515601258055302,300,8.031044444069266
coco,6,101,20265006,gp_ei,37.68422370126902,300,7.520592669956386
coco,6,101,20265008,gp_ei,22.597547520077235,300,6.564706899924204
coco,6,101,20265007,gp_ei,6.757396434405475,300,7.927320773014799
coco,6,102,20265000,gp_ei,62.26634157228168,300,7.49623071285896
coco,6,101,20265009,gp_ei,27.45671281321301,300,8.394067369168624
coco,6,102,20265001,gp_ei,60.81009118097612,300,8.8344981840346
coco,6,102,20265002,gp_ei,68.17857771941098,300,7.843891960103065
coco,6,102,20265003,gp_ei,73.33023053570463,300,8.51888453005813
coco,6,102,20265005,gp_ei,99.27232140350742,300,6.682321280008182
coco,6,102,20265004,gp_ei,90.94574051897912,300,8.777808911865577
coco,6,102,20265006,gp_ei,117.86981872387229,300,8.179956799838692
coco,6,102,20265007,gp_ei,60.20968016928639,300,8.048705845838413
coco,7,101,20265000,gp_ei,-210.79731068322528,300,7.320637902012095
coco,6,102,20265008,gp_ei,74.35504392649874,300,8.713792447932065
coco,6,102,20265009,gp_ei,88.55220189829062,300,8.332902026129887
coco,7,101,20265001,gp_ei,-211.531325910277,300,7.758424921892583
coco,7,101,20265002,gp_ei,-213.13817910779528,300,7.011544069973752
coco,7,101,20265003,gp_ei,-212.77706952909398,300,7.452431563986465
coco,7,101,20265004,gp_ei,-211.8840552114367,300,7.691127670928836
coco,7,101,20265006,gp_ei,-211.76935697073796,300,6.79818551405333
coco,7,101,20265005,gp_ei,-211.21253748577837,300,8.603434993186966
coco,7,101,20265007,gp_ei,-212.53169799121025,300,7.560042683035135
coco,7,101,20265008,gp_ei,-212.5557875377742,300,7.808255233103409
coco,7,102,20265000,gp_ei,-315.7266517171557,300,6.943148402962834
coco,7,101,20265009,gp_ei,-212.05485114588834,300,7.778825229033828
coco,7,102,20265001,gp_ei,-317.6197863823315,300,7.62581673800014
coco,7,102,20265002,gp_ei,-319.0430859097185,300,7.755962868919596
coco,7,102,20265003,gp_ei,-311.81507461754836,300,7.696261887904257
coco,7,102,20265005,gp_ei,-319.12086601367105,300,7.7928879680112
coco,7,102,20265004,gp_ei,-314.9381905809597,300,8.045989397913218
coco,7,102,20265007,gp_ei,-317.822511402372,300,7.211880834074691
coco,7,102,20265006,gp_ei,-318.46193675912866,300,8.197944359853864
coco,7,102,20265008,gp_ei,-313.5080683774163,300,8.057261037174612
coco,7,102,20265009,gp_ei,-319.6551642663491,300,6.755439874948934
coco,8,101,20265000,gp_ei,121.63354616882165,300,7.622227306012064
coco,8,101,20265003,gp_ei,236.6842710380809,300,5.87559078913182
coco,8,101,20265004,gp_ei,390.61147401116966,300,5.438298956956714
coco,8,101,20265001,gp_ei,301.9906936285819,300,7.295097441179678
coco,8,101,20265002,gp_ei,159.9110683333941,300,8.268976339139044
coco,8,101,20265005,gp_ei,264.36791576785083,300,7.971311402041465
coco,8,101,20265007,gp_ei,111.12041858070813,300,7.402948237024248
coco,8,101,20265006,gp_ei,124.47685239617743,300,8.408883878029883
coco,8,101,20265008,gp_ei,701.4968430074044,300,7.127356723882258
coco,8,101,20265009,gp_ei,739.1730815749638,300,5.835348424036056
coco,8,102,20265001,gp_ei,194.87042378735592,300,7.078642504056916
coco,8,102,20265000,gp_ei,186.8745660834386,300,7.155668682884425
coco,8,102,20265002,gp_ei,237.96271411305298,300,8.081199103966355
coco,8,102,20265004,gp_ei,147.440655504205,300,7.267420304007828
coco,8,102,20265003,gp_ei,199.5199432900411,300,8.048784429905936
coco,8,102,20265007,gp_ei,778.9453358589386,300,6.258778745075688
coco,8,102,20265005,gp_ei,250.6441255562569,300,7.856961162993684
coco,8,102,20265009,gp_ei,2758.806700683071,300,5.364095048047602
coco,8,102,20265006,gp_ei,289.1943451821694,300,7.549374775029719
coco,8,102,20265008,gp_ei,211.60329441013462,300,7.508366568945348
coco,9,101,20265001,gp_ei,357.04696017515937,300,7.030367020051926
coco,9,101,20265000,gp_ei,-28.205600439598882,300,8.75869359401986
coco,9,101,20265002,gp_ei,131.5127260152002,300,8.425319347996265
coco,9,101,20265005,gp_ei,90.54463358916445,300,7.443464202107862
coco,9,101,20265003,gp_ei,150.05272453045495,300,9.617982507916167
coco,9,101,20265007,gp_ei,71.56659185861571,300,6.927916334941983
coco,9,101,20265006,gp_ei,600.005619573735,300,8.628753978991881
coco,9,101,20265004,gp_ei,77.93172172027442,300,9.942990220850334
coco,9,101,20265009,gp_ei,1456.6263081142406,300,5.955493710003793
coco,9,101,20265008,gp_ei,40.7458611851969,300,7.9411274110898376
coco,9,102,20265000,gp_ei,585.8009388162577,300,7.355382147012278
coco,9,102,20265003,gp_ei,826.0712801007993,300,5.499679535860196
coco,9,102,20265001,gp_ei,726.3651608545503,300,7.213966174051166
coco,9,102,20265004,gp_ei,1017.677430001702,300,7.751935671083629
coco,9,102,20265002,gp_ei,636.1039419477412,300,8.059069375973195
coco,9,102,20265005,gp_ei,726.1091831495235,300,8.659478985937312
coco,9,102,20265006,gp_ei,748.6621439754504,300,8.233174248831347
coco,9,102,20265007,gp_ei,593.9094056970952,300,7.232732694130391
coco,10,101,20265000,gp_ei,23426.591952613962,300,6.233901661122218
coco,9,102,20265008,gp_ei,1032.537403285258,300,7.331799615174532
coco,9,102,20265009,gp_ei,667.2220384968581,300,8.118314178893343
coco,10,101,20265002,gp_ei,12892.441597725718,300,6.813089187955484
coco,10,101,20265001,gp_ei,5087.611514307892,300,7.097470700973645
coco,10,101,20265003,gp_ei,3143.8581839378367,300,7.115361309144646
coco,10,101,20265005,gp_ei,12174.046803411215,300,5.954141051974148
coco,10,101,20265006,gp_ei,7414.807698468365,300,5.932136709801853
coco,10,101,20265004,gp_ei,16236.71089967093,300,6.382966090925038
coco,10,101,20265007,gp_ei,8152.8925276692635,300,6.585190071957186
coco,10,101,20265008,gp_ei,5041.5057917764325,300,6.410192725947127
coco,10,101,20265009,gp_ei,10480.843109670148,300,6.556175712030381
coco,10,102,20265000,gp_ei,16425.30144322488,300,6.979905140120536
coco,10,102,20265001,gp_ei,14992.133558472122,300,7.200730272103101
coco,10,102,20265003,gp_ei,7981.894552902052,300,6.094915485009551
coco,10,102,20265004,gp_ei,24583.622516015697,300,6.638062552083284
coco,10,102,20265002,gp_ei,14403.84092687154,300,6.970488592982292
coco,10,102,20265005,gp_ei,9836.707022109442,300,6.758990516886115
coco,10,102,20265006,gp_ei,24180.503721068697,300,6.955937921069562
coco,10,102,20265007,gp_ei,6271.709789986457,300,7.088131843833253
coco,10,102,20265008,gp_ei,9995.839884127272,300,6.7644104298669845
coco,11,101,20265000,gp_ei,84.8353957504556,300,5.994731253013015
coco,10,102,20265009,gp_ei,9650.0494856466,300,7.113322147866711
coco,11,101,20265002,gp_ei,55.385609031977296,300,6.061135645955801
coco,11,101,20265001,gp_ei,104.4528307800674,300,6.759210731135681
coco,11,101,20265003,gp_ei,77.16218696143844,300,6.689565930049866
coco,11,101,20265004,gp_ei,99.45286358451636,300,6.782729913014919
coco,11,101,20265005,gp_ei,153.32979921953918,300,6.969889346975833
coco,11,101,20265006,gp_ei,180.88147489613922,300,6.826983277918771
coco,11,101,20265007,gp_ei,180.9321515055066,300,5.965968556003645
coco,11,101,20265009,gp_ei,97.53813138936322,300,6.048737749923021
coco,11,101,20265008,gp_ei,101.27187510370008,300,7.051910235080868
coco,11,102,20265000,gp_ei,-606.7684103538402,300,6.86575828702189
coco,11,102,20265001,gp_ei,-612.25700627314,300,6.820393786998466
coco,11,102,20265002,gp_ei,-655.1462081408433,300,6.52650285908021
coco,11,102,20265005,gp_ei,-697.0508755876635,300,6.058446891838685
coco,11,102,20265003,gp_ei,-467.8028632971885,300,7.334973759949207
coco,11,102,20265006,gp_ei,-685.9599587740647,300,6.167217820184305
coco,11,102,20265004,gp_ei,-670.1619177601989,300,7.888246033107862
coco,11,102,20265007,gp_ei,-654.1480129580584,300,7.536179537186399
coco,11,102,20265008,gp_ei,-697.5560826484443,300,7.082083888119087
coco,11,102,20265009,gp_ei,-580.8039201734155,300,6.911038869060576
coco,12,101,20265000,gp_ei,16193504.026070217,300,8.729872463969514
coco,12,101,20265001,gp_ei,10898016.366554586,300,8.000797028886154
coco,12,101,20265003,gp_ei,18990473.17343439,300,8.297255062032491
coco,12,101,20265006,gp_ei,10938889.589555018,300,7.068102943943813
coco,12,101,20265002,gp_ei,9629547.66735416,300,9.806910061044618
coco,12,101,20265004,gp_ei,9639825.872025175,300,9.477766808820888
coco,12,101,20265005,gp_ei,22356048.438597426,300,8.577764635905623
coco,12,101,20265009,gp_ei,5377590.382896878,300,5.425001326017082
coco,12,101,20265007,gp_ei,10158603.170462115,300,9.157287676120177
coco,12,101,20265008,gp_ei,23290202.17649695,300,7.600878169061616
coco,12,102,20265000,gp_ei,19170548.392961442,300,7.4057921909261495
coco,12,102,20265001,gp_ei,18903609.719630335,300,8.426998475100845
coco,12,102,20265002,gp_ei,12168408.354034042,300,8.399792565964162
coco,12,102,20265003,gp_ei,26949858.138648793,300,8.412581813056022
coco,12,102,20265005,gp_ei,10264126.952840958,300,6.649388883030042
coco,12,102,20265004,gp_ei,11443403.076416414,300,9.458322630031034
coco,12,102,20265007,gp_ei,7504465.301681403,300,6.880617339862511
coco,12,102,20265006,gp_ei,27059117.476033974,300,9.994397898903117
coco,12,102,20265008,gp_ei,8509034.804466642,300,7.132262961007655
coco,12,102,20265009,gp_ei,6394662.741788336,300,6.192595870932564
coco,13,101,20265000,gp_ei,135.76415234797997,300,7.558540510945022
coco,13,101,20265001,gp_ei,138.23767072255856,300,7.497881873045117
coco,13,101,20265002,gp_ei,124.91773630552326,300,6.885033593978733
coco,13,101,20265004,gp_ei,131.76990579602304,300,6.751227930886671
coco,13,101,20265003,gp_ei,171.64837712783992,300,7.392496504122391
coco,13,101,20265006,gp_ei,163.86387585693268,300,6.159628183115274
coco,13,101,20265005,gp_ei,119.99981183893522,300,7.041036518989131
coco,13,101,20265007,gp_ei,131.7850262318901,300,7.395501727936789
coco,13,102,20265000,gp_ei,213.45694965346328,300,6.246628809021786
coco,13,101,20265008,gp_ei,152.80197620432767,300,7.340776207158342
coco,13,101,20265009,gp_ei,113.07574578225949,300,7.1756869331002235
coco,13,102,20265001,gp_ei,198.7721632491137,300,7.237996309995651
coco,13,102,20265002,gp_ei,207.51544501201582,300,7.93784755282104
coco,13,102,20265003,gp_ei,194.55342486487336,300,6.557023036992177
coco,13,102,20265004,gp_ei,174.67462330305122,300,7.482128367060795
coco,13,102,20265006,gp_ei,250.44822676203393,300,5.16114246705547
coco,13,102,20265005,gp_ei,205.88821559587456,300,7.269568016985431
coco,13,102,20265009,gp_ei,555.1698967810967,300,5.467249526875094
coco,13,102,20265007,gp_ei,212.24771223478663,300,7.077479589032009
coco,13,102,20265008,gp_ei,194.67165497208487,300,7.341443598968908
coco,14,101,20265001,gp_ei,-88.45203754880272,300,7.167548387078568
coco,14,101,20265000,gp_ei,-88.37645391384612,300,8.209553179098293
coco,14,101,20265003,gp_ei,-88.47604616925467,300,7.053702645935118
coco,14,101,20265002,gp_ei,-88.43582916155304,300,7.523313287878409
coco,14,101,20265004,gp_ei,-88.38748793044485,300,7.1676646990235895
coco,14,101,20265005,gp_ei,-88.56255963011361,300,7.644114149035886
coco,14,101,20265007,gp_ei,-88.38868519726464,300,7.640009555965662
coco,14,101,20265006,gp_ei,-88.31523971606923,300,8.334459827980027
coco,14,101,20265008,gp_ei,-88.53379974063337,300,6.655971145024523
coco,14,102,20265000,gp_ei,-334.37077218666866,300,7.311475845053792
coco,14,101,20265009,gp_ei,-88.62532799131922,300,8.050508433021605
coco,14,102,20265001,gp_ei,-334.57975251804896,300,7.519278188003227
coco,14,102,20265003,gp_ei,-327.89151880114866,300,5.561230388004333
coco,14,102,20265002,gp_ei,-334.79948762650133,300,7.760307881981134
coco,14,102,20265004,gp_ei,-333.97653035393995,300,7.834870578953996
coco,14,102,20265006,gp_ei,-333.6341541207052,300,7.079120098846033
coco,14,102,20265007,gp_ei,-334.4577604393982,300,5.149211657000706
coco,14,102,20265005,gp_ei,-334.4002217563306,300,8.461043094983324
coco,14,102,20265009,gp_ei,-332.2533867686825,300,5.774101269198582
coco,14,102,20265008,gp_ei,-334.74032305375977,300,8.014329869998619
coco,15,101,20265003,gp_ei,1111.1390028732653,300,5.321051478153095
coco,15,101,20265000,gp_ei,1095.694610597133,300,8.50280660786666
coco,15,101,20265001,gp_ei,1077.7448245114656,300,8.382466061972082
coco,15,101,20265002,gp_ei,1086.7965296223826,300,8.665903896093369
coco,15,101,20265004,gp_ei,1122.8803884549588,300,8.09188497881405
coco,15,101,20265005,gp_ei,1132.9536027977902,300,10.333329069893807
coco,15,101,20265006,gp_ei,1111.937932647817,300,9.25799015397206
coco,15,101,20265007,gp_ei,1062.172566882108,300,9.74025552906096
coco,15,101,20265008,gp_ei,1103.459613033715,300,8.512032957049087
coco,15,101,20265009,gp_ei,1093.6742479926422,300,8.921460456913337
coco,15,102,20265000,gp_ei,-264.8169115358056,300,10.548400117782876
coco,15,102,20265001,gp_ei,-265.16256750438833,300,8.93348061805591
coco,15,102,20265002,gp_ei,-293.8250269404213,300,8.875733674038202
coco,15,102,20265004,gp_ei,-285.58193334380553,300,9.688065455993637
coco,15,102,20265003,gp_ei,-286.0221550043964,300,10.835349363042042
coco,15,102,20265006,gp_ei,-215.82268216129216,300,8.598330130102113
coco,15,102,20265007,gp_ei,-253.35172209901097,300,8.419118236051872
coco,15,102,20265005,gp_ei,-261.6808319233695,300,10.807872276986018
coco,15,102,20265008,gp_ei,-273.0187813020801,300,8.785573510918766
coco,15,102,20265009,gp_ei,-256.3141809122179,300,8.465091596823186
coco,16,101,20265000,gp_ei,-72.00818951330812,300,10.869668152881786
coco,16,101,20265003,gp_ei,-68.23329777317365,300,10.4894072660245
coco,16,101,20265004,gp_ei,-73.77217216470622,300,10.392139738192782
coco,16,101,20265002,gp_ei,-78.74522990320305,300,12.873501675901935
coco,16,101,20265001,gp_ei,-67.24492161552946,300,14.073218231089413
coco,16,101,20265005,gp_ei,-72.5667806240584,300,12.37100944085978
coco,16,101,20265006,gp_ei,-56.0685970287875,300,11.982995617901906
coco,16,101,20265007,gp_ei,-72.5047858545216,300,12.919631700962782
coco,16,101,20265008,gp_ei,-81.54511989751038,300,10.30225299205631
coco,16,102,20265000,gp_ei,19.967831486135182,300,9.643134491052479
coco,16,102,20265001,gp_ei,26.9609937731811,300,8.436315135098994
coco,16,101,20265009,gp_ei,-75.39827773731281,300,10.316452997038141
coco,16,102,20265003,gp_ei,24.365067775184336,300,8.612920795101672
coco,16,102,20265002,gp_ei,19.918879755842198,300,10.545736478175968
coco,16,102,20265004,gp_ei,19.804493107608828,300,9.511426488868892
coco,16,102,20265005,gp_ei,25.158104831169688,300,8.435415870975703
coco,16,102,20265006,gp_ei,19.95868795581457,300,9.402528732083738
coco,16,102,20265007,gp_ei,20.068282858889816,300,9.5619575639721
coco,16,102,20265008,gp_ei,25.305991361032547,300,9.35352568491362
coco,16,102,20265009,gp_ei,26.45411556004361,300,10.235549288103357
coco,17,101,20265002,gp_ei,37.68943104656383,300,8.86154134105891
coco,17,101,20265000,gp_ei,37.83678957502012,300,11.816873051924631
coco,17,101,20265001,gp_ei,37.59162167697292,300,11.515782546950504
coco,17,101,20265004,gp_ei,38.51324995084789,300,9.867720667039976
coco,17,101,20265003,gp_ei,37.17083062737592,300,11.233684563077986
coco,17,101,20265006,gp_ei,40.95564330516234,300,8.749040662078187
coco,17,101,20265007,gp_ei,38.23117591418619,300,9.0763528351672
coco,17,101,20265005,gp_ei,39.240632495577444,300,10.688847803976387
coco,17,101,20265009,gp_ei,39.614099864976644,300,9.666999077191576
coco,17,101,20265008,gp_ei,40.21438585526304,300,11.264977161074057
coco,17,102,20265000,gp_ei,-59.332822585713494,300,10.2093388910871
coco,17,102,20265001,gp_ei,-58.47523747302999,300,9.765539147891104
coco,17,102,20265002,gp_ei,-59.01109887486511,300,10.256247134879231
coco,17,102,20265003,gp_ei,-57.599799140832005,300,9.186112977098674
coco,17,102,20265005,gp_ei,-57.90201717431967,300,7.7308013120200485
coco,17,102,20265004,gp_ei,-55.45559285467417,300,8.942486760905012
coco,17,102,20265008,gp_ei,-59.8513705111079,300,8.69595755985938
coco,17,102,20265009,gp_ei,-59.96930128801963,300,8.481408142019063
coco,17,102,20265006,gp_ei,-60.32692851961098,300,10.03052833583206
coco,17,102,20265007,gp_ei,-57.682220202297444,300,10.046248611994088
coco,18,101,20265000,gp_ei,41.348671324951596,300,9.142296575009823
coco,18,101,20265001,gp_ei,52.662072056731176,300,9.230208878871053
coco,18,101,20265003,gp_ei,46.775530883641885,300,8.206899910001084
coco,18,101,20265002,gp_ei,46.056522998240965,300,9.601534601999447
coco,18,101,20265005,gp_ei,47.61007084103974,300,9.241286508971825
coco,18,101,20265006,gp_ei,48.85347322027896,300,9.699504295829684
coco,18,101,20265007,gp_ei,51.63270986441478,300,9.877225843956694
coco,18,101,20265004,gp_ei,46.65156542490751,300,11.067800423828885
coco,18,101,20265008,gp_ei,41.573170879609876,300,10.724647647002712
coco,18,102,20265000,gp_ei,-49.11528791914225,300,9.06953891296871
coco,18,102,20265001,gp_ei,-43.71650972925387,300,8.718223541975021
coco,18,101,20265009,gp_ei,56.48795046640585,300,12.413594922050834
coco,18,102,20265002,gp_ei,-54.15688394953246,300,9.403243193868548
coco,18,102,20265005,gp_ei,-50.755505089927055,300,8.94280182896182
coco,18,102,20265003,gp_ei,-50.55126015538919,300,10.51384778902866
coco,18,102,20265004,gp_ei,-39.2331521503599,300,10.22553501301445
coco,18,102,20265007,gp_ei,-55.226039849483364,300,8.128134320955724
coco,18,102,20265008,gp_ei,-54.72323653913161,300,8.884998209076002
coco,18,102,20265006,gp_ei,-50.73793294437048,300,10.499668417032808
coco,18,102,20265009,gp_ei,-50.614404317177005,300,10.858026911038905
coco,19,101,20265000,gp_ei,187.58613837593606,300,8.095223900163546
coco,19,101,20265004,gp_ei,186.83699401688875,300,8.519389130873606
coco,19,101,20265001,gp_ei,187.47199331277085,300,10.717179099097848
coco,19,101,20265005,gp_ei,188.3302039140486,300,8.705112856812775
coco,19,101,20265003,gp_ei,187.56859428406491,300,10.713919904083014
coco,19,101,20265006,gp_ei,188.40439487454873,300,9.775330570992082
coco,19,101,20265002,gp_ei,188.20705537553675,300,12.184292017947882
coco,19,101,20265008,gp_ei,186.575904957659,300,8.944938593078405
coco,19,101,20265007,gp_ei,188.38255010411598,300,9.73340448900126
coco,19,101,20265009,gp_ei,188.85051847962072,300,7.9521168689243495
coco,19,102,20265001,gp_ei,0.18810817481349495,300,8.33555979304947
coco,19,102,20265003,gp_ei,0.12099320151825843,300,6.521246905904263
coco,19,102,20265000,gp_ei,0.45014095806990007,300,9.672596758930013
coco,19,102,20265002,gp_ei,-2.574408563897288,300,9.152087040012702
coco,19,102,20265004,gp_ei,-5.275342384115584,300,9.630888506071642
coco,19,102,20265005,gp_ei,-1.4183510226906462,300,8.595012633828446
coco,19,102,20265007,gp_ei,-3.907547481785363,300,8.304089376935735
coco,19,102,20265006,gp_ei,-1.6980807344634918,300,9.586520683020353
coco,20,101,20265000,gp_ei,564.4314957207647,300,7.653819037834182
coco,19,102,20265008,gp_ei,-1.0136053099820757,300,9.574173666071147
coco,19,102,20265009,gp_ei,-3.2772832706072226,300,9.860362753039226
coco,20,101,20265001,gp_ei,564.6493894655756,300,8.46430175891146
coco,20,101,20265002,gp_ei,564.7061037752801,300,8.061110360082239
coco,20,101,20265003,gp_ei,564.5412652108643,300,6.892210541991517
coco,20,101,20265004,gp_ei,564.2865129225972,300,6.483349208952859
coco,20,101,20265005,gp_ei,564.337783784555,300,7.975492882076651
coco,20,101,20265007,gp_ei,564.4614145042542,300,6.51055786293
coco,20,101,20265006,gp_ei,564.656597591951,300,7.593256211141124
coco,20,101,20265009,gp_ei,565.0515874508983,300,7.614154169801623
coco,20,101,20265008,gp_ei,563.8549543844367,300,8.061614440055564
coco,20,102,20265000,gp_ei,-64.2360826476528,300,7.838660945883021
coco,20,102,20265001,gp_ei,-64.02692002786443,300,7.172234769910574
coco,20,102,20265002,gp_ei,-64.13529230761682,300,6.789629419101402
coco,20,102,20265004,gp_ei,-64.4679138314008,300,6.561113426927477
coco,20,102,20265003,gp_ei,-64.39083654062136,300,8.080483583034948
coco,20,102,20265005,gp_ei,-64.33601384827666,300,7.363073033979163
coco,20,102,20265006,gp_ei,-64.09606885739443,300,6.136662649922073
coco,20,102,20265009,gp_ei,-64.68385717386975,300,6.681770545197651
coco,21,101,20265000,gp_ei,180.64117547552962,300,6.163665316998959
coco,20,102,20265007,gp_ei,-64.0955116724146,300,8.23430864000693
coco,20,102,20265008,gp_ei,-64.30558855512528,300,7.668275899020955
coco,21,101,20265001,gp_ei,170.96554622228248,300,6.576823323965073
coco,21,101,20265003,gp_ei,165.62285846045063,300,7.182287907926366
coco,21,101,20265002,gp_ei,167.60244241914236,300,7.774897726019844
coco,21,101,20265004,gp_ei,163.81494491481735,300,7.85490924003534
coco,21,101,20265006,gp_ei,156.0998623295855,300,6.6833119231741875
coco,21,101,20265005,gp_ei,184.4921920434581,300,6.704345857957378
coco,21,101,20265007,gp_ei,168.07468754972703,300,7.34249208192341
coco,21,101,20265008,gp_ei,162.75049963871854,300,7.317132962169126
coco,21,101,20265009,gp_ei,173.0450611057394,300,6.426698951050639
coco,21,102,20265001,gp_ei,-166.19804817448136,300,7.1283938519191
coco,21,102,20265000,gp_ei,-158.10600529454243,300,7.369631288107485
coco,21,102,20265003,gp_ei,-163.76024863873272,300,5.4154536528512836
coco,21,102,20265002,gp_ei,-164.8738106170454,300,7.322137017967179
coco,21,102,20265004,gp_ei,-175.18531257929186,300,6.536406341940165
coco,21,102,20265005,gp_ei,-131.76982210324178,300,7.628591503016651
coco,21,102,20265006,gp_ei,-164.32083492891465,300,7.50343537889421
coco,21,102,20265007,gp_ei,-176.2486450795549,300,6.266362712951377
coco,22,101,20265000,gp_ei,14.471251499482843,300,6.367471450008452
coco,21,102,20265008,gp_ei,-171.23570634639484,300,6.93365266895853
coco,21,102,20265009,gp_ei,-170.1818921797677,300,7.013661773176864
coco,22,101,20265002,gp_ei,14.369546478404033,300,6.522963569033891
coco,22,101,20265001,gp_ei,11.261515902439058,300,7.178683297010139
coco,22,101,20265005,gp_ei,9.241385183820581,300,6.890019922982901
coco,22,101,20265003,gp_ei,14.50769717734314,300,7.845066412119195
coco,22,101,20265004,gp_ei,31.878947932680408,300,7.884199457941577
coco,22,101,20265006,gp_ei,11.15822088540275,300,6.214610839961097
coco,22,101,20265007,gp_ei,24.43728344383671,300,6.885336253093556
coco,22,101,20265009,gp_ei,10.312158718104293,300,6.470061467029154
coco,22,101,20265008,gp_ei,10.151914929128782,300,7.680786833865568
coco,22,102,20265000,gp_ei,-98.09059425883058,300,7.175281875999644
coco,22,102,20265001,gp_ei,-89.1143807924973,300,6.014140974963084
coco,22,102,20265003,gp_ei,-90.0571818339756,300,7.359700437169522
coco,22,102,20265004,gp_ei,-85.64137846441082,300,6.376637174980715
coco,22,102,20265002,gp_ei,-91.67436002660028,300,8.209407560992986
coco,22,102,20265006,gp_ei,-90.55197567234043,300,6.426165422890335
coco,22,102,20265005,gp_ei,-99.36262157482756,300,7.447389246197417
coco,22,102,20265007,gp_ei,-96.44555098901749,300,7.469384914962575
coco,22,102,20265008,gp_ei,-93.54232799881837,300,7.027810044120997
coco,22,102,20265009,gp_ei,-98.24617716279123,300,6.263590177055448
coco,23,101,20265000,gp_ei,-132.7430370340205,300,7.9339443820063025
coco,23,101,20265003,gp_ei,-131.8708024939293,300,8.887168389977887
coco,23,101,20265001,gp_ei,-132.39169840832773,300,10.489729420980439
coco,23,101,20265002,gp_ei,-132.70041503652314,300,10.73381942207925
coco,23,101,20265005,gp_ei,-132.788657814087,300,8.933326500002295
coco,23,101,20265004,gp_ei,-130.66612145947238,300,10.616563034942374
coco,23,101,20265007,gp_ei,-132.15371334945948,300,9.619640070013702
coco,23,101,20265006,gp_ei,-131.8345878305347,300,12.427263566059992
coco,23,101,20265008,gp_ei,-133.18361129054256,300,8.184965434949845
coco,23,101,20265009,gp_ei,-131.5680617733668,300,7.148951201932505
coco,23,102,20265000,gp_ei,-397.97025636062443,300,9.770759050967172
coco,23,102,20265002,gp_ei,-398.9863406535898,300,9.42556751309894
coco,23,102,20265003,gp_ei,-397.8122627754467,300,8.997531606117263
coco,23,102,20265004,gp_ei,-398.04308509983093,300,8.332424092805013
coco,23,102,20265001,gp_ei,-399.1113990694375,300,11.188731140922755
coco,23,102,20265007,gp_ei,-399.05416320392106,300,7.870715894037858
coco,23,102,20265005,gp_ei,-398.32811594649286,300,10.397299526026472
coco,23,102,20265008,gp_ei,-399.399826495623,300,6.349597700871527
coco,24,101,20265001,gp_ei,1149.957008261127,300,5.134898009011522
coco,23,102,20265006,gp_ei,-398.7277006621722,300,11.381436232943088
coco,24,101,20265000,gp_ei,1092.9591784804377,300,5.835484964074567
coco,23,102,20265009,gp_ei,-399.03442753802193,300,10.620973075041547
coco,24,101,20265002,gp_ei,1071.7850293147,300,12.156052369158715
coco,24,101,20265006,gp_ei,1090.7582941382514,300,9.577446197159588
coco,24,101,20265003,gp_ei,1072.0925698599542,300,11.176223556045443
coco,24,101,20265008,gp_ei,1070.8941821428414,300,10.068647525040433
coco,24,101,20265005,gp_ei,1097.1109788313606,300,11.064575374126434
coco,24,101,20265007,gp_ei,1069.3022079064249,300,10.541078225942329
coco,24,101,20265004,gp_ei,1094.5386413205154,300,13.004936871817335
coco,24,101,20265009,gp_ei,1090.3945405995253,300,8.481388702988625
coco,24,102,20265000,gp_ei,100.55788755399283,300,9.69532328704372
coco,24,102,20265001,gp_ei,98.96189532202098,300,8.560277465032414
coco,24,102,20265002,gp_ei,97.55591383046125,300,9.068642362952232
coco,24,102,20265003,gp_ei,119.71165224751017,300,11.432429069885984
coco,24,102,20265004,gp_ei,103.63970433616714,300,11.879771849140525
coco,24,102,20265006,gp_ei,93.76526724728902,300,10.736960533075035
coco,24,102,20265007,gp_ei,96.29462478431431,300,9.25848478008993
coco,24,102,20265009,gp_ei,109.39921230311325,300,5.3162660480011255
coco,24,102,20265005,gp_ei,92.36773174386057,300,12.534110191976652
cec2017,10,1,20265000,gp_ei,4141161.731924369,300,6.611876751994714
cec2017,10,1,20265002,gp_ei,81421.76155920292,300,5.567063537891954
cec2017,10,1,20265001,gp_ei,140095.85613841834,300,7.111633529188111
cec2017,10,1,20265005,gp_ei,369586.5013285301,300,6.310088294092566
coco,24,102,20265008,gp_ei,98.7655259510775,300,12.852823551977053
cec2017,10,1,20265003,gp_ei,306270.8636583652,300,7.444384685019031
cec2017,10,1,20265004,gp_ei,663243.2359183452,300,7.383908056886867
cec2017,10,1,20265006,gp_ei,156149.77369057393,300,7.569492461159825
cec2017,10,1,20265007,gp_ei,117252.06284860588,300,6.658792653121054
cec2017,10,1,20265008,gp_ei,1327536.874683313,300,6.677267693914473
cec2017,11,1,20265000,gp_ei,11743627.866244964,300,6.506779277930036
cec2017,10,1,20265009,gp_ei,1288263.563457937,300,7.613894481910393
cec2017,11,1,20265001,gp_ei,11496544.236003414,300,7.055796399945393
cec2017,11,1,20265002,gp_ei,25212176.48226513,300,7.060766829876229
cec2017,11,1,20265003,gp_ei,15304846.855447676,300,7.092558769974858
cec2017,11,1,20265005,gp_ei,20408816.072974775,300,6.515189066994935
cec2017,11,1,20265004,gp_ei,16745149.147204364,300,7.56447876105085
cec2017,11,1,20265006,gp_ei,3749955.188845047,300,6.3225726070813835
cec2017,11,1,20265007,gp_ei,25442953.647714533,300,6.347197626018897
cec2017,11,1,20265008,gp_ei,45898054.11901477,300,6.963108876021579
cec2017,11,1,20265009,gp_ei,11970244.225346677,300,7.081010644789785
cec2017,12,1,20265000,gp_ei,1637900.8145266993,300,6.938191313063726
cec2017,12,1,20265001,gp_ei,3559188.813766629,300,6.8426215699873865
cec2017,12,1,20265002,gp_ei,2295196.366843385,300,6.474447075044736
cec2017,12,1,20265003,gp_ei,842756.1441990723,300,7.371829843148589
cec2017,12,1,20265004,gp_ei,336822.67961028684,300,6.77156083798036
cec2017,12,1,20265005,gp_ei,324151.81400659063,300,6.57893241615966
cec2017,13,1,20265000,gp_ei,10877.724998969923,300,5.959955312078819
cec2017,12,1,20265006,gp_ei,209400.2340425103,300,7.1717116269283
cec2017,12,1,20265008,gp_ei,1716877.9749700506,300,6.893841780954972
cec2017,12,1,20265007,gp_ei,685266.6377725269,300,7.394467385020107
cec2017,12,1,20265009,gp_ei,681597.7259787692,300,7.339790337951854
cec2017,13,1,20265001,gp_ei,37307.160712993995,300,6.885281154187396
cec2017,13,1,20265002,gp_ei,6819.595095093251,300,6.031429652124643
cec2017,13,1,20265003,gp_ei,12523.822160089003,300,5.869122128933668
cec2017,13,1,20265004,gp_ei,16232.049257886625,300,6.017967422027141
cec2017,13,1,20265006,gp_ei,13610.552876077516,300,6.588841049000621
cec2017,13,1,20265007,gp_ei,23163.22324208141,300,6.650867552962154
cec2017,13,1,20265008,gp_ei,27342.916676453304,300,6.495755675015971
cec2017,13,1,20265005,gp_ei,25098.5265282538,300,7.155613268027082
cec2017,13,1,20265009,gp_ei,16842.69082974329,300,6.999445080989972
cec2017,14,1,20265000,gp_ei,2421210.4651966523,300,7.0840830721426755
cec2017,14,1,20265001,gp_ei,1071577.1742151855,300,6.530804265057668
cec2017,14,1,20265002,gp_ei,3007238.776793881,300,6.533668695017695
cec2017,14,1,20265003,gp_ei,45316.183521453095,300,7.270140631124377
cec2017,14,1,20265006,gp_ei,203705.97015191568,300,6.997943575959653
cec2017,14,1,20265004,gp_ei,171984.43041694604,300,7.34963834984228
cec2017,14,1,20265005,gp_ei,1086529.5781878247,300,7.725901504047215
cec2017,14,1,20265007,gp_ei,110132.50993097629,300,7.664707411080599
cec2017,14,1,20265008,gp_ei,2405922.137316075,300,6.630807796027511
cec2017,14,1,20265009,gp_ei,567823.1051582377,300,6.435518234036863
cec2017,15,1,20265000,gp_ei,70193.0965113502,300,6.148818624904379
cec2017,15,1,20265002,gp_ei,36744.88484618741,300,6.648322282126173
cec2017,15,1,20265001,gp_ei,166445.8422115525,300,6.717328798957169
cec2017,15,1,20265003,gp_ei,496252.0328226043,300,6.800776019925252
cec2017,15,1,20265004,gp_ei,115258.57229403142,300,6.822003785986453
cec2017,15,1,20265006,gp_ei,35341.282539005144,300,6.062389021040872
cec2017,15,1,20265007,gp_ei,276064.4633259463,300,5.862823680974543
cec2017,15,1,20265005,gp_ei,186521.65492623608,300,6.926046186126769
cec2017,15,1,20265008,gp_ei,28987.834701204196,300,6.047135130967945
cec2017,16,1,20265000,gp_ei,29867.553727088623,300,6.9613687170203775
cec2017,15,1,20265009,gp_ei,72358.89863352047,300,7.594440458109602
cec2017,16,1,20265001,gp_ei,179579.17252466833,300,7.489872463978827
cec2017,16,1,20265004,gp_ei,6124.08407740271,300,6.439215009100735
cec2017,16,1,20265002,gp_ei,15514287.752359916,300,8.10253312299028
cec2017,16,1,20265003,gp_ei,17687.148217328664,300,7.544838077854365
cec2017,16,1,20265005,gp_ei,18713065.586020075,300,7.486974109895527
cec2017,16,1,20265006,gp_ei,174747366.45031992,300,6.773006635019556
cec2017,17,1,20265000,gp_ei,93861.66635769948,300,6.097621301189065
cec2017,16,1,20265008,gp_ei,499200.3285645028,300,7.173873980995268
cec2017,17,1,20265002,gp_ei,179160.231622735,300,6.397447978146374
cec2017,17,1,20265001,gp_ei,51797.87727508048,300,7.076075789984316
cec2017,16,1,20265007,gp_ei,98843.46894340421,300,9.1381970718503
cec2017,16,1,20265009,gp_ei,2140661.4719340834,300,8.602516934974119
cec2017,17,1,20265003,gp_ei,219402.97762600673,300,6.96862300299108
cec2017,17,1,20265004,gp_ei,150684.60366964864,300,6.471351618878543
cec2017,17,1,20265005,gp_ei,145754.07364795532,300,6.045990482904017
cec2017,17,1,20265006,gp_ei,120408.40824071651,300,6.896763952914625
cec2017,17,1,20265007,gp_ei,59181.44380391171,300,6.027109425980598
cec2017,17,1,20265009,gp_ei,47594.941101807446,300,6.835830628173426
cec2017,17,1,20265008,gp_ei,311195.34046304994,300,7.101900049019605
cec2017,18,1,20265000,gp_ei,53200264155.882324,300,6.770322109106928
cec2017,18,1,20265002,gp_ei,759649818.6181282,300,6.463462454965338
cec2017,18,1,20265001,gp_ei,5435752903.069542,300,6.923610080033541
cec2017,18,1,20265003,gp_ei,3565198778.3847303,300,6.335240211104974
cec2017,18,1,20265005,gp_ei,171656940.92584887,300,5.962846650974825
cec2017,18,1,20265004,gp_ei,1423834637.68203,300,6.328154461923987
cec2017,18,1,20265006,gp_ei,459724491.35808605,300,6.494249342940748
cec2017,18,1,20265008,gp_ei,139668592.5232648,300,6.565073534846306
cec2017,18,1,20265007,gp_ei,373714020.382976,300,6.700535824056715
cec2017,18,1,20265009,gp_ei,4261501925.6773405,300,6.261247568065301
cec2017,19,1,20265000,gp_ei,2698.0579740576654,300,6.719466893002391
cec2017,19,1,20265003,gp_ei,2430.421265153279,300,9.233627018984407
cec2017,19,1,20265001,gp_ei,3056.7172888924015,300,10.546515785856172
cec2017,19,1,20265002,gp_ei,3068.7524910942047,300,10.49729018798098
cec2017,19,1,20265008,gp_ei,3293.8920790004095,300,7.6428025690838695
cec2017,19,1,20265006,gp_ei,2408.9358461831216,300,10.199729923158884
cec2017,19,1,20265007,gp_ei,3365.9224444623815,300,10.38278062804602
cec2017,19,1,20265005,gp_ei,2339.434592452724,300,10.741177492076531
cec2017,19,1,20265004,gp_ei,2502.6079874221673,300,11.631293162936345
cec2017,20,1,20265000,gp_ei,2406.7177845338188,300,7.391752847004682
cec2017,20,1,20265001,gp_ei,2378.0950523715615,300,7.158960354048759
cec2017,20,1,20265003,gp_ei,3779.8120545487145,300,6.239661076106131
cec2017,20,1,20265002,gp_ei,2350.336595563152,300,7.990880192955956
cec2017,20,1,20265004,gp_ei,2368.8810846718834,300,6.792056696955115
cec2017,20,1,20265005,gp_ei,2310.0539489106864,300,7.768626105040312
cec2017,19,1,20265009,gp_ei,2852.8738460798468,300,11.76322873099707
cec2017,20,1,20265006,gp_ei,2360.9293206889506,300,7.920877295080572
cec2017,20,1,20265007,gp_ei,2539.185726013354,300,6.768134084995836
cec2017,20,1,20265008,gp_ei,2342.7934865650386,300,7.025450337911025
cec2017,20,1,20265009,gp_ei,2380.9160744935853,300,7.288396152900532
cec2017,21,1,20265001,gp_ei,2216.890997927324,300,6.83186797099188
cec2017,21,1,20265000,gp_ei,2218.715249421356,300,7.637468295870349
cec2017,21,1,20265002,gp_ei,2218.5735751944258,300,8.092717102961615
cec2017,21,1,20265004,gp_ei,2218.706458126761,300,7.952264043036848
cec2017,21,1,20265003,gp_ei,2217.5138805428446,300,8.182781378971413
cec2017,21,1,20265005,gp_ei,2218.1291661084542,300,6.855641853995621
cec2017,21,1,20265006,gp_ei,2216.26051428118,300,6.890812253812328
cec2017,21,1,20265008,gp_ei,2220.842433860381,300,7.410075473133475
cec2017,21,1,20265007,gp_ei,2218.5032938102354,300,7.963736376026645
cec2017,21,1,20265009,gp_ei,2218.9291077532243,300,8.808250474045053
cec2017,22,1,20265000,gp_ei,2637.2414129661656,300,7.962571506854147
cec2017,22,1,20265001,gp_ei,2836.910633021793,300,7.409918538061902
cec2017,22,1,20265002,gp_ei,2799.0510198665324,300,7.7926078389864415
cec2017,22,1,20265003,gp_ei,2728.9668345956097,300,6.949248282937333
cec2017,22,1,20265004,gp_ei,2676.0449584989283,300,7.876223297091201
cec2017,22,1,20265005,gp_ei,2780.1247291247914,300,6.932780568022281
cec2017,22,1,20265006,gp_ei,2788.7056486753577,300,8.099654084071517
cec2017,22,1,20265007,gp_ei,2714.1803330030107,300,8.785169003996998
cec2017,22,1,20265009,gp_ei,2630.3185066018896,300,7.709970636060461
cec2017,22,1,20265008,gp_ei,2676.4998769871627,300,8.507437695981935
cec2017,23,1,20265001,gp_ei,3264.453767389561,300,7.5152747319079936
cec2017,23,1,20265000,gp_ei,3244.315861418868,300,8.258634922094643
cec2017,23,1,20265002,gp_ei,3119.747506778913,300,7.698068718891591
cec2017,23,1,20265003,gp_ei,3282.667892543902,300,7.372355489060283
cec2017,23,1,20265004,gp_ei,3228.5049212706526,300,7.879823478870094
cec2017,23,1,20265006,gp_ei,2930.1655942424118,300,7.748682451900095
cec2017,23,1,20265008,gp_ei,3145.9632354152745,300,6.846437233034521
cec2017,23,1,20265005,gp_ei,3171.893980960531,300,8.289858765900135
cec2017,24,1,20265000,gp_ei,3256.717189312636,300,5.483594675082713
cec2017,23,1,20265009,gp_ei,3195.1841857553495,300,7.288315468933433
cec2017,23,1,20265007,gp_ei,3149.248448957759,300,7.7024314978625625
cec2017,24,1,20265001,gp_ei,2900.24680713557,300,7.491506309015676
cec2017,24,1,20265002,gp_ei,2941.722442760286,300,5.876013370929286
cec2017,24,1,20265004,gp_ei,2917.3688102935726,300,6.367190518183634
cec2017,24,1,20265006,gp_ei,2898.0167557755994,300,7.494231596123427
cec2017,24,1,20265003,gp_ei,2928.074932628125,300,8.412779185920954
cec2017,24,1,20265008,gp_ei,2895.3136100589304,300,7.922508115181699
cec2017,24,1,20265005,gp_ei,2918.4411166286036,300,8.71028931811452
cec2017,24,1,20265007,gp_ei,2920.883524001804,300,8.949974896153435
cec2017,24,1,20265009,gp_ei,2931.867930431676,300,7.884348111925647
cec2017,25,1,20265000,gp_ei,2995.613720222714,300,7.624107720796019
cec2017,25,1,20265001,gp_ei,2989.5180846552676,300,8.356646342901513
cec2017,25,1,20265002,gp_ei,3003.8612371871423,300,9.008052421966568
cec2017,25,1,20265004,gp_ei,2977.8620372294668,300,8.487648379988968
cec2017,25,1,20265003,gp_ei,3086.898299970877,300,10.608300420921296
cec2017,25,1,20265006,gp_ei,2989.604530893104,300,9.999741233885288
cec2017,25,1,20265005,gp_ei,2986.7223245054483,300,10.82106859702617
cec2017,25,1,20265007,gp_ei,3000.9012310054522,300,10.310718943132088
cec2017,25,1,20265008,gp_ei,3007.305978055377,300,10.994048850145191
cec2017,25,1,20265009,gp_ei,3006.710991332155,300,9.68306507798843
cec2017,26,1,20265000,gp_ei,3004.330069237861,300,9.900636614998803
cec2017,26,1,20265001,gp_ei,3006.38362172046,300,10.454759193118662
cec2017,26,1,20265002,gp_ei,3003.1525604336416,300,9.207006838172674
cec2017,26,1,20265003,gp_ei,2999.1470100113183,300,8.974411547882482
cec2017,26,1,20265004,gp_ei,3006.2716703618576,300,9.396857779007405
cec2017,26,1,20265005,gp_ei,3005.401904441353,300,8.420870488975197
cec2017,26,1,20265006,gp_ei,3006.213539842617,300,8.530842358944938
cec2017,26,1,20265007,gp_ei,3006.847963233038,300,7.267134013120085
cec2017,26,1,20265009,gp_ei,3002.3384007864697,300,7.787605187157169
cec2017,26,1,20265008,gp_ei,3008.055454911569,300,8.772811107104644
cec2017,27,1,20265000,gp_ei,2894.6333742237525,300,8.202940481016412
cec2017,27,1,20265001,gp_ei,2956.527756811726,300,8.209700268926099
cec2017,27,1,20265003,gp_ei,2907.360062825506,300,7.238837883807719
cec2017,27,1,20265002,gp_ei,3184.495972988251,300,8.398047111928463
cec2017,27,1,20265005,gp_ei,2893.9082789083836,300,6.949298806954175
cec2017,27,1,20265004,gp_ei,3090.6958638529954,300,8.487255807965994
cec2017,27,1,20265006,gp_ei,3092.8577316359183,300,7.470785025972873
cec2017,27,1,20265007,gp_ei,2891.187628071113,300,7.901708671823144
cec2017,28,1,20265000,gp_ei,71930232.25574711,300,7.057127413107082
cec2017,28,1,20265001,gp_ei,11944023.4715315,300,6.87055893894285
cec2017,28,1,20265002,gp_ei,11942486.075043613,300,6.153253595111892
cec2017,27,1,20265008,gp_ei,3095.7750394228497,300,8.493009973084554
cec2017,27,1,20265009,gp_ei,3194.49593511885,300,8.951950499089435
cec2017,28,1,20265003,gp_ei,10746.399145522584,300,7.965536389034241
cec2017,28,1,20265005,gp_ei,7230555.112953529,300,6.415233581094071
cec2017,28,1,20265004,gp_ei,57345012.75125821,300,7.632289158878848
cec2017,28,1,20265007,gp_ei,56407257.72720906,300,7.670819408027455
cec2017,28,1,20265006,gp_ei,55974256.67150703,300,8.057873399928212
cec2017,28,1,20265008,gp_ei,1669182.4306625505,300,7.816752127138898
cec2017,28,1,20265009,gp_ei,456851.31089417246,300,8.213433330180123
cec2017,29,1,20265000,gp_ei,2558051439.5907016,300,7.469563517952338
cec2017,29,1,20265001,gp_ei,1516043562.0182185,300,7.865458017913625
cec2017,29,1,20265002,gp_ei,589990418.7343826,300,6.469339729985222
cec2017,29,1,20265006,gp_ei,634206683.0962479,300,6.358395695919171
cec2017,29,1,20265005,gp_ei,104091341.10963914,300,6.844710051082075
cec2017,29,1,20265003,gp_ei,4210553811.213615,300,9.313463115133345
cec2017,29,1,20265004,gp_ei,2139900978.40432,300,7.996004755143076
cec2017,29,1,20265008,gp_ei,141553838.48889548,300,6.783705472014844
cec2017,29,1,20265007,gp_ei,1292403629.5337167,300,7.306169540854171
cec2017,29,1,20265009,gp_ei,1826374243.7996202,300,6.026023871032521
