suite,fid,instance,seed,method,final,actual_nfe,reported_fes,seconds
coco,1,101,20265000,surr_rlde,-7.695747352630805,300,300,0.03310646186582744
coco,1,101,20265001,surr_rlde,-5.201712831972525,300,300,0.07064680499024689
coco,1,101,20265002,surr_rlde,-6.626717758516342,300,300,0.07017876300960779
coco,1,101,20265003,surr_rlde,-11.401938330424837,300,300,0.056321158073842525
coco,1,101,20265005,surr_rlde,-11.14525792993515,300,300,0.07332951901480556
coco,1,101,20265007,surr_rlde,-15.206352190122669,300,300,0.06867601908743382
coco,1,101,20265006,surr_rlde,-10.460978912983121,300,300,0.034618851961568
coco,1,101,20265004,surr_rlde,-11.465409550440077,300,300,0.08051419188268483
coco,1,102,20265000,surr_rlde,1016.658577574808,300,300,0.035795147996395826
coco,1,101,20265009,surr_rlde,1.9741953166095385,300,300,0.054468560963869095
coco,1,101,20265008,surr_rlde,-14.19222557746505,300,300,0.08901301585137844
coco,1,102,20265002,surr_rlde,1005.6546685458122,300,300,0.044763240963220596
coco,1,102,20265001,surr_rlde,1005.4632859515511,300,300,0.04848982905969024
coco,1,102,20265004,surr_rlde,1006.5904367486181,300,300,0.05135872308164835
coco,1,102,20265003,surr_rlde,1012.7651816235905,300,300,0.05372534808702767
coco,1,102,20265005,surr_rlde,1012.848014844091,300,300,0.07286440092138946
coco,1,102,20265006,surr_rlde,1013.8194031978662,300,300,0.06455854489468038
coco,1,102,20265008,surr_rlde,1009.7848513155006,300,300,0.05962698697112501
coco,1,102,20265009,surr_rlde,1022.9376622703966,300,300,0.0581981788855046
coco,2,101,20265002,surr_rlde,24639.910776956767,300,300,0.05286329402588308
coco,1,102,20265007,surr_rlde,1012.5606774589988,300,300,0.08361830515787005
coco,2,101,20265000,surr_rlde,27710.960116048955,300,300,0.06853109085932374
coco,2,101,20265003,surr_rlde,179939.65358380284,300,300,0.04525029216893017
coco,2,101,20265001,surr_rlde,178775.01635358404,300,300,0.07421829388476908
coco,2,101,20265004,surr_rlde,23707.68434615643,300,300,0.06448418996296823
coco,2,101,20265006,surr_rlde,20208.65358355674,300,300,0.053024752996861935
coco,2,101,20265005,surr_rlde,41997.32301224817,300,300,0.06755056697875261
coco,2,101,20265009,surr_rlde,102041.98933977963,300,300,0.04935202794149518
coco,2,101,20265007,surr_rlde,22966.824189089137,300,300,0.06192008196376264
coco,2,101,20265008,surr_rlde,96171.06725342278,300,300,0.05398496310226619
coco,2,102,20265000,surr_rlde,68201.66292091255,300,300,0.05720837693661451
coco,2,102,20265001,surr_rlde,44635.35600914877,300,300,0.06299366406165063
coco,2,102,20265003,surr_rlde,14718.809741763067,300,300,0.04391845501959324
coco,2,102,20265004,surr_rlde,28362.119356504736,300,300,0.043400929076597095
coco,2,102,20265006,surr_rlde,45647.06523910731,300,300,0.0376149658113718
coco,2,102,20265005,surr_rlde,38205.41804313884,300,300,0.0519579139072448
coco,2,102,20265002,surr_rlde,23328.62876422749,300,300,0.0803808611817658
coco,2,102,20265008,surr_rlde,39167.24067872382,300,300,0.05116751114837825
coco,2,102,20265007,surr_rlde,60772.11962116701,300,300,0.06653196411207318
coco,2,102,20265009,surr_rlde,122187.77453017296,300,300,0.0585305979475379
coco,3,101,20265000,surr_rlde,239.28261876515674,300,300,0.04038112098351121
coco,3,101,20265004,surr_rlde,216.20019753126178,300,300,0.036995439790189266
coco,3,101,20265002,surr_rlde,242.68516464936766,300,300,0.05474331695586443
coco,3,101,20265001,surr_rlde,243.09846453680126,300,300,0.06277573993429542
coco,3,101,20265005,surr_rlde,255.25773732405503,300,300,0.043268814915791154
coco,3,101,20265003,surr_rlde,196.18322473825452,300,300,0.06866234797053039
coco,3,101,20265006,surr_rlde,261.84658353312784,300,300,0.04800241719931364
coco,3,101,20265009,surr_rlde,215.47303059191418,300,300,0.045424265088513494
coco,3,101,20265007,surr_rlde,235.6107826135087,300,300,0.058959909016266465
coco,3,101,20265008,surr_rlde,233.55952537114632,300,300,0.06363269197754562
coco,3,102,20265001,surr_rlde,203.23137715692854,300,300,0.036164629040285945
coco,3,102,20265000,surr_rlde,223.96054019482523,300,300,0.05361100588925183
coco,3,102,20265003,surr_rlde,184.84873076461423,300,300,0.05511389998719096
coco,3,102,20265002,surr_rlde,294.4516263119428,300,300,0.0703333429992199
coco,3,102,20265004,surr_rlde,224.67639327132224,300,300,0.06860100897029042
coco,3,102,20265005,surr_rlde,260.6505507934748,300,300,0.06075666891410947
coco,3,102,20265008,surr_rlde,243.4216712159547,300,300,0.04876016010530293
coco,3,102,20265006,surr_rlde,276.34871214414335,300,300,0.06026513711549342
coco,3,102,20265007,surr_rlde,198.28980977682036,300,300,0.061350977048277855
coco,3,102,20265009,surr_rlde,238.30686696795863,300,300,0.05786288087256253
coco,4,101,20265001,surr_rlde,284.6573441614962,300,300,0.04760337504558265
coco,4,101,20265000,surr_rlde,222.32396553794493,300,300,0.06352305505424738
coco,4,101,20265002,surr_rlde,286.9416625918798,300,300,0.053029052913188934
coco,4,101,20265003,surr_rlde,250.20073568792725,300,300,0.05795716098509729
coco,4,101,20265004,surr_rlde,269.9121729838711,300,300,0.05378281185403466
coco,4,101,20265006,surr_rlde,328.5988398750242,300,300,0.05082214996218681
coco,4,101,20265007,surr_rlde,270.0381680484486,300,300,0.050595471169799566
coco,4,101,20265009,surr_rlde,245.37370864806343,300,300,0.03545565600506961
coco,4,101,20265005,surr_rlde,360.92588964772983,300,300,0.07266457006335258
coco,4,101,20265008,surr_rlde,348.6300475998828,300,300,0.061342719942331314
coco,4,102,20265003,surr_rlde,245.17786596428704,300,300,0.03572337981313467
coco,4,102,20265001,surr_rlde,207.49607171656606,300,300,0.05530436406843364
coco,4,102,20265004,surr_rlde,257.5951677128217,300,300,0.04573229304514825
coco,4,102,20265007,surr_rlde,194.66613750009486,300,300,0.026641654083505273
coco,4,102,20265000,surr_rlde,280.8437837251566,300,300,0.07550751906819642
coco,4,102,20265002,surr_rlde,233.13789221511774,300,300,0.07160919695161283
coco,4,102,20265005,surr_rlde,292.15036204660765,300,300,0.06572367693297565
coco,4,102,20265006,surr_rlde,258.3676191246815,300,300,0.0736209568567574
coco,4,102,20265008,surr_rlde,259.7564959605627,300,300,0.045283825835213065
coco,4,102,20265009,surr_rlde,303.17163133760323,300,300,0.035643924959003925
coco,5,101,20265001,surr_rlde,-954.6019244739972,300,300,0.046095131896436214
coco,5,101,20265002,surr_rlde,-963.4007060658528,300,300,0.05152735114097595
coco,5,101,20265003,surr_rlde,-959.9770220495182,300,300,0.05805024108849466
coco,5,101,20265004,surr_rlde,-958.2322648405977,300,300,0.048208924010396004
coco,5,101,20265000,surr_rlde,-956.1841714298135,300,300,0.07342929998412728
coco,5,101,20265005,surr_rlde,-938.8146845714166,300,300,0.04175090882927179
coco,5,101,20265006,surr_rlde,-956.4439662699363,300,300,0.059703417122364044
coco,5,101,20265007,surr_rlde,-938.5063924540234,300,300,0.05279756407253444
coco,5,101,20265008,surr_rlde,-954.5040731538271,300,300,0.04352361103519797
coco,5,101,20265009,surr_rlde,-935.332077145511,300,300,0.06090577784925699
coco,5,102,20265000,surr_rlde,-64.50105997847398,300,300,0.05358019913546741
coco,5,102,20265002,surr_rlde,-51.638477727548114,300,300,0.04417617409490049
coco,5,102,20265003,surr_rlde,-63.579909502868084,300,300,0.039317924063652754
coco,5,102,20265001,surr_rlde,-44.63355916254154,300,300,0.07055014581419528
coco,5,102,20265006,surr_rlde,-61.41267640808739,300,300,0.04813576187007129
coco,5,102,20265007,surr_rlde,-55.605127739382645,300,300,0.03394927806220949
coco,5,102,20265005,surr_rlde,-49.24000227304474,300,300,0.06090839998796582
coco,5,102,20265008,surr_rlde,-29.52540290290257,300,300,0.04571928200311959
coco,5,102,20265004,surr_rlde,-53.27835196951613,300,300,0.08447897690348327
coco,6,101,20265000,surr_rlde,25901.65561176563,300,300,0.04918363690376282
coco,6,101,20265001,surr_rlde,65653.75880585273,300,300,0.06015816517174244
coco,5,102,20265009,surr_rlde,-61.562281245900536,300,300,0.08089767000637949
coco,6,101,20265002,surr_rlde,21490.186460536643,300,300,0.05910285213030875
coco,6,101,20265006,surr_rlde,45190.14222351332,300,300,0.0500623828265816
coco,6,101,20265003,surr_rlde,11151.47441881896,300,300,0.08251118287444115
coco,6,101,20265005,surr_rlde,18615.761360209992,300,300,0.0801031650044024
coco,6,101,20265007,surr_rlde,53861.80649092545,300,300,0.08003204804845154
coco,6,101,20265004,surr_rlde,24830.66222141442,300,300,0.09776752884499729
coco,6,101,20265008,surr_rlde,62013.3941694988,300,300,0.059682601829990745
coco,6,101,20265009,surr_rlde,5923.326498757134,300,300,0.07805086486041546
coco,6,102,20265000,surr_rlde,117.84953447204256,300,300,0.07206677505746484
coco,6,102,20265002,surr_rlde,4542.109423628319,300,300,0.06051802495494485
coco,6,102,20265001,surr_rlde,41.58819688349871,300,300,0.09011419001035392
coco,6,102,20265004,surr_rlde,107.89835264850532,300,300,0.059723861049860716
coco,6,102,20265003,surr_rlde,129.91504698480193,300,300,0.07931917090900242
coco,6,102,20265006,surr_rlde,3674.3772600316315,300,300,0.06886374508030713
coco,6,102,20265008,surr_rlde,1962.596246607543,300,300,0.05820524413138628
coco,6,102,20265007,surr_rlde,134.1643167058952,300,300,0.06970145693048835
coco,6,102,20265005,surr_rlde,63.77212054301996,300,300,0.09323273412883282
coco,6,102,20265009,surr_rlde,24651.50960533846,300,300,0.05776995909400284
coco,7,101,20265000,surr_rlde,-141.2060634526266,300,300,0.05343871400691569
coco,7,101,20265001,surr_rlde,-168.85639692558576,300,300,0.04774872399866581
coco,7,101,20265004,surr_rlde,-176.98528585829817,300,300,0.06298214197158813
coco,7,101,20265002,surr_rlde,-169.71498732047314,300,300,0.06922381604090333
coco,7,101,20265003,surr_rlde,-145.04783659997804,300,300,0.07981725898571312
coco,7,101,20265005,surr_rlde,-159.39204455587543,300,300,0.057082405081018806
coco,7,101,20265006,surr_rlde,-172.98480655203244,300,300,0.07854058896191418
coco,7,101,20265007,surr_rlde,-145.29051373364183,300,300,0.08002243610098958
coco,7,101,20265009,surr_rlde,-155.38744855784233,300,300,0.06348622916266322
coco,7,101,20265008,surr_rlde,-199.05713078412703,300,300,0.07750663696788251
coco,7,102,20265000,surr_rlde,-266.73059759221843,300,300,0.04423285601660609
coco,7,102,20265002,surr_rlde,-293.62315763155385,300,300,0.05209556198678911
coco,7,102,20265003,surr_rlde,-237.13083160767883,300,300,0.04823724995367229
coco,7,102,20265004,surr_rlde,-279.3494849810221,300,300,0.04061845992691815
coco,7,102,20265001,surr_rlde,-265.2668574774118,300,300,0.07846256298944354
coco,7,102,20265005,surr_rlde,-278.68128930615194,300,300,0.05894826608709991
coco,7,102,20265006,surr_rlde,-288.54659906068684,300,300,0.05180076998658478
coco,7,102,20265008,surr_rlde,-200.52189138090893,300,300,0.045714979991316795
coco,7,102,20265009,surr_rlde,-231.4011998220899,300,300,0.055389560060575604
coco,8,101,20265002,surr_rlde,2387.03404818272,300,300,0.04386068321764469
coco,7,102,20265007,surr_rlde,-297.0205643752636,300,300,0.07446879078634083
coco,8,101,20265000,surr_rlde,919.2253857524798,300,300,0.07868548203259706
coco,8,101,20265001,surr_rlde,8576.838313061695,300,300,0.07649559108540416
coco,8,101,20265004,surr_rlde,1667.1131786858227,300,300,0.048710139002650976
coco,8,101,20265005,surr_rlde,2508.1879158917036,300,300,0.046244206838309765
coco,8,101,20265003,surr_rlde,17943.659369872104,300,300,0.05954356980510056
coco,8,101,20265009,surr_rlde,2258.2428010185877,300,300,0.061333672143518925
coco,8,101,20265008,surr_rlde,1361.56504125316,300,300,0.061687408946454525
coco,8,101,20265007,surr_rlde,2281.7121329065767,300,300,0.06519761704839766
coco,8,101,20265006,surr_rlde,4261.320544730777,300,300,0.09728361899033189
coco,8,102,20265001,surr_rlde,760.2905281431008,300,300,0.0580821200273931
coco,8,102,20265002,surr_rlde,4764.013851277697,300,300,0.07366859610192478
coco,8,102,20265003,surr_rlde,1354.0508671496157,300,300,0.0742472258862108
coco,8,102,20265000,surr_rlde,3038.4456336491735,300,300,0.08230654895305634
coco,8,102,20265004,surr_rlde,5114.1667782402255,300,300,0.047864380991086364
coco,8,102,20265005,surr_rlde,693.051095495378,300,300,0.05024949391372502
coco,8,102,20265006,surr_rlde,1188.955032941456,300,300,0.05323197087273002
coco,8,102,20265007,surr_rlde,2768.7540717639617,300,300,0.05657261796295643
coco,9,101,20265000,surr_rlde,8152.116906575752,300,300,0.032574339071288705
coco,8,102,20265008,surr_rlde,4163.485928960976,300,300,0.06524472194723785
coco,8,102,20265009,surr_rlde,1878.9563946665635,300,300,0.042440625838935375
coco,9,101,20265003,surr_rlde,3340.3025146079144,300,300,0.05049461801536381
coco,9,101,20265002,surr_rlde,427.1865612212393,300,300,0.0537613769993186
coco,9,101,20265004,surr_rlde,4818.067141079553,300,300,0.051647240994498134
coco,9,101,20265001,surr_rlde,819.0002378531901,300,300,0.08568554604426026
coco,9,101,20265005,surr_rlde,6740.867530013174,300,300,0.05320855602622032
coco,9,101,20265008,surr_rlde,3244.8485508868666,300,300,0.04798466898500919
coco,9,101,20265007,surr_rlde,273.600933144707,300,300,0.07033809809945524
coco,9,102,20265001,surr_rlde,4192.962444251809,300,300,0.048223681980744004
coco,9,101,20265009,surr_rlde,3205.519146033346,300,300,0.07008092594332993
coco,9,102,20265000,surr_rlde,1556.5684002005748,300,300,0.07180808088742197
coco,9,101,20265006,surr_rlde,4409.231407821533,300,300,0.10313149518333375
coco,9,102,20265002,surr_rlde,4698.987382468831,300,300,0.07644763588905334
coco,9,102,20265003,surr_rlde,2628.3324968724996,300,300,0.08907290897332132
coco,9,102,20265005,surr_rlde,2016.1297601996862,300,300,0.05574481398798525
coco,9,102,20265004,surr_rlde,1795.0227794970187,300,300,0.09928014408797026
coco,9,102,20265009,surr_rlde,4760.035687924306,300,300,0.05337301199324429
coco,9,102,20265007,surr_rlde,1297.2322392803894,300,300,0.0669531119056046
coco,9,102,20265008,surr_rlde,3734.168211015749,300,300,0.06230903114192188
coco,9,102,20265006,surr_rlde,7782.46668830634,300,300,0.08543835207819939
coco,10,101,20265001,surr_rlde,116338.66583877405,300,300,0.040536881890147924
coco,10,101,20265000,surr_rlde,18184.140468415986,300,300,0.06852043815888464
coco,10,101,20265002,surr_rlde,20671.961941930622,300,300,0.07867033989168704
coco,10,101,20265006,surr_rlde,91586.68788859333,300,300,0.059158308897167444
coco,10,101,20265003,surr_rlde,83674.6256362377,300,300,0.06733936490491033
coco,10,101,20265004,surr_rlde,211479.11226996648,300,300,0.06928452686406672
coco,10,101,20265005,surr_rlde,105581.5249756223,300,300,0.07424722099676728
coco,10,101,20265007,surr_rlde,175200.7552864191,300,300,0.07166690612211823
coco,10,101,20265009,surr_rlde,46383.19694169219,300,300,0.06638831901364028
coco,10,101,20265008,surr_rlde,74828.82204158518,300,300,0.07494299486279488
coco,10,102,20265000,surr_rlde,92980.47461633573,300,300,0.07222983799874783
coco,10,102,20265002,surr_rlde,44438.921283796335,300,300,0.05606655403971672
coco,10,102,20265004,surr_rlde,76934.8302008533,300,300,0.04627616610378027
coco,10,102,20265001,surr_rlde,474530.9838075555,300,300,0.07502633612602949
coco,10,102,20265007,surr_rlde,102381.43511730125,300,300,0.04389274399727583
coco,10,102,20265003,surr_rlde,218993.70870834403,300,300,0.07251439988613129
coco,10,102,20265006,surr_rlde,107085.78092037694,300,300,0.0565805840305984
coco,10,102,20265005,surr_rlde,158494.164491026,300,300,0.07792973006144166
coco,10,102,20265009,surr_rlde,434234.66251248354,300,300,0.05610176082700491
coco,11,101,20265001,surr_rlde,169.77546474450307,300,300,0.05697925901040435
coco,11,101,20265002,surr_rlde,303.82577659430734,300,300,0.04802776989527047
coco,11,101,20265003,surr_rlde,166.92691364752272,300,300,0.055233421036973596
coco,10,102,20265008,surr_rlde,321611.0277379064,300,300,0.09345330717042089
coco,11,101,20265004,surr_rlde,92.3098396428723,300,300,0.05222809314727783
coco,11,101,20265000,surr_rlde,182.34228634657987,300,300,0.08459022198803723
coco,11,101,20265005,surr_rlde,184.89986555326533,300,300,0.0765829540323466
coco,11,101,20265006,surr_rlde,201.1595490273864,300,300,0.04546841699630022
coco,11,101,20265007,surr_rlde,71.18587784449721,300,300,0.07663286593742669
coco,11,101,20265008,surr_rlde,808.2484096008068,300,300,0.08068064297549427
coco,11,101,20265009,surr_rlde,225.51857828595524,300,300,0.07646510796621442
coco,11,102,20265002,surr_rlde,-648.9207329431601,300,300,0.06160378083586693
coco,11,102,20265000,surr_rlde,-665.5737034867212,300,300,0.07343954197131097
coco,11,102,20265003,surr_rlde,-502.48009395323,300,300,0.048361273016780615
coco,11,102,20265001,surr_rlde,-685.4809371357087,300,300,0.07691796286962926
coco,11,102,20265004,surr_rlde,-691.8134136994199,300,300,0.07148781209252775
coco,11,102,20265005,surr_rlde,-732.0087813672071,300,300,0.05465639918111265
coco,11,102,20265007,surr_rlde,-631.8072417592534,300,300,0.05240480392239988
coco,12,101,20265001,surr_rlde,15840720.731222784,300,300,0.04977863887324929
coco,12,101,20265000,surr_rlde,3910087.853924584,300,300,0.053018887992948294
coco,11,102,20265006,surr_rlde,-581.8647725894989,300,300,0.06446875492110848
coco,11,102,20265008,surr_rlde,-697.5898878647348,300,300,0.0675889840349555
coco,11,102,20265009,surr_rlde,-642.1328574104571,300,300,0.07351372088305652
coco,12,101,20265002,surr_rlde,22757188.88119024,300,300,0.06929282005876303
coco,12,101,20265003,surr_rlde,3885965.583891914,300,300,0.07868833793327212
coco,12,101,20265008,surr_rlde,5450389.837602034,300,300,0.04308829316869378
coco,12,101,20265009,surr_rlde,13294079.307142781,300,300,0.04055375489406288
coco,12,101,20265005,surr_rlde,8175242.949571136,300,300,0.05783173395320773
coco,12,101,20265004,surr_rlde,6327435.000067138,300,300,0.07764072110876441
coco,12,101,20265006,surr_rlde,19456714.413416736,300,300,0.06704992591403425
coco,12,101,20265007,surr_rlde,10329102.225415215,300,300,0.07321192789822817
coco,12,102,20265000,surr_rlde,17575752.630145133,300,300,0.07610667287372053
coco,12,102,20265002,surr_rlde,18444331.620479085,300,300,0.052399944979697466
coco,12,102,20265001,surr_rlde,7103835.59020463,300,300,0.06938660400919616
coco,12,102,20265006,surr_rlde,17032111.50948271,300,300,0.04913553106598556
coco,12,102,20265003,surr_rlde,4875701.499664328,300,300,0.062031554989516735
coco,12,102,20265004,surr_rlde,11614957.07394738,300,300,0.07056498504243791
coco,12,102,20265005,surr_rlde,23604080.711228244,300,300,0.08599834609776735
coco,12,102,20265007,surr_rlde,4324557.39403247,300,300,0.07870539091527462
coco,12,102,20265009,surr_rlde,15515756.60465938,300,300,0.047425016993656754
coco,13,101,20265001,surr_rlde,778.2853149273403,300,300,0.04886157694272697
coco,13,101,20265000,surr_rlde,768.9218614745954,300,300,0.05612303107045591
coco,12,102,20265008,surr_rlde,3119617.720009033,300,300,0.06854188302531838
coco,13,101,20265002,surr_rlde,629.7566220876719,300,300,0.05460139294154942
coco,13,101,20265004,surr_rlde,640.2609540751297,300,300,0.04411170585080981
coco,13,101,20265003,surr_rlde,692.6087061524602,300,300,0.07930354098789394
coco,13,101,20265007,surr_rlde,499.50913483145393,300,300,0.05595221510156989
coco,13,101,20265005,surr_rlde,469.0744993900714,300,300,0.10184491286054254
coco,13,102,20265000,surr_rlde,746.5331497638406,300,300,0.0686646040994674
coco,13,101,20265006,surr_rlde,637.64677263544,300,300,0.08740497310645878
coco,13,101,20265008,surr_rlde,638.5164703742178,300,300,0.0814205699134618
coco,13,102,20265001,surr_rlde,485.27735075946566,300,300,0.05747292307205498
coco,13,101,20265009,surr_rlde,805.9926243343417,300,300,0.07964166696183383
coco,13,102,20265006,surr_rlde,646.3054046964,300,300,0.039375065825879574
coco,13,102,20265002,surr_rlde,670.523395147046,300,300,0.09497413411736488
coco,13,102,20265003,surr_rlde,574.5592165227996,300,300,0.08357551391236484
coco,13,102,20265005,surr_rlde,655.5076790963918,300,300,0.0717381639406085
coco,13,102,20265007,surr_rlde,565.0726302905128,300,300,0.07144315587356687
coco,13,102,20265009,surr_rlde,644.5675288488977,300,300,0.0728204979095608
coco,13,102,20265004,surr_rlde,563.3317585109781,300,300,0.0800574840977788
coco,13,102,20265008,surr_rlde,394.76078351733963,300,300,0.08073699893429875
coco,14,101,20265000,surr_rlde,-78.88210848032858,300,300,0.058649918995797634
coco,14,101,20265001,surr_rlde,-74.16636453573359,300,300,0.06279679597355425
coco,14,101,20265006,surr_rlde,-84.84123422879843,300,300,0.04622060293331742
coco,14,101,20265004,surr_rlde,-81.24764231665942,300,300,0.06145950802601874
coco,14,101,20265002,surr_rlde,-79.06661931744652,300,300,0.07771226298063993
coco,14,101,20265005,surr_rlde,-84.84665174288824,300,300,0.07129286485724151
coco,14,101,20265003,surr_rlde,-86.10636288562353,300,300,0.08985644881613553
coco,14,101,20265007,surr_rlde,-81.17786108533103,300,300,0.07858005189336836
coco,14,101,20265008,surr_rlde,-85.38084481436238,300,300,0.06561644491739571
coco,14,101,20265009,surr_rlde,-83.90945245370008,300,300,0.04285946302115917
coco,14,102,20265001,surr_rlde,-326.20717155851236,300,300,0.0581812949385494
coco,14,102,20265002,surr_rlde,-331.3806753167436,300,300,0.057538144988939166
coco,14,102,20265000,surr_rlde,-331.4843517944741,300,300,0.07563125505112112
coco,14,102,20265006,surr_rlde,-332.04200042512366,300,300,0.0425589201040566
coco,14,102,20265003,surr_rlde,-331.4306975230823,300,300,0.06188280996866524
coco,14,102,20265005,surr_rlde,-327.1348185896424,300,300,0.055109662003815174
coco,14,102,20265004,surr_rlde,-330.8481196723878,300,300,0.06807583710178733
coco,14,102,20265007,surr_rlde,-328.10948973190204,300,300,0.06554290489293635
coco,14,102,20265009,surr_rlde,-330.1178134907324,300,300,0.07029117201454937
coco,14,102,20265008,surr_rlde,-322.88280386834515,300,300,0.07218074100092053
coco,15,101,20265005,surr_rlde,1146.664893116813,300,300,0.037851342000067234
coco,15,101,20265000,surr_rlde,1081.1674225423776,300,300,0.06183900008909404
coco,15,101,20265002,surr_rlde,1115.041070466649,300,300,0.061672099865972996
coco,15,101,20265003,surr_rlde,1121.9357696474735,300,300,0.07488091685809195
coco,15,101,20265001,surr_rlde,1158.413242948299,300,300,0.08495819289237261
coco,15,101,20265004,surr_rlde,1131.886971771365,300,300,0.09303254703991115
coco,15,101,20265008,surr_rlde,1103.8365595682517,300,300,0.07310165301896632
coco,15,101,20265006,surr_rlde,1123.54993541609,300,300,0.07779201213270426
coco,15,102,20265000,surr_rlde,-226.26717256471258,300,300,0.06375281605869532
coco,15,102,20265002,surr_rlde,-284.37299159573854,300,300,0.05290749203413725
coco,15,101,20265007,surr_rlde,1146.9176011566217,300,300,0.089202401926741
coco,15,102,20265001,surr_rlde,-241.1240354062951,300,300,0.06323234690353274
coco,15,101,20265009,surr_rlde,1145.1122799270888,300,300,0.0926428041420877
coco,15,102,20265003,surr_rlde,-176.35580407813745,300,300,0.06672120606526732
coco,15,102,20265006,surr_rlde,-258.29510580102306,300,300,0.0515091170091182
coco,15,102,20265008,surr_rlde,-260.46559099793626,300,300,0.03957651415839791
coco,15,102,20265005,surr_rlde,-240.06951478624165,300,300,0.0648492609616369
coco,15,102,20265004,surr_rlde,-244.53384061902767,300,300,0.07382287294603884
coco,15,102,20265009,surr_rlde,-243.07712114240962,300,300,0.0672474519815296
coco,15,102,20265007,surr_rlde,-232.10076385401732,300,300,0.0694596148096025
coco,16,101,20265001,surr_rlde,-75.11094859645772,300,300,0.0757014281116426
coco,16,101,20265004,surr_rlde,-63.00382394390356,300,300,0.04999090498313308
coco,16,101,20265000,surr_rlde,-63.815981015839526,300,300,0.09988145902752876
coco,16,101,20265003,surr_rlde,-66.77593442543407,300,300,0.06269072508439422
coco,16,101,20265002,surr_rlde,-69.46898137757631,300,300,0.08153711585327983
coco,16,101,20265005,surr_rlde,-79.74854915529272,300,300,0.0822380599565804
coco,16,101,20265007,surr_rlde,-74.10028617053634,300,300,0.07738649914972484
coco,16,101,20265006,surr_rlde,-70.2010245252703,300,300,0.07204773998819292
coco,16,101,20265008,surr_rlde,-75.59986619610422,300,300,0.06000199215486646
coco,16,102,20265000,surr_rlde,28.482668826472526,300,300,0.04869386996142566
coco,16,102,20265001,surr_rlde,34.91152536010417,300,300,0.06931467400863767
coco,16,102,20265002,surr_rlde,25.293300336752594,300,300,0.05665580998174846
coco,16,101,20265009,surr_rlde,-76.13961276995184,300,300,0.09585640393197536
coco,16,102,20265005,surr_rlde,27.062879575673392,300,300,0.06348994397558272
coco,16,102,20265003,surr_rlde,37.61168084312487,300,300,0.07079828507266939
coco,16,102,20265006,surr_rlde,35.68399757260809,300,300,0.042645733105018735
coco,16,102,20265004,surr_rlde,33.001337604597445,300,300,0.07807689812034369
coco,16,102,20265007,surr_rlde,26.712470674464647,300,300,0.06301476806402206
coco,16,102,20265009,surr_rlde,24.523624746490214,300,300,0.04936744295991957
coco,16,102,20265008,surr_rlde,22.294683126062647,300,300,0.08393902913667262
coco,17,101,20265001,surr_rlde,40.0846622029461,300,300,0.05382546805776656
coco,17,101,20265004,surr_rlde,42.4122625733095,300,300,0.043034969829022884
coco,17,101,20265003,surr_rlde,41.06966812698275,300,300,0.05570408492349088
coco,17,101,20265000,surr_rlde,40.67381969656561,300,300,0.06775548495352268
coco,17,101,20265005,surr_rlde,41.6504234378869,300,300,0.05653137993067503
coco,17,101,20265002,surr_rlde,39.86705355170686,300,300,0.07976098405197263
coco,17,101,20265006,surr_rlde,40.111625100744746,300,300,0.06274848501197994
coco,17,102,20265000,surr_rlde,-57.432167043513445,300,300,0.04486372112296522
coco,17,101,20265007,surr_rlde,40.93404465673077,300,300,0.06018667411990464
coco,17,102,20265001,surr_rlde,-55.958697027962806,300,300,0.05009666900150478
coco,17,101,20265009,surr_rlde,42.303377620901834,300,300,0.08066717092879117
coco,17,101,20265008,surr_rlde,41.10822224128329,300,300,0.08125920197926462
coco,17,102,20265004,surr_rlde,-56.00056302242642,300,300,0.05318859498947859
coco,17,102,20265002,surr_rlde,-55.94414024962807,300,300,0.08792137098498642
coco,17,102,20265005,surr_rlde,-58.009299955796784,300,300,0.04227344202809036
coco,17,102,20265003,surr_rlde,-56.78595572781074,300,300,0.09094141097739339
coco,17,102,20265007,surr_rlde,-56.64916788291889,300,300,0.06122422800399363
coco,18,101,20265000,surr_rlde,53.79912689667761,300,300,0.05209316499531269
coco,17,102,20265008,surr_rlde,-54.998489491232746,300,300,0.07650049193762243
coco,17,102,20265006,surr_rlde,-56.52586235955722,300,300,0.10672593605704606
coco,17,102,20265009,surr_rlde,-54.65174381627794,300,300,0.08414828008972108
coco,18,101,20265003,surr_rlde,57.840789186707056,300,300,0.04671015893109143
coco,18,101,20265002,surr_rlde,51.36434951023127,300,300,0.060967249097302556
coco,18,101,20265004,surr_rlde,51.48857984282546,300,300,0.0677598980255425
coco,18,101,20265007,surr_rlde,65.77306214494192,300,300,0.04589459905400872
coco,18,101,20265001,surr_rlde,51.50334513050413,300,300,0.1046950810123235
coco,18,101,20265005,surr_rlde,60.17535560385609,300,300,0.0778309740126133
coco,18,101,20265009,surr_rlde,55.37762910621316,300,300,0.056781006045639515
coco,18,101,20265006,surr_rlde,58.72644398965615,300,300,0.10178120108321309
coco,18,102,20265001,surr_rlde,-44.043873653648845,300,300,0.05204008100554347
coco,18,101,20265008,surr_rlde,59.165246037338555,300,300,0.08728144597262144
coco,18,102,20265000,surr_rlde,-26.135085973766202,300,300,0.07954263198189437
coco,18,102,20265002,surr_rlde,-42.968274966868265,300,300,0.04899640707299113
coco,18,102,20265005,surr_rlde,-52.17025994031344,300,300,0.05674794991500676
coco,18,102,20265003,surr_rlde,-40.192626422373934,300,300,0.07884089392609894
coco,18,102,20265008,surr_rlde,-44.89995485722278,300,300,0.04453393490985036
coco,18,102,20265004,surr_rlde,-43.069539154425726,300,300,0.0849366569891572
coco,18,102,20265006,surr_rlde,-47.02835316236498,300,300,0.08550453884527087
coco,18,102,20265007,surr_rlde,-49.01191422825346,300,300,0.08096103905700147
coco,19,101,20265000,surr_rlde,187.84157028667323,300,300,0.07602288201451302
coco,18,102,20265009,surr_rlde,-39.57096970277584,300,300,0.08478261693380773
coco,19,101,20265003,surr_rlde,188.78048749680465,300,300,0.0601626499556005
coco,19,101,20265001,surr_rlde,186.8796415888625,300,300,0.06946121901273727
coco,19,101,20265002,surr_rlde,187.47446217027166,300,300,0.08014608919620514
coco,19,101,20265005,surr_rlde,188.8247105051175,300,300,0.044904987094923854
coco,19,101,20265004,surr_rlde,189.83338040604,300,300,0.06907578697428107
coco,19,101,20265006,surr_rlde,189.52554293274196,300,300,0.06264550192281604
coco,19,101,20265008,surr_rlde,188.36041338480257,300,300,0.053800327936187387
coco,19,101,20265007,surr_rlde,185.90106556042082,300,300,0.07758900010958314
coco,19,102,20265000,surr_rlde,-1.7382357814451233,300,300,0.04400946293026209
coco,19,102,20265003,surr_rlde,-0.22673124186796656,300,300,0.04034354188479483
coco,19,101,20265009,surr_rlde,189.00210802849637,300,300,0.06263459986075759
coco,19,102,20265002,surr_rlde,-0.4624981679410247,300,300,0.046060292981565
coco,19,102,20265001,surr_rlde,-0.9991548501454695,300,300,0.07063767593353987
coco,19,102,20265004,surr_rlde,-1.47009976348202,300,300,0.07890200614929199
coco,20,101,20265000,surr_rlde,823.3804822468826,300,300,0.04129721503704786
coco,19,102,20265005,surr_rlde,-2.9457142197584885,300,300,0.07768453587777913
coco,19,102,20265007,surr_rlde,-4.5817546245232394,300,300,0.0680080980528146
coco,19,102,20265008,surr_rlde,-1.2862493441142941,300,300,0.0673648389056325
coco,19,102,20265009,surr_rlde,-0.7325836460237527,300,300,0.07179963611997664
coco,19,102,20265006,surr_rlde,-0.5267457965055637,300,300,0.09646033588796854
coco,20,101,20265001,surr_rlde,627.977743508543,300,300,0.05588815291412175
coco,20,101,20265003,surr_rlde,814.4963215328936,300,300,0.044694657903164625
coco,20,101,20265002,surr_rlde,1537.3383786315262,300,300,0.06341687915846705
coco,20,101,20265006,surr_rlde,3172.643192250689,300,300,0.042210526997223496
coco,20,101,20265007,surr_rlde,608.4296022625603,300,300,0.0471906999591738
coco,20,101,20265004,surr_rlde,1398.0921559403241,300,300,0.07618235889822245
coco,20,101,20265008,surr_rlde,565.1884079312608,300,300,0.0684393011033535
coco,20,101,20265005,surr_rlde,566.1202898192249,300,300,0.1001990910153836
coco,20,101,20265009,surr_rlde,4354.688247243894,300,300,0.08987170411273837
coco,20,102,20265001,surr_rlde,4245.5637555851645,300,300,0.06715534487739205
coco,20,102,20265000,surr_rlde,1650.4655699283608,300,300,0.08929365803487599
coco,20,102,20265002,surr_rlde,1040.6114022955162,300,300,0.07529584993608296
coco,20,102,20265003,surr_rlde,2405.7767630398325,300,300,0.06821210612542927
coco,20,102,20265004,surr_rlde,67.00272177645378,300,300,0.07970068301074207
coco,20,102,20265005,surr_rlde,-62.20932209680673,300,300,0.08374762698076665
coco,20,102,20265007,surr_rlde,41.61243013403838,300,300,0.04743159608915448
coco,20,102,20265008,surr_rlde,423.9790200138415,300,300,0.047705132979899645
coco,20,102,20265009,surr_rlde,437.63087599554166,300,300,0.06687916605733335
coco,21,101,20265001,surr_rlde,182.79411596127926,300,300,0.060119798174127936
coco,20,102,20265006,surr_rlde,336.33914554343096,300,300,0.10798996710218489
coco,21,101,20265002,surr_rlde,168.21866324752176,300,300,0.049123640870675445
coco,21,101,20265000,surr_rlde,192.31238382676298,300,300,0.07258661277592182
coco,21,101,20265003,surr_rlde,205.12357747072352,300,300,0.0640177468303591
coco,21,101,20265004,surr_rlde,174.13450315657641,300,300,0.08248866302892566
coco,21,101,20265005,surr_rlde,194.21314125779526,300,300,0.08381230407394469
coco,21,101,20265007,surr_rlde,187.83633662909116,300,300,0.05807730811648071
coco,21,101,20265009,surr_rlde,182.87782347203472,300,300,0.05622602277435362
coco,21,101,20265006,surr_rlde,174.88101224886813,300,300,0.0860303989611566
coco,21,101,20265008,surr_rlde,177.03573916433734,300,300,0.08175588492304087
coco,21,102,20265000,surr_rlde,-148.41771346093554,300,300,0.09196121408604085
coco,21,102,20265001,surr_rlde,-157.07203147410902,300,300,0.08673493005335331
coco,21,102,20265002,surr_rlde,-147.78239162127474,300,300,0.07477444503456354
coco,21,102,20265003,surr_rlde,-167.50892056338094,300,300,0.07783191301859915
coco,21,102,20265004,surr_rlde,-144.37754587729097,300,300,0.06306889886036515
coco,21,102,20265005,surr_rlde,-152.73936375079526,300,300,0.059167793951928616
coco,21,102,20265006,surr_rlde,-137.77754586654243,300,300,0.0732111141551286
coco,21,102,20265009,surr_rlde,-145.15386316495233,300,300,0.059764242032542825
coco,21,102,20265007,surr_rlde,-160.15446248692794,300,300,0.10269364691339433
coco,22,101,20265000,surr_rlde,57.945012941875376,300,300,0.059891800163313746
coco,21,102,20265008,surr_rlde,-154.852482016014,300,300,0.09247796214185655
coco,22,101,20265002,surr_rlde,39.899446348199945,300,300,0.06596745294518769
coco,22,101,20265001,surr_rlde,23.28949993627529,300,300,0.07543531805276871
coco,22,101,20265003,surr_rlde,36.50217856463361,300,300,0.08190932311117649
coco,22,101,20265006,surr_rlde,41.727094664093315,300,300,0.05315623781643808
coco,22,101,20265009,surr_rlde,36.97059956374733,300,300,0.05014741304330528
coco,22,101,20265007,surr_rlde,57.68483308351021,300,300,0.06046400195918977
coco,22,101,20265004,surr_rlde,33.78038720581623,300,300,0.09812868782319129
coco,22,102,20265000,surr_rlde,-64.59149073335684,300,300,0.054601189913228154
coco,22,101,20265005,surr_rlde,28.372374898335405,300,300,0.07884305692277849
coco,22,101,20265008,surr_rlde,51.83208594539893,300,300,0.07822198700159788
coco,22,102,20265001,surr_rlde,-78.25329779261853,300,300,0.06797964312136173
coco,22,102,20265003,surr_rlde,-82.73754222886183,300,300,0.05475879414007068
coco,22,102,20265006,surr_rlde,-80.9671907713045,300,300,0.04774907394312322
coco,22,102,20265005,surr_rlde,-67.30526398128075,300,300,0.062087247148156166
coco,22,102,20265004,surr_rlde,-90.21182885766491,300,300,0.07517126714810729
coco,22,102,20265002,surr_rlde,-66.61683230226564,300,300,0.08387905405834317
coco,22,102,20265009,surr_rlde,-70.3862530095495,300,300,0.049867530120536685
coco,22,102,20265008,surr_rlde,-88.21510119557125,300,300,0.08017809595912695
coco,22,102,20265007,surr_rlde,-34.080406588961935,300,300,0.08609803300350904
coco,23,101,20265000,surr_rlde,-131.3361086585725,300,300,0.07800502679310739
coco,23,101,20265003,surr_rlde,-132.69565497748877,300,300,0.05629597301594913
coco,23,101,20265004,surr_rlde,-132.76732496668524,300,300,0.062312579015269876
coco,23,101,20265001,surr_rlde,-133.48261489590791,300,300,0.09208587603643537
coco,23,101,20265005,surr_rlde,-131.74031718096438,300,300,0.05489738821052015
coco,23,101,20265002,surr_rlde,-134.5165943005606,300,300,0.0952604110352695
coco,23,101,20265007,surr_rlde,-132.62425020499157,300,300,0.06618809513747692
coco,23,101,20265006,surr_rlde,-132.50851599426602,300,300,0.07224706816487014
coco,23,102,20265000,surr_rlde,-399.05122841778973,300,300,0.04554249509237707
coco,23,101,20265008,surr_rlde,-132.97171923861228,300,300,0.061587546952068806
coco,23,102,20265001,surr_rlde,-398.5026668064914,300,300,0.05855889688245952
coco,23,102,20265002,surr_rlde,-397.58830126845777,300,300,0.060034665977582335
coco,23,101,20265009,surr_rlde,-131.68823717030116,300,300,0.08475045813247561
coco,23,102,20265003,surr_rlde,-399.4051377722132,300,300,0.06047601392492652
coco,23,102,20265004,surr_rlde,-398.2506006062036,300,300,0.05334976315498352
coco,23,102,20265005,surr_rlde,-398.8864924721205,300,300,0.0660088190343231
coco,23,102,20265008,surr_rlde,-398.51192413196964,300,300,0.050701503874734044
coco,23,102,20265006,surr_rlde,-399.3140147318297,300,300,0.075704863993451
coco,24,101,20265000,surr_rlde,1131.3486110171534,300,300,0.044776458060368896
coco,23,102,20265007,surr_rlde,-399.20867588399534,300,300,0.10411039413884282
coco,24,101,20265001,surr_rlde,1117.394239628959,300,300,0.0606383141130209
coco,23,102,20265009,surr_rlde,-398.36626599356777,300,300,0.07811931194737554
coco,24,101,20265003,surr_rlde,1135.132380538141,300,300,0.06790042296051979
coco,24,101,20265002,surr_rlde,1154.3477257905909,300,300,0.0948306939098984
coco,24,101,20265006,surr_rlde,1136.6745410909118,300,300,0.04871136508882046
coco,24,101,20265004,surr_rlde,1118.4969646302811,300,300,0.09962466196157038
coco,24,101,20265009,surr_rlde,1093.3544073518665,300,300,0.06581372302025557
coco,24,101,20265005,surr_rlde,1105.961399778979,300,300,0.10117683210410178
coco,24,101,20265008,surr_rlde,1158.9459937710903,300,300,0.06934892502613366
coco,24,101,20265007,surr_rlde,1125.9855716935642,300,300,0.07745409989729524
coco,24,102,20265002,surr_rlde,139.89161134235806,300,300,0.04933041404001415
coco,24,102,20265001,surr_rlde,136.6055689160455,300,300,0.0649955878034234
coco,24,102,20265000,surr_rlde,120.0037835149267,300,300,0.0914371230173856
coco,24,102,20265003,surr_rlde,104.1542212036554,300,300,0.05691714980639517
coco,24,102,20265009,surr_rlde,110.15763333010884,300,300,0.03962675295770168
coco,24,102,20265005,surr_rlde,108.11882541618148,300,300,0.06911070388741791
coco,24,102,20265007,surr_rlde,89.7614436521423,300,300,0.06648405501618981
coco,24,102,20265004,surr_rlde,116.67797032137739,300,300,0.07913489290513098
coco,24,102,20265008,surr_rlde,144.79364419995105,300,300,0.07865619892254472
coco,24,102,20265006,surr_rlde,133.53487944513702,300,300,0.098722985945642
cec2017,10,1,20265000,surr_rlde,9650475.856301134,300,300,0.09781172289513052
cec2017,10,1,20265001,surr_rlde,2010518.0343500897,300,300,0.09757654694840312
cec2017,10,1,20265002,surr_rlde,483859.0390130151,300,300,0.09152448107488453
cec2017,10,1,20265004,surr_rlde,266163.55221734353,300,300,0.06656757998280227
cec2017,10,1,20265007,surr_rlde,93999.23865529089,300,300,0.07518590893596411
cec2017,10,1,20265005,surr_rlde,3956524.578957621,300,300,0.09577387198805809
cec2017,10,1,20265006,surr_rlde,4990237.490372147,300,300,0.09080119291320443
cec2017,10,1,20265003,surr_rlde,9123280.018017907,300,300,0.10286774090491235
cec2017,10,1,20265008,surr_rlde,338471.1216707504,300,300,0.09490992408245802
cec2017,10,1,20265009,surr_rlde,12731411.59553275,300,300,0.08531093294732273
cec2017,11,1,20265000,surr_rlde,746600122.7484688,300,300,0.09731708001345396
cec2017,11,1,20265001,surr_rlde,899503205.0238267,300,300,0.09133686707355082
cec2017,11,1,20265003,surr_rlde,145303013.9712373,300,300,0.07972277794033289
cec2017,11,1,20265002,surr_rlde,42864245.91324842,300,300,0.0957086191046983
cec2017,11,1,20265004,surr_rlde,20240483.085831113,300,300,0.0993915582075715
cec2017,11,1,20265005,surr_rlde,11016156.492354881,300,300,0.10486385691910982
cec2017,11,1,20265006,surr_rlde,71004958.7277752,300,300,0.08678040280938148
cec2017,11,1,20265007,surr_rlde,92483005.38533849,300,300,0.09256086009554565
cec2017,12,1,20265002,surr_rlde,119221514.19562064,300,300,0.052367497934028506
cec2017,12,1,20265000,surr_rlde,49032422.17379724,300,300,0.07896664412692189
cec2017,11,1,20265009,surr_rlde,223427208.49400878,300,300,0.10582305886782706
cec2017,11,1,20265008,surr_rlde,306083851.0415367,300,300,0.11060880799777806
cec2017,12,1,20265001,surr_rlde,19446648.95953574,300,300,0.09407246811315417
cec2017,12,1,20265003,surr_rlde,32175125.50120334,300,300,0.0893091531470418
cec2017,12,1,20265004,surr_rlde,100418153.89115758,300,300,0.09675532812252641
cec2017,12,1,20265005,surr_rlde,7604594.232583302,300,300,0.08913120091892779
cec2017,12,1,20265008,surr_rlde,11473020.051462501,300,300,0.05618106690235436
cec2017,12,1,20265006,surr_rlde,209459642.83072454,300,300,0.10151192895136774
cec2017,12,1,20265007,surr_rlde,6341702.757779797,300,300,0.08610891504213214
cec2017,12,1,20265009,surr_rlde,84667668.70366777,300,300,0.0987347278278321
cec2017,13,1,20265000,surr_rlde,22950.168584962084,300,300,0.0880873550195247
cec2017,13,1,20265003,surr_rlde,31835.597080641764,300,300,0.06542768189683557
cec2017,13,1,20265001,surr_rlde,55444.96900137986,300,300,0.11109794699586928
cec2017,13,1,20265002,surr_rlde,65149.63136477233,300,300,0.09690450388006866
cec2017,13,1,20265004,surr_rlde,43243.275196389375,300,300,0.07578218402341008
cec2017,13,1,20265005,surr_rlde,59672.646000045956,300,300,0.060402666917070746
cec2017,13,1,20265006,surr_rlde,34204.09291183706,300,300,0.07885909592732787
cec2017,14,1,20265000,surr_rlde,159914.41222727363,300,300,0.05725909792818129
cec2017,13,1,20265008,surr_rlde,91180.08566724625,300,300,0.09210087498649955
cec2017,13,1,20265007,surr_rlde,41372.69283597541,300,300,0.09951409394852817
cec2017,14,1,20265004,surr_rlde,264576.46451224276,300,300,0.04995988309383392
cec2017,13,1,20265009,surr_rlde,15454.741501490926,300,300,0.10053820093162358
cec2017,14,1,20265001,surr_rlde,2132073.123084475,300,300,0.07405620301142335
cec2017,14,1,20265003,surr_rlde,2771032.761657233,300,300,0.08100290386937559
cec2017,14,1,20265002,surr_rlde,1378267.3723408456,300,300,0.10162094910629094
cec2017,14,1,20265007,surr_rlde,2169899.3939893343,300,300,0.07028105994686484
cec2017,14,1,20265006,surr_rlde,317431.02733785484,300,300,0.07854392495937645
cec2017,14,1,20265005,surr_rlde,1569911.1914875153,300,300,0.10878366488032043
cec2017,14,1,20265008,surr_rlde,594476.4469474386,300,300,0.09873269405215979
cec2017,14,1,20265009,surr_rlde,1752708.552142061,300,300,0.099774467991665
cec2017,15,1,20265000,surr_rlde,46728.492820771884,300,300,0.09911036002449691
cec2017,15,1,20265001,surr_rlde,8105.734035200966,300,300,0.12588439392857254
cec2017,15,1,20265003,surr_rlde,31678.98813154087,300,300,0.11054485803470016
cec2017,15,1,20265002,surr_rlde,67648.32139010764,300,300,0.1363101890310645
cec2017,15,1,20265004,surr_rlde,44477.46822407066,300,300,0.13294750382192433
cec2017,15,1,20265005,surr_rlde,12994.75592850583,300,300,0.13413841999135911
cec2017,15,1,20265006,surr_rlde,54578.13736351207,300,300,0.10836788103915751
cec2017,15,1,20265007,surr_rlde,26652.25254157382,300,300,0.11656313296407461
cec2017,15,1,20265009,surr_rlde,49352.410871910644,300,300,0.09891926008276641
cec2017,15,1,20265008,surr_rlde,82466.66078820686,300,300,0.13239889102987945
cec2017,16,1,20265001,surr_rlde,29760.460085564217,300,300,0.1406148609239608
cec2017,16,1,20265000,surr_rlde,24292.682662161023,300,300,0.18269003392197192
cec2017,16,1,20265003,surr_rlde,25736.459245642745,300,300,0.14332065102644265
cec2017,16,1,20265002,surr_rlde,80543.04378100592,300,300,0.19128541485406458
cec2017,16,1,20265005,surr_rlde,24691.349540648298,300,300,0.16074151708744466
cec2017,16,1,20265004,surr_rlde,8580.957723381538,300,300,0.1767697399482131
cec2017,16,1,20265006,surr_rlde,23925.870217626558,300,300,0.1640872631687671
cec2017,16,1,20265007,surr_rlde,19766.55249861559,300,300,0.1858207869809121
cec2017,16,1,20265008,surr_rlde,22259.786118455868,300,300,0.14096059696748853
cec2017,17,1,20265000,surr_rlde,517441.370451786,300,300,0.0964926399756223
cec2017,17,1,20265002,surr_rlde,748363.8247265965,300,300,0.07588175404816866
cec2017,17,1,20265001,surr_rlde,751753.9540401647,300,300,0.1028742881026119
cec2017,17,1,20265004,surr_rlde,463857.2864080538,300,300,0.07481150305829942
cec2017,17,1,20265003,surr_rlde,121832.15714853661,300,300,0.09472748287953436
cec2017,16,1,20265009,surr_rlde,7752.014220772672,300,300,0.1505107639823109
cec2017,17,1,20265005,surr_rlde,745756.6381508143,300,300,0.05935319513082504
cec2017,17,1,20265006,surr_rlde,183628.34787257476,300,300,0.06338384305126965
cec2017,17,1,20265007,surr_rlde,225238.9716429243,300,300,0.06714003393426538
cec2017,17,1,20265009,surr_rlde,8745559.867412098,300,300,0.04428715701214969
cec2017,17,1,20265008,surr_rlde,1304626.6514388332,300,300,0.07648071716539562
cec2017,18,1,20265000,surr_rlde,1438967707.9293613,300,300,0.07397995889186859
cec2017,18,1,20265003,surr_rlde,2052434.6057196024,300,300,0.06508277589455247
cec2017,18,1,20265002,surr_rlde,286241.26710923295,300,300,0.07432662998326123
cec2017,18,1,20265001,surr_rlde,4179829.228698592,300,300,0.08877590298652649
cec2017,18,1,20265004,surr_rlde,11603655.310494427,300,300,0.061583550879731774
cec2017,18,1,20265006,surr_rlde,15678079.69091292,300,300,0.06728593213483691
cec2017,18,1,20265005,surr_rlde,3772502918.2285256,300,300,0.08696942403912544
cec2017,18,1,20265007,surr_rlde,38056.86813073084,300,300,0.07743861409835517
cec2017,18,1,20265008,surr_rlde,95217019.78816219,300,300,0.07772701513022184
cec2017,18,1,20265009,surr_rlde,1059245.837271718,300,300,0.07945669000037014
cec2017,19,1,20265002,surr_rlde,2714.4621198933432,300,300,0.08655847096815705
cec2017,19,1,20265000,surr_rlde,2661.8199325973146,300,300,0.1034478060901165
cec2017,19,1,20265001,surr_rlde,2706.1346686527677,300,300,0.08735267911106348
cec2017,19,1,20265005,surr_rlde,3079.3586350675723,300,300,0.08403254789300263
cec2017,19,1,20265003,surr_rlde,2183.5364295802774,300,300,0.1294986109714955
cec2017,19,1,20265004,surr_rlde,2535.1400752667782,300,300,0.11896194005385041
cec2017,20,1,20265000,surr_rlde,4149.577974117397,300,300,0.07513863197527826
cec2017,19,1,20265007,surr_rlde,2612.997798035178,300,300,0.10498595098033547
cec2017,20,1,20265001,surr_rlde,5503.442663627333,300,300,0.05699618184007704
cec2017,19,1,20265006,surr_rlde,2722.2694281202166,300,300,0.14857529592700303
cec2017,19,1,20265009,surr_rlde,3249.6753012371214,300,300,0.11981107294559479
cec2017,20,1,20265002,surr_rlde,3138.8099458908728,300,300,0.05760943493805826
cec2017,20,1,20265003,surr_rlde,3663.1961786415154,300,300,0.07116363197565079
cec2017,19,1,20265008,surr_rlde,2864.9252055825077,300,300,0.14641992188990116
cec2017,20,1,20265004,surr_rlde,2935.4755635430297,300,300,0.07726605609059334
cec2017,20,1,20265005,surr_rlde,3880.8935887081743,300,300,0.08035128400661051
cec2017,20,1,20265006,surr_rlde,3218.8813820124283,300,300,0.07096265209838748
cec2017,20,1,20265008,surr_rlde,5578.014132657532,300,300,0.05909133586101234
cec2017,20,1,20265007,surr_rlde,3831.46301137405,300,300,0.07223438820801675
cec2017,20,1,20265009,surr_rlde,4269.881636427324,300,300,0.0682854161132127
cec2017,21,1,20265001,surr_rlde,2225.920401824012,300,300,0.06728100590407848
cec2017,21,1,20265000,surr_rlde,2247.610883092989,300,300,0.08941001002676785
cec2017,21,1,20265002,surr_rlde,2239.120075503119,300,300,0.07063560304231942
cec2017,21,1,20265006,surr_rlde,2236.4751827656637,300,300,0.05264823092147708
cec2017,21,1,20265003,surr_rlde,2254.2430096045537,300,300,0.08680226188153028
cec2017,21,1,20265004,surr_rlde,2236.665120362241,300,300,0.07213591295294464
cec2017,21,1,20265007,surr_rlde,2270.611428658214,300,300,0.0637082839384675
cec2017,21,1,20265005,surr_rlde,2248.3333548897976,300,300,0.08066863985732198
cec2017,21,1,20265008,surr_rlde,2238.405837696815,300,300,0.08132320106960833
cec2017,22,1,20265000,surr_rlde,4135.739815484868,300,300,0.06975498818792403
cec2017,21,1,20265009,surr_rlde,2238.860175018284,300,300,0.08562586992047727
cec2017,22,1,20265005,surr_rlde,3874.429624111945,300,300,0.06192247290164232
cec2017,22,1,20265001,surr_rlde,4611.051798821204,300,300,0.09202933800406754
cec2017,22,1,20265003,surr_rlde,4256.3011078394775,300,300,0.09506720001809299
cec2017,22,1,20265004,surr_rlde,3543.904577439377,300,300,0.08223718404769897
cec2017,22,1,20265002,surr_rlde,3640.6575687486657,300,300,0.09464479796588421
cec2017,22,1,20265006,surr_rlde,3786.673379747316,300,300,0.06262926198542118
cec2017,22,1,20265007,surr_rlde,3602.6976306802544,300,300,0.09022084507159889
cec2017,22,1,20265008,surr_rlde,3455.578866029618,300,300,0.0795416310429573
cec2017,23,1,20265003,surr_rlde,5296.49806350739,300,300,0.05959350895136595
cec2017,23,1,20265001,surr_rlde,4593.17572210596,300,300,0.06537016411311924
cec2017,23,1,20265004,surr_rlde,6026.995918199185,300,300,0.06435914617031813
cec2017,23,1,20265002,surr_rlde,6216.78023584565,300,300,0.08631488913670182
cec2017,22,1,20265009,surr_rlde,4503.384613904916,300,300,0.10753776389174163
cec2017,23,1,20265000,surr_rlde,6020.807305089413,300,300,0.09512707591056824
cec2017,23,1,20265005,surr_rlde,5801.308073864425,300,300,0.07828504522331059
cec2017,23,1,20265008,surr_rlde,5258.077540871984,300,300,0.06529832910746336
cec2017,23,1,20265006,surr_rlde,5404.664863849373,300,300,0.09030510718002915
cec2017,23,1,20265007,surr_rlde,5226.470474010788,300,300,0.08491221396252513
cec2017,23,1,20265009,surr_rlde,7613.202871061669,300,300,0.06996139697730541
cec2017,24,1,20265001,surr_rlde,3217.7464990415383,300,300,0.07646850682795048
cec2017,24,1,20265002,surr_rlde,3045.5101566312005,300,300,0.07964373705908656
cec2017,24,1,20265000,surr_rlde,3090.685326306553,300,300,0.0970839390065521
cec2017,24,1,20265003,surr_rlde,3083.0138765191764,300,300,0.07006495306268334
cec2017,24,1,20265004,surr_rlde,3176.7111117921836,300,300,0.06549719511531293
cec2017,24,1,20265005,surr_rlde,3185.0304595108246,300,300,0.07167641818523407
cec2017,24,1,20265006,surr_rlde,3264.4024380931905,300,300,0.06806848500855267
cec2017,24,1,20265007,surr_rlde,3246.4556866867106,300,300,0.07309999014250934
cec2017,24,1,20265009,surr_rlde,3112.064970841737,300,300,0.07382101495750248
cec2017,24,1,20265008,surr_rlde,3194.0781712747453,300,300,0.10454345913603902
cec2017,25,1,20265000,surr_rlde,3147.525799108684,300,300,0.1199722271412611
cec2017,25,1,20265003,surr_rlde,3150.4859441093936,300,300,0.08565925690345466
cec2017,25,1,20265001,surr_rlde,3185.6254576307974,300,300,0.11856451211497188
cec2017,25,1,20265002,surr_rlde,3143.4405298549973,300,300,0.11952231591567397
cec2017,25,1,20265004,surr_rlde,3042.213805893501,300,300,0.10520416009239852
cec2017,25,1,20265005,surr_rlde,3359.3234008792674,300,300,0.1067738279234618
cec2017,25,1,20265007,surr_rlde,3047.6928662007294,300,300,0.11833385797217488
cec2017,25,1,20265006,surr_rlde,3231.4228856010714,300,300,0.1559684609528631
cec2017,25,1,20265008,surr_rlde,3144.7190341653713,300,300,0.10478760092519224
cec2017,25,1,20265009,surr_rlde,3219.7766895225486,300,300,0.1466522451955825
cec2017,26,1,20265001,surr_rlde,3106.2963028686036,300,300,0.14013416389934719
cec2017,26,1,20265002,surr_rlde,3088.529979521451,300,300,0.14104906399734318
cec2017,26,1,20265000,surr_rlde,3149.7922035127617,300,300,0.1525214039720595
cec2017,26,1,20265003,surr_rlde,3107.524802212961,300,300,0.14252411806955934
cec2017,26,1,20265005,surr_rlde,3014.650369798821,300,300,0.11139039811678231
cec2017,26,1,20265004,surr_rlde,3114.219954967776,300,300,0.12361689796671271
cec2017,26,1,20265006,surr_rlde,3110.783936936915,300,300,0.1169353760778904
cec2017,26,1,20265008,surr_rlde,3100.1129244389595,300,300,0.11026885104365647
cec2017,27,1,20265001,surr_rlde,3359.976435009175,300,300,0.11402581306174397
cec2017,27,1,20265000,surr_rlde,3097.0450305090812,300,300,0.12051769881509244
cec2017,26,1,20265007,surr_rlde,3094.1084547259493,300,300,0.1552421748638153
cec2017,26,1,20265009,surr_rlde,3121.5979929599807,300,300,0.15284146089106798
cec2017,27,1,20265002,surr_rlde,3290.253905568724,300,300,0.12830647616647184
cec2017,27,1,20265004,surr_rlde,3335.7055232149482,300,300,0.11227079504169524
cec2017,27,1,20265003,surr_rlde,3272.550782083451,300,300,0.12345390487462282
cec2017,27,1,20265005,surr_rlde,3261.6215905021213,300,300,0.1017606589011848
cec2017,27,1,20265007,surr_rlde,3098.4393028280306,300,300,0.09748609713278711
cec2017,27,1,20265006,surr_rlde,3284.951606845503,300,300,0.10748498514294624
cec2017,27,1,20265008,surr_rlde,3336.3143946466316,300,300,0.1003879050258547
cec2017,27,1,20265009,surr_rlde,3339.3158049373965,300,300,0.11430653790012002
cec2017,28,1,20265001,surr_rlde,1885160.2051999248,300,300,0.14881857810541987
cec2017,28,1,20265002,surr_rlde,9919252.435012469,300,300,0.18302726512774825
cec2017,28,1,20265005,surr_rlde,4921265.896254814,300,300,0.12494503613561392
cec2017,28,1,20265000,surr_rlde,406392.88308333093,300,300,0.19629327696748078
cec2017,28,1,20265003,surr_rlde,1982655.8771234856,300,300,0.16458161594346166
cec2017,28,1,20265006,surr_rlde,1721571.7899575853,300,300,0.14149814122356474
cec2017,28,1,20265004,surr_rlde,21371952.90162877,300,300,0.1708755469880998
cec2017,28,1,20265007,surr_rlde,1736957.8371468196,300,300,0.18618800700642169
cec2017,29,1,20265002,surr_rlde,20862603.748715367,300,300,0.08865627506747842
cec2017,28,1,20265008,surr_rlde,38106075.254097134,300,300,0.1611023519653827
cec2017,29,1,20265000,surr_rlde,332499371.478679,300,300,0.14408491202630103
cec2017,29,1,20265001,surr_rlde,587525100.9727685,300,300,0.12982774688862264
cec2017,28,1,20265009,surr_rlde,2563924.3183520804,300,300,0.15219807485118508
cec2017,29,1,20265003,surr_rlde,338020596.52046084,300,300,0.11795206600800157
cec2017,29,1,20265004,surr_rlde,1385550116.0789766,300,300,0.11887238407507539
cec2017,29,1,20265006,surr_rlde,1785619949.8884742,300,300,0.11132946517318487
cec2017,29,1,20265005,surr_rlde,185393170.41864884,300,300,0.11349069187417626
cec2017,29,1,20265008,surr_rlde,63965633.76919671,300,300,0.09924458200111985
cec2017,29,1,20265009,surr_rlde,92722079.8095636,300,300,0.10113032208755612
cec2017,29,1,20265007,surr_rlde,18303327.6300592,300,300,0.12940287007950246
