case,comparator,comparator_warmup,n_pairs,full_mean,comparator_mean,full_std,comparator_std,full_minus_comparator,ci95_lower,ci95_upper,wins,ties,losses
bbob_f9_fixed,full,0.3333333333333333,30,53.11186230977376,54.96021792093913,4.922816710432912,4.662586583368757,-1.8483556111653645,-4.1874336179097496,0.5986474577585855,19,1,10
bbob_f9_fixed,full,0.5,30,53.11186230977376,52.74543444315592,4.922816710432912,7.07824940500142,0.36642786661783855,-1.7939737923940022,2.7801941967010495,18,1,11
bbob_f9_fixed,full,0.9,30,53.11186230977376,55.8093142191569,4.922816710432912,2.96262427533617,-2.697451909383138,-4.970592880249024,-0.5489615662892671,22,2,6
bbob_f11_fixed,full,0.3333333333333333,30,1.7946536374676119,3.044525353090527,4.949832210676466,7.273994515353372,-1.2498717156229153,-4.4306893053518195,1.5324146389524889,18,0,12
bbob_f11_fixed,full,0.5,30,1.7946536374676119,1.883252237929264,4.949832210676466,6.6045960760868345,-0.08859860046165219,-3.1638567175143057,2.510079840322917,12,6,12
bbob_f11_fixed,full,0.9,30,1.7946536374676119,1.8314216258712501,4.949832210676466,4.94125318965957,-0.0367679884036382,-0.10489946603775024,0.0,2,28,0
bbob_f15_fixed,full,0.3333333333333333,30,0.018596623310198387,0.054753442356983824,0.013934807973352505,0.03722413836208106,-0.036156819046785436,-0.04901477234127621,-0.02415337163023651,28,0,2
bbob_f15_fixed,full,0.5,30,0.018596623310198387,0.019914890872314572,0.013934807973352505,0.013989782429497749,-0.0013182675621161858,-0.0030088422703556717,-5.687352580328782e-05,5,24,1
bbob_f15_fixed,full,0.9,30,0.018596623310198387,0.018596623310198387,0.013934807973352505,0.013934807973352505,0.0,0.0,0.0,0,30,0
cec_f1_shifted,full,0.3333333333333333,30,782.6228978474935,13.285768923163413,397.5661740414432,17.26750335506206,769.33712892433,634.1321358385931,913.4399973234534,0,0,30
cec_f1_shifted,full,0.5,30,782.6228978474935,120.28974647521973,397.5661740414432,103.5494720999152,662.3331513722737,550.7180781936645,776.4793213041623,0,0,30
cec_f1_shifted,full,0.9,30,782.6228978474935,1917.425203450521,397.5661740414432,629.4716312590801,-1134.8023056030274,-1271.4281937535604,-1006.708940823873,30,0,0
cec_f3_shifted,full,0.3333333333333333,30,36322655.2,8655472.769791666,22557144.51631011,7062494.094457112,27667182.430208333,19855601.646875,36288307.9501823,3,0,27
cec_f3_shifted,full,0.5,30,36322655.2,11411856.683333334,22557144.51631011,9749040.736323714,24910798.516666666,17760157.535208333,32864760.844374996,2,0,28
cec_f3_shifted,full,0.9,30,36322655.2,83143154.26666667,22557144.51631011,61931942.490561746,-46820499.06666667,-63672273.56458333,-31929026.49125001,28,0,2
cec_f6_shifted,full,0.3333333333333333,30,15.78715778986613,14.240737533569336,1.4712337387122576,1.4670434403731434,1.5464202562967937,1.1509062027931214,1.9519763072331744,1,0,29
cec_f6_shifted,full,0.5,30,15.78715778986613,14.456484095255535,1.4712337387122576,1.6050942355888262,1.3306736946105957,1.00961598555247,1.6758065120379129,0,0,30
cec_f6_shifted,full,0.9,30,15.78715778986613,16.346547349294028,1.4712337387122576,1.4130182762734471,-0.5593895594278971,-0.7166650708516439,-0.3985474967956543,27,0,3
