dimension,budget,fid,method,error_mean,error_median,error_std,log_error_mean,runs,accepted_mean,early_accepted_mean
10,300,1,anchor_only,8405.379696353657,7957.2054307571,2527.7905035273334,3.904275536954154,30,0.0,0.0
10,300,1,cma_es,8582.374652108372,6332.957064277707,6877.257856626581,3.7870413342303317,30,0.0,0.0
10,300,1,gp_ei,17567.36715509977,15729.798091873969,6146.478122871804,4.219329397678662,30,0.0,0.0
10,300,1,no_residual,6507.034633697101,6750.086770620365,2292.478162860423,3.782224877733312,30,91.23333333333333,50.233333333333334
10,300,1,no_residual_score_only,5360.363156728157,5250.432315051976,2113.8926313760267,3.6903343369510746,30,98.33333333333333,54.6
10,300,2,anchor_only,979.1383125084681,867.8963412970272,493.0966674633936,2.939041991556688,30,0.0,0.0
10,300,2,cma_es,73.86530607551727,69.84272251830697,39.96430206801552,1.8183148277410217,30,0.0,0.0
10,300,2,gp_ei,37.17078647775117,30.08848861203495,20.859424175186966,1.5158868918074406,30,0.0,0.0
10,300,2,no_residual,172.58605074410443,152.17577554375595,73.52969379485377,2.2038787830713322,30,91.73333333333333,48.36666666666667
10,300,2,no_residual_score_only,142.61585157315383,139.21818618977505,56.56167284136644,2.118185405448759,30,99.73333333333333,54.8
10,300,3,anchor_only,0.23979586418189835,0.22170725199396202,0.10567224998067112,-0.6685082492297847,30,0.0,0.0
10,300,3,cma_es,0.01859895325010257,0.014944734228890866,0.01203867240535434,-1.8241680357861216,30,0.0,0.0
10,300,3,gp_ei,0.02441293796739501,0.012665787174796606,0.02978338785489082,-1.8003009490772344,30,0.0,0.0
10,300,3,no_residual,0.042941196393155676,0.03816410674977533,0.02866113222400037,-1.4565821195471085,30,83.56666666666666,40.233333333333334
10,300,3,no_residual_score_only,0.029789015988986495,0.028799052807926273,0.019264191149714782,-1.626526670197475,30,96.1,51.1
10,300,4,anchor_only,108.98987548054157,114.04717759613072,24.384839347889695,2.019606242419908,30,0.0,0.0
10,300,4,cma_es,104.42719085435661,110.43558478784138,22.261743630455562,2.007969440538909,30,0.0,0.0
10,300,4,gp_ei,126.07033698858628,122.98471625969415,31.08638716390726,2.0882901018765603,30,0.0,0.0
10,300,4,no_residual,73.58834222361999,75.11545839758685,26.249959997983293,1.8315931479922005,30,78.83333333333333,36.96666666666667
10,300,4,no_residual_score_only,82.9882983419026,86.24366914588103,24.278811692593322,1.898838962497431,30,96.1,51.266666666666666
10,300,5,anchor_only,1.9455141297397367,2.111491160849596,0.6099041345650721,0.2611816842014732,30,0.0,0.0
10,300,5,cma_es,0.5162975721676389,0.32990622695467664,0.48458062103242616,-0.40500021261621144,30,0.0,0.0
10,300,5,gp_ei,1.003800603645762,0.5870027561232405,0.9714472708812466,-0.13436103625238208,30,0.0,0.0
10,300,5,no_residual,0.6540492601661602,0.5293494652553932,0.3927097053057894,-0.25988046548489063,30,82.56666666666666,38.666666666666664
10,300,5,no_residual_score_only,0.5419351288988992,0.47009623468699147,0.3443375404902477,-0.35202510603435805,30,95.2,50.36666666666667
10,300,6,anchor_only,164786914.49836108,78498407.18782184,216345021.70897782,7.815950254811999,30,0.0,0.0
10,300,6,cma_es,34194014.98480877,23474744.406020895,30599009.723457888,7.338875095060534,30,0.0,0.0
10,300,6,gp_ei,561966.1715938995,511360.68018137896,313283.07496402995,5.681512438133328,30,0.0,0.0
10,300,6,no_residual,1483693.890717659,801987.706945146,1523089.6477819271,5.913277434781749,30,88.23333333333333,45.8
10,300,6,no_residual_score_only,3365546.654304941,1321823.9395287917,4835414.669667492,6.128461327582498,30,99.13333333333334,54.333333333333336
10,300,7,anchor_only,681.0391708199553,571.8805912269925,479.60541236314776,2.7232778004499947,30,0.0,0.0
10,300,7,cma_es,312.04166939818816,228.18692188717773,185.26631404688203,2.422232026487902,30,0.0,0.0
10,300,7,gp_ei,420.83590998937854,393.87731746835925,205.87615961487924,2.5689350044133445,30,0.0,0.0
10,300,7,no_residual,221.6220803635081,186.54599441613072,137.74208082069626,2.2669939650327584,30,86.33333333333333,45.1
10,300,7,no_residual_score_only,246.2905988559502,227.29495988490703,117.492121337764,2.3374955519315668,30,97.76666666666667,53.46666666666667
10,300,8,anchor_only,19840262985.795948,11237467.948275665,66029904353.97939,6.84282594536696,30,0.0,0.0
10,300,8,cma_es,222514.67210391499,4702.023187434836,677895.9989574974,3.93255741600941,30,0.0,0.0
10,300,8,gp_ei,24191369093.743332,67566393.74858055,105229495395.39511,7.426820157352837,30,0.0,0.0
10,300,8,no_residual,1511209.9467023665,4599.743957447111,4650063.812964618,4.265569324074997,30,94.9,50.9
10,300,8,no_residual_score_only,4316527.095316094,6727.582851097048,18057434.241574384,4.194734004018147,30,99.86666666666666,54.96666666666667
10,300,9,anchor_only,1020.8595051926922,1041.6780810970913,260.22466041495227,2.9946186526183753,30,0.0,0.0
10,300,9,cma_es,447.979808494535,454.9197144265331,49.11028279474238,2.6483723699557165,30,0.0,0.0
10,300,9,gp_ei,371.98528523488073,371.94181069705496,81.33075249214036,2.5498802722148053,30,0.0,0.0
10,300,9,no_residual,457.6884293109045,505.6506155551988,134.85086779394888,2.634970816909906,30,91.8,49.13333333333333
10,300,9,no_residual_score_only,453.8552624522278,479.5533065410523,129.89986951104643,2.6362945942532545,30,99.43333333333334,54.6
10,300,10,anchor_only,1087.6513520651217,966.3914923117877,645.668736268559,2.967911289977965,30,0.0,0.0
10,300,10,cma_es,368.6940980341111,389.15949788731814,116.24754788080584,2.5488031025133355,30,0.0,0.0
10,300,10,gp_ei,739.3453959460513,411.4293105852407,712.1109556487355,2.7103038628481357,30,0.0,0.0
10,300,10,no_residual,393.72043635463154,339.0467556109654,186.0343622723323,2.565207840979335,30,89.43333333333334,48.43333333333333
10,300,10,no_residual_score_only,422.3980020596658,346.18861900933234,336.31168351117515,2.5723434616275287,30,98.7,54.13333333333333
10,300,11,anchor_only,659.3388563858795,640.2358999352443,362.1059299825616,2.7198400016418876,30,0.0,0.0
10,300,11,cma_es,91.10147481055586,30.066982898302285,232.28077840016815,1.561198319878369,30,0.0,0.0
10,300,11,gp_ei,72.32208899422221,59.42897619973132,34.96969032598929,1.8229625058510268,30,0.0,0.0
10,300,11,no_residual,168.5980108157831,122.80758323322402,184.55182841647678,2.0865230109344055,30,93.6,49.8
10,300,11,no_residual_score_only,133.29993603528285,104.9914504357157,99.51468977505607,2.0395556734352867,30,99.53333333333333,54.63333333333333
10,300,12,anchor_only,546.1275139960757,514.1886376773286,155.73832197211254,2.7190685731885997,30,0.0,0.0
10,300,12,cma_es,182.77974890919984,179.33986784690978,12.193201662344125,2.261097050306749,30,0.0,0.0
10,300,12,gp_ei,171.30537405479845,170.75821835676743,1.8442492006091615,2.233746992957747,30,0.0,0.0
10,300,12,no_residual,241.56751853907707,235.4699093849772,45.18308018071517,2.376409653589149,30,95.43333333333334,50.86666666666667
10,300,12,no_residual_score_only,237.8124625352828,228.53933613322397,46.926859160564604,2.3683445728666,30,99.86666666666666,54.96666666666667
20,300,1,anchor_only,29254.250263463906,29640.57907598525,5473.395206256177,4.458175127741949,30,0.0,0.0
20,300,1,cma_es,45166.08945421826,44654.863050192434,12042.10834425082,4.638680584607647,30,0.0,0.0
20,300,1,gp_ei,53485.48375306877,53259.67757320999,11312.533697260462,4.717892337084583,30,0.0,0.0
20,300,1,no_residual,29278.618115401645,29858.576317874777,8193.91756764949,4.451931622450542,30,94.43333333333334,50.56666666666667
20,300,1,no_residual_score_only,28106.52836738591,27335.36823296769,6827.53581409454,4.436838537724215,30,99.76666666666667,54.86666666666667
20,300,2,anchor_only,913.0272852664128,847.2497051849266,324.77987533277184,2.934898195945965,30,0.0,0.0
20,300,2,cma_es,418.63393788599086,347.6282351764775,202.75447467332378,2.5779836832647285,30,0.0,0.0
20,300,2,gp_ei,273.4689948953144,230.04829020859358,133.56855623977197,2.3959983375558176,30,0.0,0.0
20,300,2,no_residual,608.0917192534969,565.701725430903,232.31530837326125,2.755097724664566,30,81.33333333333333,45.86666666666667
20,300,2,no_residual_score_only,538.7362951881526,537.3266951289409,184.92398479296278,2.7070824583898463,30,95.96666666666667,52.53333333333333
20,300,3,anchor_only,0.9266521576869233,0.9663184030104048,0.21816984969282985,-0.04644057747356443,30,0.0,0.0
20,300,3,cma_es,0.255650901570967,0.24515356800151267,0.07204491645182172,-0.609700450800864,30,0.0,0.0
20,300,3,gp_ei,0.31785940396063095,0.08744477486135338,0.5244183238325754,-0.8539552191170415,30,0.0,0.0
20,300,3,no_residual,0.511111760065133,0.515806244760995,0.16826163737254377,-0.31668031229327703,30,60.2,28.166666666666668
20,300,3,no_residual_score_only,0.4312249363909018,0.4264540835562798,0.15783783211890307,-0.39918800459522785,30,83.83333333333333,41.333333333333336
20,300,4,anchor_only,323.66007232753753,321.5339348921739,27.552518603682636,2.5085802830354678,30,0.0,0.0
20,300,4,cma_es,340.5047987244289,336.9979610572891,44.28242055078571,2.5286049327423896,30,0.0,0.0
20,300,4,gp_ei,456.96241957574705,458.5435467955351,68.96239028194283,2.654755080141828,30,0.0,0.0
20,300,4,no_residual,274.1623135868428,276.4494651993166,47.17083845797392,2.4314372200778895,30,76.8,39.53333333333333
20,300,4,no_residual_score_only,272.06619378786866,273.10255960996005,47.2979022620791,2.427350842023123,30,94.43333333333334,51.166666666666664
20,300,5,anchor_only,5.704654393092506,5.589239452855452,1.7147010529168423,0.7353817956366675,30,0.0,0.0
20,300,5,cma_es,4.749444133369396,4.023354899535775,2.5284332503268145,0.6262828614762915,30,0.0,0.0
20,300,5,gp_ei,16.99505958241533,15.318692112631652,6.567482357149315,1.19969928104817,30,0.0,0.0
20,300,5,no_residual,3.8813580990109204,3.439511852464875,1.10900002105814,0.5734893757133986,30,67.93333333333334,37.333333333333336
20,300,5,no_residual_score_only,3.864381636371324,3.784605023419033,1.11639971202749,0.5689267388249359,30,90.93333333333334,48.53333333333333
20,300,6,anchor_only,1602858790.3503118,1483624782.802868,883730126.1671227,9.132340812354174,30,0.0,0.0
20,300,6,cma_es,576552622.6751274,450148954.8396251,308868691.6663499,8.700244748180616,30,0.0,0.0
20,300,6,gp_ei,84309172.25989659,77096026.01473776,35042136.23514552,7.8838856219637545,30,0.0,0.0
20,300,6,no_residual,377475191.9987048,282969778.62969947,265134168.14425752,8.432695935309445,30,77.96666666666667,43.36666666666667
20,300,6,no_residual_score_only,370434821.0561815,252900752.13506868,386534461.7080141,8.429249996276235,30,94.56666666666666,52.333333333333336
20,300,7,anchor_only,1985.0391931540244,1868.7658305930713,871.3927367031505,3.2548720438546237,30,0.0,0.0
20,300,7,cma_es,1351.9679731469334,1308.8449186684657,470.01110531224987,3.1070476007042327,30,0.0,0.0
20,300,7,gp_ei,1925.1551375907463,1554.235680857178,1328.4547190055312,3.1826994795294925,30,0.0,0.0
20,300,7,no_residual,1024.2763464212467,865.6591329064061,665.4259475965667,2.932334197525036,30,74.13333333333334,42.8
20,300,7,no_residual_score_only,1114.656756847311,1011.376397317912,672.9349812828142,2.964565946265463,30,94.23333333333333,51.733333333333334
20,300,8,anchor_only,3260470863151.9565,4171258561.7254333,11474989356413.664,9.5512168011117,30,0.0,0.0
20,300,8,cma_es,7795136845.740859,1383100467.7527828,12512210529.228619,8.908422577314642,30,0.0,0.0
20,300,8,gp_ei,220471563638.4629,38241034899.348175,408368317394.2915,10.23567119188595,30,0.0,0.0
20,300,8,no_residual,187963835364.77475,1850922385.4643793,549891582266.017,9.115095317574637,30,93.0,50.2
20,300,8,no_residual_score_only,782091976372.114,5067325708.8307085,2063923929096.5457,9.46603399437101,30,98.86666666666666,54.63333333333333
20,300,9,anchor_only,4126.401922774787,4485.686260281502,1865.9895227403006,3.5656719696040673,30,0.0,0.0
20,300,9,cma_es,876.3333772221046,882.1336555960359,167.06151888870832,2.934913498078813,30,0.0,0.0
20,300,9,gp_ei,490.63405314194335,454.6737158125725,159.52825213382044,2.6780255399361246,30,0.0,0.0
20,300,9,no_residual,1396.9317317748528,1249.046299566751,465.3598090353963,3.124893877962401,30,93.36666666666666,49.86666666666667
20,300,9,no_residual_score_only,1344.6477941940268,1166.698516387453,562.7519276883476,3.1003850525765726,30,99.66666666666667,54.8
20,300,10,anchor_only,5376.606788953012,5618.502200035322,837.8035987720936,3.7238129287876176,30,0.0,0.0
20,300,10,cma_es,4849.681106816665,5308.105973865139,1540.4768924155208,3.6228689014883715,30,0.0,0.0
20,300,10,gp_ei,4008.210928922965,5054.022031770708,2023.339757743456,3.492710972738746,30,0.0,0.0
20,300,10,no_residual,3745.6125475631457,4911.755347572476,1998.1053453269642,3.4660108788709953,30,94.7,50.46666666666667
20,300,10,no_residual_score_only,4221.581536566399,5008.797688352318,1757.4018833597281,3.5481053654735666,30,99.8,54.93333333333333
20,300,11,anchor_only,3505.203757272197,3464.572302521701,1898.2364049017988,3.4658331281379,30,0.0,0.0
20,300,11,cma_es,326.7942549703997,117.7645342455869,515.2158032282481,2.238985234092594,30,0.0,0.0
20,300,11,gp_ei,966.668386091348,503.1156399979916,815.6191362982406,2.7799038037659995,30,0.0,0.0
20,300,11,no_residual,1873.4318993908032,1813.0477514056097,963.4030738098321,3.2109027502322407,30,91.36666666666666,49.9
20,300,11,no_residual_score_only,1930.9471266270084,1655.5420489592198,1286.427155385079,3.1821324305647476,30,99.0,54.733333333333334
20,300,12,anchor_only,1444.484080314562,1480.0442383837435,311.3123627864372,3.1485320637442205,30,0.0,0.0
20,300,12,cma_es,432.09587052359325,418.0223257791167,59.72975155403625,2.6317786372854273,30,0.0,0.0
20,300,12,gp_ei,292.2414284973637,288.34864205247504,19.874616373205377,2.4647821284383933,30,0.0,0.0
20,300,12,no_residual,646.0212914742466,647.0073209588425,137.54694407659113,2.8002085689334426,30,95.6,50.766666666666666
20,300,12,no_residual_score_only,576.1305813244799,562.598882153884,135.2725595701224,2.7502290127572953,30,100.0,55.0
20,600,1,anchor_only,29081.284800017627,29122.18685160257,3417.6514554479168,4.4606833958178,30,0.0,0.0
20,600,1,cma_es,37226.34522659153,38079.872991382916,13144.405013950744,4.533839392367576,30,0.0,0.0
20,600,1,gp_ei,48658.85862323925,51620.10086980889,15555.456616827078,4.653747892462922,30,0.0,0.0
20,600,1,no_residual,22094.457042526825,22509.437920258744,4783.7629757260565,4.333962733340229,30,239.03333333333333,153.86666666666667
20,600,1,no_residual_score_only,22799.295927182495,22490.552495367847,6741.811521534117,4.340007912810481,30,247.83333333333334,159.16666666666666
20,600,2,anchor_only,905.5783068986456,886.7746020622332,295.31109904732494,2.9335343549898805,30,0.0,0.0
20,600,2,cma_es,118.5809755023639,95.15051061546004,59.79223183947171,2.036924089071412,30,0.0,0.0
20,600,2,gp_ei,184.01709305553473,144.56296419948706,119.75091864333766,2.2150632003759276,30,0.0,0.0
20,600,2,no_residual,237.61975257761375,228.9585349937974,63.01499921170814,2.360118033055249,30,231.3,142.0
20,600,2,no_residual_score_only,222.92829539147806,225.27703299154712,66.56881002787854,2.3307779692077015,30,245.7,155.7
20,600,3,anchor_only,0.9324724517753832,0.8848145811678592,0.22364935925937388,-0.04314886504894285,30,0.0,0.0
20,600,3,cma_es,0.029698971396051852,0.02281973412885918,0.02313350706004558,-1.6382938605346202,30,0.0,0.0
20,600,3,gp_ei,0.2918742827474944,0.06731636782632222,0.5023343351006622,-0.9215491609673729,30,0.0,0.0
20,600,3,no_residual,0.0688833071302535,0.060935556815366,0.042065009082932585,-1.2527800269560265,30,212.83333333333334,124.76666666666667
20,600,3,no_residual_score_only,0.04957914017022631,0.045647487593214464,0.031638005851715556,-1.387050742344166,30,236.4,146.46666666666667
20,600,4,anchor_only,308.78891237837075,324.35547134740193,49.23560673105191,2.4837354020105735,30,0.0,0.0
20,600,4,cma_es,298.6521989961845,306.6495225150493,44.04426685005113,2.470153779440264,30,0.0,0.0
20,600,4,gp_ei,433.8626569960869,447.7054479510226,78.26248635880432,2.630127596970483,30,0.0,0.0
20,600,4,no_residual,166.819311016706,158.04075380676477,47.0104436987057,2.2058588988056687,30,224.53333333333333,136.2
20,600,4,no_residual_score_only,184.14510979101902,192.65568251823208,66.65042463917835,2.2312250184417133,30,243.46666666666667,153.93333333333334
20,600,5,anchor_only,6.13395614848979,6.26694462757888,1.5257026232429034,0.774168614739272,30,0.0,0.0
20,600,5,cma_es,1.7607663121789225,1.3990005774503516,1.1563200926507937,0.18275945085150774,30,0.0,0.0
20,600,5,gp_ei,15.755780917738537,17.569418173596944,6.624934625593762,1.1345021092190588,30,0.0,0.0
20,600,5,no_residual,1.849806205026789,1.7372607875312838,0.6691092708120928,0.2353081068728088,30,218.6,129.3
20,600,5,no_residual_score_only,1.9203799811582523,1.9866656760234491,0.48802409009370673,0.26435328930299085,30,239.73333333333332,149.93333333333334
20,600,6,anchor_only,1070661376.8735807,1024500912.5099458,540794571.5268476,8.971381854603946,30,0.0,0.0
20,600,6,cma_es,133336205.98844223,107546451.85078174,117259315.76798739,7.996391215607437,30,0.0,0.0
20,600,6,gp_ei,62182113.20128414,42511179.905818164,107396336.07365741,7.635914763421256,30,0.0,0.0
20,600,6,no_residual,9457863.530359037,5337792.926056562,11475685.929271588,6.761629490177055,30,209.83333333333334,131.8
20,600,6,no_residual_score_only,7699168.243125358,3749653.334183444,12888483.523967419,6.654391516799643,30,243.5,153.93333333333334
20,600,7,anchor_only,1918.407756585196,1780.7292445091055,893.0549801335965,3.238622880387953,30,0.0,0.0
20,600,7,cma_es,564.7314348428325,476.43056187476486,313.7661478324796,2.6942027178091887,30,0.0,0.0
20,600,7,gp_ei,1751.532716093101,1245.9030463989513,1342.3406453425957,3.1280961011684996,30,0.0,0.0
20,600,7,no_residual,495.0201715181723,466.2919351180699,208.66236441176218,2.6557011396531185,30,219.23333333333332,133.2
20,600,7,no_residual_score_only,548.3371588525908,512.0310688579486,323.4263245588938,2.6617642774812302,30,242.7,153.5
20,600,8,anchor_only,322513871655.6385,346566896.07239467,997280239453.7625,8.814802519827651,30,0.0,0.0
20,600,8,cma_es,98532975.13573672,5334449.819528076,193677225.3168262,6.819195133980672,30,0.0,0.0
20,600,8,gp_ei,138566285654.86713,12006887406.850151,435253028307.1206,9.708491083938458,30,0.0,0.0
20,600,8,no_residual,456309796.7337319,12384.478743679516,1636774242.3855345,5.254721307881378,30,241.46666666666667,152.7
20,600,8,no_residual_score_only,515968240.8395138,41018.68071142997,1558091569.6810215,5.394740637079055,30,248.13333333333333,158.83333333333334
20,600,9,anchor_only,3588.028446316344,3424.78362256337,1162.619741747166,3.5333081178512376,30,0.0,0.0
20,600,9,cma_es,539.752959933777,514.953225436212,83.58380634477265,2.7272733184245963,30,0.0,0.0
20,600,9,gp_ei,377.1845690536221,373.5083964210953,17.214583228164607,2.576132675103509,30,0.0,0.0
20,600,9,no_residual,821.1805035201543,764.6639897849739,197.37116310796154,2.9028250683537715,30,240.53333333333333,154.36666666666667
20,600,9,no_residual_score_only,786.0995826764176,777.397954558307,129.784425985908,2.8898593382771764,30,249.3,159.4
20,600,10,anchor_only,5268.763488242466,5537.713839989126,1119.6789735060163,3.705020616503119,30,0.0,0.0
20,600,10,cma_es,3222.9217603479547,4663.691589677974,2176.7441199429454,3.3258015102257383,30,0.0,0.0
20,600,10,gp_ei,4143.030026362316,4995.131835814853,1785.345904009614,3.5328743195460977,30,0.0,0.0
20,600,10,no_residual,2658.0970242730423,2016.0430823020688,2146.5907034387533,3.2197887176932714,30,239.96666666666667,154.43333333333334
20,600,10,no_residual_score_only,2493.759414364939,1690.7352574499214,2017.565266749618,3.2024072075653587,30,249.13333333333333,159.36666666666667
20,600,11,anchor_only,3370.6098372906363,3375.9448029246178,1724.3312673619337,3.46116579649945,30,0.0,0.0
20,600,11,cma_es,109.27049833698761,34.46279699609818,311.3709376073212,1.6399886092256506,30,0.0,0.0
20,600,11,gp_ei,370.9664406884853,163.9505306901799,559.2321373321874,2.30956249170952,30,0.0,0.0
20,600,11,no_residual,519.8381777866316,283.16102095418523,582.3235699965609,2.5141772560931797,30,235.93333333333334,148.56666666666666
20,600,11,no_residual_score_only,421.2379343246509,256.3807641675412,408.5779901900424,2.461092384995816,30,247.96666666666667,158.16666666666666
20,600,12,anchor_only,1363.183844261966,1416.6187680244948,327.5097922108153,3.1199857190919076,30,0.0,0.0
20,600,12,cma_es,314.64934261229985,313.12263810920535,29.300340978852272,2.4960365571422387,30,0.0,0.0
20,600,12,gp_ei,273.06793010997416,257.280349149471,53.47409729356649,2.430807811207266,30,0.0,0.0
20,600,12,no_residual,450.93643063881626,442.36867843075333,84.150837578503,2.646804722547805,30,242.3,155.13333333333333
20,600,12,no_residual_score_only,459.23142109675945,441.9231785156703,111.48214761374868,2.650174959040519,30,249.3,159.56666666666666
