dimension,budget,fid,run_index,group,method,population_seed,policy_seed,optimizer_seed,effective_optimizer_seed,anchor_sha256,unused_residual_sha256,final,error,log_error,actual_nfe,seconds,objective_seconds,overhead_seconds,accepted,early_accepted,initial_best,initial_scale,utility
10,300,1,0,0,no_residual,68074776453950166,58302209865562103,1029357411950691501,3565520841,1db78467edc73593f51fda96555d568053b70a93745d355143b09927aa03f41a,7d91d34419b43dbb5427faac833eaae82571ade953bbee8e12a125e8aecc6333,2242.1827513530484,1942.1827513530484,3.2882900928067835,300,0.4660166830290109,0.004635389195755124,0.46138129383325577,96,51,28881.240932815286,585959785.995955,4.5460196759679515e-05
10,300,1,0,0,anchor_only,68074776453950166,58302209865562103,224799756978706804,527302564,1db78467edc73593f51fda96555d568053b70a93745d355143b09927aa03f41a,7d91d34419b43dbb5427faac833eaae82571ade953bbee8e12a125e8aecc6333,7529.902244919879,7229.902244919879,3.859132425264256,300,0.0852636219933629,0.0028039554599672556,0.08245966653339565,0,0,28881.240932815286,585959785.995955,3.6436904411313935e-05
10,300,1,0,0,no_residual_score_only,68074776453950166,58302209865562103,741135569217420002,2816837057,1db78467edc73593f51fda96555d568053b70a93745d355143b09927aa03f41a,7d91d34419b43dbb5427faac833eaae82571ade953bbee8e12a125e8aecc6333,5891.678772570414,5591.678772570414,3.747542214363663,300,0.4392486601136625,0.004340137587860227,0.43490852252580225,100,55,28881.240932815286,585959785.995955,3.923248791459548e-05
10,300,1,0,0,cma_es,68074776453950166,58302209865562103,820208586166104303,394913868,,,3358.41374269793,3058.41374269793,3.485496236477251,300,0.023268745047971606,0.0018434319645166397,0.021425313083454967,0,0,7609.6310140839905,35762998.11803605,
10,300,1,0,0,gp_ei,68074776453950166,58302209865562103,785599598008912725,434753025,,,15039.051354800582,14739.051354800582,4.168469532055356,300,3.423800328047946,0.00594811188057065,3.4178522161673754,0,0,16157.338979606211,239674293.5641576,
10,300,8,0,0,no_residual,291042634024607597,199846150081870488,450060615747000207,3745335117,1db78467edc73593f51fda96555d568053b70a93745d355143b09927aa03f41a,7d91d34419b43dbb5427faac833eaae82571ade953bbee8e12a125e8aecc6333,3578.651986086942,1378.651986086942,3.139454650804779,300,0.5016138490755111,0.08661793149076402,0.4149959175847471,96,51,25150219511.504093,1.648283254969071e+20,1.5258430766189216e-10
10,300,8,0,0,anchor_only,291042634024607597,199846150081870488,732420328940574201,2800822881,1db78467edc73593f51fda96555d568053b70a93745d355143b09927aa03f41a,7d91d34419b43dbb5427faac833eaae82571ade953bbee8e12a125e8aecc6333,238855125.29662913,238852925.29662913,8.378130564574382,300,0.16807250888086855,0.07673716894350946,0.0913353399373591,0,0,25150219511.504093,1.648283254969071e+20,1.5113521482028236e-10
10,300,8,0,0,no_residual_score_only,291042634024607597,199846150081870488,289959162430089937,1879707427,1db78467edc73593f51fda96555d568053b70a93745d355143b09927aa03f41a,7d91d34419b43dbb5427faac833eaae82571ade953bbee8e12a125e8aecc6333,202892.20728418982,200692.20728418982,5.302530509512,300,0.48787229089066386,0.08134376211091876,0.4065285287797451,100,55,25150219511.504093,1.648283254969071e+20,1.5258309844281751e-10
10,300,8,0,0,cma_es,291042634024607597,199846150081870488,75175950298102013,3862351133,,,19536.171616147203,17336.171616147203,4.238953197549003,300,0.0971086339559406,0.07296991557814181,0.024138718377798796,0,0,674013451.6943367,5.15955473302568e+18,
10,300,8,0,0,gp_ei,291042634024607597,199846150081870488,146769485686644899,3561066164,,,189129642.02498108,189127442.02498108,8.276754548704089,300,2.767902198014781,0.08580910041928291,2.682093097595498,0,0,5197735605.276127,4.313560339764123e+19,
20,600,1,0,0,no_residual,237818425610970960,922051297543814983,376233082611502968,3473388918,64c1e64c4cbd011cfa56d9f755f55d8fa577993f746c54a995d2f9eef5bc944b,7d91d34419b43dbb5427faac833eaae82571ade953bbee8e12a125e8aecc6333,21219.402742177605,20919.402742177605,4.320549281080548,600,1.1608968889340758,0.009580548387020826,1.151316340547055,226,152,91518.39565451059,4905600625.135497,1.4330148515785944e-05
20,600,1,0,0,anchor_only,237818425610970960,922051297543814983,737335881095678273,3541505108,64c1e64c4cbd011cfa56d9f755f55d8fa577993f746c54a995d2f9eef5bc944b,7d91d34419b43dbb5427faac833eaae82571ade953bbee8e12a125e8aecc6333,27064.84320720293,26764.84320720293,4.427564703559315,600,0.22455163905397058,0.00626763585023582,0.21828400320373476,0,0,91518.39565451059,4905600625.135497,1.313859617675861e-05
20,600,1,0,0,no_residual_score_only,237818425610970960,922051297543814983,789891149750746750,3675553870,64c1e64c4cbd011cfa56d9f755f55d8fa577993f746c54a995d2f9eef5bc944b,7d91d34419b43dbb5427faac833eaae82571ade953bbee8e12a125e8aecc6333,17149.21060171248,16849.21060171248,4.2265795586583295,600,1.093212443869561,0.009145615622401237,1.0840668282471597,249,159,91518.39565451059,4905600625.135497,1.5159827167290454e-05
20,600,1,0,0,cma_es,237818425610970960,922051297543814983,41128395856529683,3787974433,,,45709.25233246436,45409.25233246436,4.657144351261059,600,0.04903908399865031,0.003556512063369155,0.04548257193528116,0,0,56221.89387584815,510296576.01489127,
20,600,1,0,0,gp_ei,237818425610970960,922051297543814983,953663376663883043,3734357228,,,58348.42240457542,58048.42240457542,4.763790421313221,600,31.51143909106031,0.01738300477154553,31.494056086288765,0,0,65329.43286771961,2559972755.1940193,
20,600,8,0,0,no_residual,137347279415164962,1114898211654454414,818041686356228546,1779678806,64c1e64c4cbd011cfa56d9f755f55d8fa577993f746c54a995d2f9eef5bc944b,7d91d34419b43dbb5427faac833eaae82571ade953bbee8e12a125e8aecc6333,4108.366519296553,1908.3665192965527,3.2806617886182305,600,1.3970510710496455,0.26939408970065415,1.1276569813489914,240,150,225634664578.35928,1.2598465708097543e+20,1.7909693552673123e-09
20,600,8,0,0,anchor_only,137347279415164962,1114898211654454414,1043291205816381901,108262816,64c1e64c4cbd011cfa56d9f755f55d8fa577993f746c54a995d2f9eef5bc944b,7d91d34419b43dbb5427faac833eaae82571ade953bbee8e12a125e8aecc6333,14240090366.006275,14240088166.006275,10.15351267819771,600,0.4993149370420724,0.26458698068745434,0.23472795635461807,0,0,225634664578.35928,1.2598465708097543e+20,1.677939034447456e-09
20,600,8,0,0,no_residual_score_only,137347279415164962,1114898211654454414,338893225489466780,3603563315,64c1e64c4cbd011cfa56d9f755f55d8fa577993f746c54a995d2f9eef5bc944b,7d91d34419b43dbb5427faac833eaae82571ade953bbee8e12a125e8aecc6333,4951.97905465497,2751.9790546549702,3.4396451241556303,600,1.4047167100943625,0.26730529870837927,1.1374114113859832,250,160,225634664578.35928,1.2598465708097543e+20,1.7909693485711593e-09
20,600,8,0,0,cma_es,137347279415164962,1114898211654454414,781565855082984063,597975168,,,227204263.27702227,227202063.27702227,8.356412270990376,600,0.3199071811977774,0.2573542536702007,0.06255292752757668,0,0,9191934149.171696,2.691985404023133e+18,
20,600,8,0,0,gp_ei,137347279415164962,1114898211654454414,1024857358434964026,2033129616,,,8001162086.11595,8001159886.11595,9.903152948945234,600,27.222416235134006,0.2913150554522872,26.93110117968172,0,0,15551864894.909794,5.57272506614038e+19,
