behavior,step,potential_new,potential_old,potential_advantage,chosen_advantage,chosen_advantage_old,oracle_increment,oracle_gap,opportunity,fullpool_opportunity,selected,pair_distance,nearest_shared,saturation,clipped,realized
New,0,0.12368602346778398,0.10976525405473055,0.01392076941305344,0.054240374337597236,0.01022214076224541,0.04651917533359059,0.07636911266569803,0.6620370370370371,0.4861111111111111,0.4027777777777778,7.646030543303048,7.306362565468858,0.006105324169362171,0.009317129772777358,0.4363425925925926
New,35,0.0065209640564447635,0.0044460564572714415,0.0020749075991733225,0.001032031096083638,-0.00023196575272811093,0.002075803605988666,0.014370454402907214,0.13194444444444445,0.07175925925925926,0.1701388888888889,9.154302907348782,5.37765844359442,0.0,0.014149305856941888,0.05324074074074074
New,70,0.025504431253702258,0.013156828943452738,0.01234760231024952,0.00046572981583031597,0.0001736537186574154,0.0012276667837677788,0.01226028258655434,0.2800925925925926,0.1261574074074074,0.06655092592592593,9.491562264402294,4.379759910619921,0.0,0.013281250297074654,0.03125
New,105,0.004771388489071223,0.0030366641035976093,0.0017347243854736142,0.0002022377122422633,3.538783985951105e-05,0.00030204706136297926,0.0011853140350194945,0.08912037037037036,0.0798611111111111,0.13483796296296297,10.06643548404315,3.686803068551752,0.0,0.012586805831502986,0.06944444444444445
New,140,0.0012281852856109185,0.0015108826779329251,-0.00028269739232200664,-5.49236813290682e-06,-8.586297206260565e-05,2.4971928774498843e-05,0.0006337392746135659,0.020833333333333332,0.015046296296296295,0.028356481481481483,10.45415137803044,3.3200570550850697,0.0,0.012615741025742696,0.008101851851851851
New,175,0.0005097930430582454,0.0004910673898713732,1.8725653186872176e-05,-1.5303993576607254e-06,6.361825125893532e-06,2.441049702981588e-06,0.0004437299600621694,0.005787037037037037,0.003472222222222222,0.00636574074074074,10.919577371398056,3.3668220710630217,0.0,0.01270254659552679,0.0011574074074074073
New,210,0.0017530245434803267,0.002203349243952996,-0.00045032470047266944,-6.18539516600086e-06,1.5896546499418576e-05,1.0302369435908918e-05,0.0004283455515226925,0.018518518518518517,0.011574074074074073,0.004629629629629629,11.173048980016675,3.424632608235158,0.0,0.012152778040790171,0.0023148148148148147
New,245,0.0030019182864904266,0.0008667238936242131,0.0021351943928662135,3.1749477279340175e-07,2.3460631061992625e-05,1.2799131161079492e-05,0.0004129135334772483,0.020833333333333332,0.011574074074074073,0.008101851851851851,11.298482904624608,3.464459643319801,2.8935185616353044e-05,0.011979166916312857,0.003472222222222222
O,0,0.12368602346778398,0.10976525405473055,0.01392076941305344,0.054240374337597236,0.01022214076224541,0.04651917533359059,0.07636911266569803,0.6620370370370371,0.4861111111111111,0.4027777777777778,7.646030543303048,7.306362565468858,0.006105324169362171,0.009317129772777358,0.4363425925925926
O,35,0.02483323262256826,0.014761975016847794,0.010071257605720465,0.005007135084674196,0.002152436274307682,0.0055261159927416275,0.020121147038177394,0.31828703703703703,0.18055555555555555,0.22453703703703703,8.850151265109027,5.397446464333269,0.0,0.00992476870737004,0.13541666666666666
O,70,0.04832837062893439,0.02345220005642019,0.024876170572514202,0.004063213382391108,0.001713777389105181,0.004168448200255592,0.014791955338498357,0.39467592592592593,0.2037037037037037,0.1579861111111111,9.399991753407651,4.4789307215423495,0.0,0.009837963172079375,0.11574074074074074
O,105,0.011836471553174811,0.006354478328224407,0.005481993224950404,0.0010196595716441454,0.0005448865506275945,0.001066965247597788,0.0011949140646476263,0.1701388888888889,0.15856481481481483,0.22395833333333334,9.767782766458199,3.5999358592347965,0.0,0.008535879802096772,0.14699074074074073
O,140,0.012432785168770081,0.006771321970316219,0.005661463198453863,0.0001915579833051437,2.5903833942314343e-05,0.00024140024713140655,0.0004373921049536707,0.10648148148148148,0.09722222222222222,0.1111111111111111,10.176504994561482,3.126315307630985,0.0,0.009288194638901149,0.08564814814814815
O,175,0.002606846876140615,0.0008715510333853739,0.001735295842755241,-2.599678307264926e-05,-3.4242830729959273e-06,1.4125538979425511e-05,0.0005986841731114815,0.03009259259259259,0.020833333333333332,0.03356481481481482,10.772318607894704,3.2394672203809023,0.0,0.010908565052819473,0.01273148148148148
O,210,0.0038805584583854026,0.0010493500934292872,0.0028312083649561152,-1.6759916232597957e-05,-8.525301163357594e-05,3.4434375063736094e-05,0.000433426993456194,0.028935185185185185,0.02546296296296296,0.05439814814814815,11.135503980046552,3.371324138301942,0.0,0.011168981725522489,0.005787037037037037
O,245,0.009215562485257612,0.0016413918993849722,0.00757417058587264,1.8588818673177026e-05,1.6884269155281328e-05,6.427558470165793e-05,0.00043587859566612613,0.04513888888888889,0.027777777777777776,0.0954861111111111,11.26310077180258,3.4210007983880737,2.8935185616353044e-05,0.0120370373004806,0.013888888888888888
