case,variant,warmup,seed,algorithm_seed,initial_population_sha256,initial_best,final,actual_nfe,diagnostic_nfe,portfolio_evals,portfolio_incumbent_improvements,portfolio_sequential_gain,portfolio_top3_gain,gate_opportunities,sampled_decisions,residual_changes_sampled,batch_size,batch_seconds,observer_seconds,online_seconds_excluding_observer,objective_seconds,candidate_pool_seconds,anchor_seconds,ranking_seconds,proxy_seconds
bbob_f9_fixed,full,0.7,20268000,20264900,97f36d109c8376a88e2f73d9c51c93c2e3b87f2637bf73cc294bb7ae3063278a,19403.498046875,57.95886993408203,300,0,27,0,0,0,45,0,0,1,0.7166310800239444,0.006936299614608288,0.7096947804093361,0.015510107856243849,0.12236294150352478,0.07679494586773217,0.37125781015492976,0.18054147344082594
bbob_f9_fixed,anchor_only,0.7,20268000,20264900,97f36d109c8376a88e2f73d9c51c93c2e3b87f2637bf73cc294bb7ae3063278a,19403.498046875,57.95886993408203,300,0,0,0,0,0,0,0,0,1,0.0652608519885689,0.0,0.0652608519885689,0.009547701571136713,0.0,0.04514396144077182,0.0,0.0
bbob_f9_fixed,no_residual,0.7,20268000,20264900,97f36d109c8376a88e2f73d9c51c93c2e3b87f2637bf73cc294bb7ae3063278a,19403.498046875,54.071502685546875,300,0,31,2,3.8873672485351562,3.8873672485351562,45,0,0,1,0.5490742740221322,0.004518673988059163,0.544555600034073,0.014505431521683931,0.11881964094936848,0.07330904644913971,0.22881755069829524,0.17185181705281138
bbob_f9_fixed,score_only,0.7,20268000,20264900,97f36d109c8376a88e2f73d9c51c93c2e3b87f2637bf73cc294bb7ae3063278a,19403.498046875,53.336219787597656,300,0,45,2,4.622650146484375,4.622650146484375,45,0,0,1,0.6496363140176982,0.002809933852404356,0.6468263801652938,0.012632045894861221,0.11969108204357326,0.06869065528735518,0.33810114953666925,0.1627076838631183
bbob_f9_fixed,no_proxy,0.7,20268000,20264900,97f36d109c8376a88e2f73d9c51c93c2e3b87f2637bf73cc294bb7ae3063278a,19403.498046875,57.95886993408203,300,0,1,0,0,0,45,0,0,1,0.4898366730194539,0.006873171543702483,0.4829635014757514,0.012662851484492421,0.10802950314246118,0.0630176670383662,0.19832788943313062,0.0
bbob_f9_fixed,full,0.7,20268001,20264901,71dc48c6fddb2879c136df6cab923060f8c571f2683b25ec96977c22b95be99d,7733.1484375,55.57807922363281,300,0,24,4,2.0962753295898438,1.82025146484375,45,0,0,1,0.62042824504897,0.007575692608952522,0.6128525524400175,0.012409276328980923,0.10361710516735911,0.06602744059637189,0.32633718522265553,0.1581454228144139
bbob_f9_fixed,anchor_only,0.7,20268001,20264901,71dc48c6fddb2879c136df6cab923060f8c571f2683b25ec96977c22b95be99d,7733.1484375,57.674354553222656,300,0,0,0,0,0,0,0,0,1,0.07424883916974068,0.0,0.07424883916974068,0.010669940849766135,0.0,0.05210905475541949,0.0,0.0
bbob_f9_fixed,no_residual,0.7,20268001,20264901,71dc48c6fddb2879c136df6cab923060f8c571f2683b25ec96977c22b95be99d,7733.1484375,57.674354553222656,300,0,22,0,0,0,45,0,0,1,0.5630655309651047,0.003781351260840893,0.5592841797042638,0.013012718176469207,0.12651795311830938,0.07588504999876022,0.23010418843477964,0.17292445083148777
bbob_f9_fixed,score_only,0.7,20268001,20264901,71dc48c6fddb2879c136df6cab923060f8c571f2683b25ec96977c22b95be99d,7733.1484375,46.40511703491211,300,0,45,2,11.269237518310547,11.269237518310547,45,0,0,1,0.6295840030070394,0.0026793668512254953,0.6269046361558139,0.012738498160615563,0.11420381208881736,0.06585948006249964,0.3295061450917274,0.16223034891299903
bbob_f9_fixed,no_proxy,0.7,20268001,20264901,71dc48c6fddb2879c136df6cab923060f8c571f2683b25ec96977c22b95be99d,7733.1484375,57.674354553222656,300,0,1,0,0,0,45,0,0,1,0.5191265649627894,0.007583937840536237,0.5115426271222532,0.013769878074526787,0.11686903284862638,0.0657505914568901,0.20077462098561227,0.0
bbob_f9_fixed,full,0.7,20268002,20264902,716ad9c947160249d60df4159912dd8a9e87809ed899e42ca93f21c5828a6e8e,17259.49609375,57.36455154418945,300,0,24,0,0,0,45,0,0,1,0.6291013641748577,0.007013431051746011,0.6220879331231117,0.012357473373413086,0.10904342122375965,0.06566630071029067,0.3274020771495998,0.16272756666876376
bbob_f9_fixed,anchor_only,0.7,20268002,20264902,716ad9c947160249d60df4159912dd8a9e87809ed899e42ca93f21c5828a6e8e,17259.49609375,57.36455154418945,300,0,0,0,0,0,0,0,0,1,0.06726270890794694,0.0,0.06726270890794694,0.010206261649727821,0.0,0.046854964923113585,0.0,0.0
bbob_f9_fixed,no_residual,0.7,20268002,20264902,716ad9c947160249d60df4159912dd8a9e87809ed899e42ca93f21c5828a6e8e,17259.49609375,50.513389587402344,300,0,25,5,6.851161956787109,6.652172088623047,45,0,0,1,0.4862126260995865,0.0033019077964127064,0.4829107183031738,0.011219273554161191,0.10709262499585748,0.06471692328341305,0.2013241327367723,0.15175559162162244
bbob_f9_fixed,score_only,0.7,20268002,20264902,716ad9c947160249d60df4159912dd8a9e87809ed899e42ca93f21c5828a6e8e,17259.49609375,50.22855758666992,300,0,45,4,7.135993957519531,6.443042755126953,45,0,0,1,0.6066005998291075,0.0024629116524010897,0.6041376881767064,0.013471470680087805,0.10782866692170501,0.06512049143202603,0.3171684432309121,0.15666359872557223
bbob_f9_fixed,no_proxy,0.7,20268002,20264902,716ad9c947160249d60df4159912dd8a9e87809ed899e42ca93f21c5828a6e8e,17259.49609375,57.36455154418945,300,0,1,0,0,0,45,0,0,1,0.49486744217574596,0.006770482519641519,0.48809695965610445,0.012683418113738298,0.10972335981205106,0.06519496440887451,0.19513956434093416,0.0
bbob_f11_fixed,anchor_only,0.7,20268000,20265100,97f36d109c8376a88e2f73d9c51c93c2e3b87f2637bf73cc294bb7ae3063278a,42344.44140625,0.008959944359958172,300,0,0,0,0,0,0,0,0,1,0.08607430779375136,0.0,0.08607430779375136,0.02102745627053082,0.0,0.05338643188588321,0.0,0.0
bbob_f11_fixed,no_residual,0.7,20268000,20265100,97f36d109c8376a88e2f73d9c51c93c2e3b87f2637bf73cc294bb7ae3063278a,42344.44140625,0.008959944359958172,300,0,37,0,0,0,45,0,0,1,0.5541014161426574,0.004140705335885286,0.5499607108067721,0.02622389025054872,0.1148303512018174,0.07463044812902808,0.22124549467116594,0.16599688329733908
bbob_f11_fixed,score_only,0.7,20268000,20265100,97f36d109c8376a88e2f73d9c51c93c2e3b87f2637bf73cc294bb7ae3063278a,42344.44140625,0.008959944359958172,300,0,45,0,0,0,45,0,0,1,0.6563718679826707,0.0024860110133886337,0.653885856969282,0.024887796957045794,0.11505764489993453,0.06977165816351771,0.3351775754708797,0.16374593367800117
bbob_f11_fixed,no_proxy,0.7,20268000,20265100,97f36d109c8376a88e2f73d9c51c93c2e3b87f2637bf73cc294bb7ae3063278a,42344.44140625,0.008959944359958172,300,0,0,0,0,0,45,0,0,1,0.5132027459330857,0.007580053759738803,0.5056226921733469,0.024636533111333847,0.10717446077615023,0.0662808793131262,0.2009214423596859,0.0
bbob_f11_fixed,full,0.7,20268000,20265100,97f36d109c8376a88e2f73d9c51c93c2e3b87f2637bf73cc294bb7ae3063278a,42344.44140625,0.008959944359958172,300,0,44,0,0,0,45,0,0,1,0.7335167271085083,0.007344770943745971,0.7261719561647624,0.026594880502671003,0.12563126417808235,0.07299458747729659,0.3737934669479728,0.1834992163348943
bbob_f11_fixed,anchor_only,0.7,20268001,20265101,71dc48c6fddb2879c136df6cab923060f8c571f2683b25ec96977c22b95be99d,21288.240234375,0.0008606733754277229,300,0,0,0,0,0,0,0,0,1,0.07638598303310573,0.0,0.07638598303310573,0.018551570596173406,0.0,0.04750694497488439,0.0,0.0
bbob_f11_fixed,no_residual,0.7,20268001,20265101,71dc48c6fddb2879c136df6cab923060f8c571f2683b25ec96977c22b95be99d,21288.240234375,0.0008606733754277229,300,0,39,0,0,0,45,0,0,1,0.5392023229505867,0.004444233840331435,0.5347580891102552,0.025104945525527,0.11461508017964661,0.07219223235733807,0.2140123846475035,0.15914889727719128
bbob_f11_fixed,score_only,0.7,20268001,20265101,71dc48c6fddb2879c136df6cab923060f8c571f2683b25ec96977c22b95be99d,21288.240234375,0.0008606733754277229,300,0,45,0,0,0,45,0,0,1,0.6500704949721694,0.002634227741509676,0.6474362672306597,0.025922652101144195,0.1142173488624394,0.06854585255496204,0.3350575694348663,0.17091189185157418
bbob_f11_fixed,no_proxy,0.7,20268001,20265101,71dc48c6fddb2879c136df6cab923060f8c571f2683b25ec96977c22b95be99d,21288.240234375,0.0008606733754277229,300,0,0,0,0,0,45,0,0,1,0.5169555810280144,0.007478697458282113,0.5094768835697323,0.023613515542820096,0.11430013738572598,0.06718732160516083,0.19559409213252366,0.0
bbob_f11_fixed,full,0.7,20268001,20265101,71dc48c6fddb2879c136df6cab923060f8c571f2683b25ec96977c22b95be99d,21288.240234375,0.0008606733754277229,300,0,45,0,0,0,45,0,0,1,0.7062177590560168,0.009114577202126384,0.6971031818538904,0.028894971124827862,0.11746189650148153,0.07252753432840109,0.3496279444079846,0.17025481327436864
bbob_f11_fixed,anchor_only,0.7,20268002,20265102,716ad9c947160249d60df4159912dd8a9e87809ed899e42ca93f21c5828a6e8e,9251.4609375,0.5169649124145508,300,0,0,0,0,0,0,0,0,1,0.09500254597514868,0.0,0.09500254597514868,0.02260644524358213,0.0,0.05885381018742919,0.0,0.0
bbob_f11_fixed,no_residual,0.7,20268002,20265102,716ad9c947160249d60df4159912dd8a9e87809ed899e42ca93f21c5828a6e8e,9251.4609375,0.5169649124145508,300,0,37,0,0,0,45,0,0,1,0.5537035099696368,0.003623048309236765,0.5500804616604,0.024482227861881256,0.11071202158927917,0.0711504677310586,0.23082796786911786,0.17821199400350451
bbob_f11_fixed,score_only,0.7,20268002,20265102,716ad9c947160249d60df4159912dd8a9e87809ed899e42ca93f21c5828a6e8e,9251.4609375,0.5169649124145508,300,0,45,0,0,0,45,0,0,1,0.6710349139757454,0.003139086067676544,0.6678958279080689,0.02725366409868002,0.11953806085512042,0.07148914085701108,0.33705710736103356,0.16523218341171741
bbob_f11_fixed,no_proxy,0.7,20268002,20265102,716ad9c947160249d60df4159912dd8a9e87809ed899e42ca93f21c5828a6e8e,9251.4609375,0.5169649124145508,300,0,0,0,0,0,45,0,0,1,0.5045274100266397,0.006453382549807429,0.49807402747683227,0.024814411532133818,0.10823092213831842,0.0655606749933213,0.19478502008132637,0.0
bbob_f11_fixed,full,0.7,20268002,20265102,716ad9c947160249d60df4159912dd8a9e87809ed899e42ca93f21c5828a6e8e,9251.4609375,0.5169649124145508,300,0,45,0,0,0,45,0,0,1,0.6631742280442268,0.007722013862803578,0.6554522141814232,0.024836441967636347,0.10855348827317357,0.06877390993759036,0.3398121311329305,0.16866986243985593
cec_f1_shifted,no_residual,0.7,20268000,20264100,437a15643c595c0ceb09f443d2064bb76dbcf56d2f808cd32e792944c8828489,15673.7734375,1676.6075439453125,300,0,45,40,1809.2757568359375,583.2786865234375,45,0,0,1,0.5260858749970794,0.003942066803574562,0.5221438081935048,0.0040580048225820065,0.11664915829896927,0.07573112170211971,0.2140880583319813,0.16747470595873892
cec_f1_shifted,score_only,0.7,20268000,20264100,437a15643c595c0ceb09f443d2064bb76dbcf56d2f808cd32e792944c8828489,15673.7734375,1676.6075439453125,300,0,45,40,1809.2757568359375,583.2786865234375,45,0,0,1,0.495099717983976,0.0023428297135978937,0.4927568882703781,0.004051435738801956,0.10752777173183858,0.06973618757911026,0.2082238388247788,0.16386352060362697
cec_f1_shifted,no_proxy,0.7,20268000,20264100,437a15643c595c0ceb09f443d2064bb76dbcf56d2f808cd32e792944c8828489,15673.7734375,3485.88330078125,300,0,0,0,0,0,45,0,0,1,0.33827457507140934,0.0034940962214022875,0.33478047885000706,0.0036130587104707956,0.1038868217729032,0.06317332177422941,0.07310266280546784,0.0
cec_f1_shifted,full,0.7,20268000,20264100,437a15643c595c0ceb09f443d2064bb76dbcf56d2f808cd32e792944c8828489,15673.7734375,1676.6075439453125,300,0,45,40,1809.2757568359375,583.2786865234375,45,0,0,1,0.5078661560546607,0.00389693072065711,0.5039692253340036,0.004055624827742577,0.11369176511652768,0.06806702399626374,0.20778416004031897,0.16401407006196678
cec_f1_shifted,anchor_only,0.7,20268000,20264100,437a15643c595c0ceb09f443d2064bb76dbcf56d2f808cd32e792944c8828489,15673.7734375,3485.88330078125,300,0,0,0,0,0,0,0,0,1,0.07059924118220806,0.0,0.07059924118220806,0.0031981482170522213,0.0,0.05484431982040405,0.0,0.0
cec_f1_shifted,no_residual,0.7,20268001,20264101,0c71284dde362dff0c95a53b3ee929f71a2d924cbd51bae4246fd9a179b57283,14015.8330078125,1653.279296875,300,0,45,45,2273.191650390625,415.718994140625,45,0,0,1,0.4977477272041142,0.0035018378403037786,0.4942458893638104,0.004023924004286528,0.11375436396338046,0.06887577590532601,0.1994231038261205,0.15671589225530624
cec_f1_shifted,score_only,0.7,20268001,20264101,0c71284dde362dff0c95a53b3ee929f71a2d924cbd51bae4246fd9a179b57283,14015.8330078125,1653.279296875,300,0,45,45,2273.191650390625,415.718994140625,45,0,0,1,0.4864444930572063,0.0025933024007827044,0.48385119065642357,0.0044957175850868225,0.10775839653797448,0.06556860520504415,0.2045315511059016,0.15942350029945374
cec_f1_shifted,no_proxy,0.7,20268001,20264101,0c71284dde362dff0c95a53b3ee929f71a2d924cbd51bae4246fd9a179b57283,14015.8330078125,3926.470947265625,300,0,0,0,0,0,45,0,0,1,0.3573193638585508,0.0034466201905161142,0.3538727436680347,0.0038469654973596334,0.10458304896019399,0.06671675620600581,0.07601865846663713,0.0
cec_f1_shifted,full,0.7,20268001,20264101,0c71284dde362dff0c95a53b3ee929f71a2d924cbd51bae4246fd9a179b57283,14015.8330078125,1653.279296875,300,0,45,45,2273.191650390625,415.718994140625,45,0,0,1,0.5024050569627434,0.0037293166387826204,0.4986757403239608,0.003878134535625577,0.11135225277394056,0.07344305654987693,0.2017929928842932,0.15835382789373398
cec_f1_shifted,anchor_only,0.7,20268001,20264101,0c71284dde362dff0c95a53b3ee929f71a2d924cbd51bae4246fd9a179b57283,14015.8330078125,3926.470947265625,300,0,0,0,0,0,0,0,0,1,0.058979785069823265,0.0,0.058979785069823265,0.002593937562778592,0.0,0.04568715579807758,0.0,0.0
cec_f1_shifted,no_residual,0.7,20268002,20264102,14fd3cf46dc3fd1616c7d0768530b29a126820a1b60ea8e05afe07b9265d39a1,15391.6943359375,1100.3004150390625,300,0,45,42,1770.8897705078125,402.294677734375,45,0,0,1,0.5394621531013399,0.004056265112012625,0.5354058879893273,0.00411995267495513,0.11867759074084461,0.07533877831883729,0.2199891726486385,0.1733673713169992
cec_f1_shifted,score_only,0.7,20268002,20264102,14fd3cf46dc3fd1616c7d0768530b29a126820a1b60ea8e05afe07b9265d39a1,15391.6943359375,1100.3004150390625,300,0,45,42,1770.8897705078125,402.294677734375,45,0,0,1,0.496777769876644,0.0026960785035043955,0.4940816913731396,0.003965039271861315,0.10951610840857029,0.07096016290597618,0.20362088549882174,0.15899250702932477
cec_f1_shifted,no_proxy,0.7,20268002,20264102,14fd3cf46dc3fd1616c7d0768530b29a126820a1b60ea8e05afe07b9265d39a1,15391.6943359375,2871.190185546875,300,0,0,0,0,0,45,0,0,1,0.37498102989047766,0.0039874527137726545,0.370993577176705,0.003699422115460038,0.11085846810601652,0.06654344382695854,0.0802144636400044,0.0
cec_f1_shifted,full,0.7,20268002,20264102,14fd3cf46dc3fd1616c7d0768530b29a126820a1b60ea8e05afe07b9265d39a1,15391.6943359375,1100.3004150390625,300,0,45,42,1770.8897705078125,402.294677734375,45,0,0,1,0.5255101209040731,0.004317847779020667,0.5211922731250525,0.004225445445626974,0.11192459729500115,0.07488127402029932,0.21419238555245101,0.1680950305890292
cec_f1_shifted,anchor_only,0.7,20268002,20264102,14fd3cf46dc3fd1616c7d0768530b29a126820a1b60ea8e05afe07b9265d39a1,15391.6943359375,2871.190185546875,300,0,0,0,0,0,0,0,0,1,0.07252696016803384,0.0,0.07252696016803384,0.003446517512202263,0.0,0.05620470456779003,0.0,0.0
cec_f3_shifted,score_only,0.7,20268000,20264300,437a15643c595c0ceb09f443d2064bb76dbcf56d2f808cd32e792944c8828489,3066799616.0,80202880.0,300,0,45,22,115035312.0,51194144.0,45,0,0,1,0.5329384631477296,0.0025940153282135725,0.5303444478195161,0.008553011110052466,0.11858424986712635,0.07298383000306785,0.2174075162038207,0.17074952623806894
cec_f3_shifted,no_proxy,0.7,20268000,20264300,437a15643c595c0ceb09f443d2064bb76dbcf56d2f808cd32e792944c8828489,3066799616.0,195238192.0,300,0,0,0,0,0,45,0,0,1,0.3618691898882389,0.0035334748681634665,0.35833571502007544,0.0077932539861649275,0.10510011622682214,0.06739416788332164,0.0765346041880548,0.0
cec_f3_shifted,full,0.7,20268000,20264300,437a15643c595c0ceb09f443d2064bb76dbcf56d2f808cd32e792944c8828489,3066799616.0,81224544.0,300,0,44,24,114013648.0,51194144.0,45,0,0,1,0.4852400340605527,0.0037277706433087587,0.48151226341724396,0.007475847844034433,0.10518011241219938,0.0663387964013964,0.2012675462756306,0.15782189811579883
cec_f3_shifted,anchor_only,0.7,20268000,20264300,437a15643c595c0ceb09f443d2064bb76dbcf56d2f808cd32e792944c8828489,3066799616.0,195238192.0,300,0,0,0,0,0,0,0,0,1,0.06747311190702021,0.0,0.06747311190702021,0.006385961314663291,0.0,0.050500340294092894,0.0,0.0
cec_f3_shifted,no_residual,0.7,20268000,20264300,437a15643c595c0ceb09f443d2064bb76dbcf56d2f808cd32e792944c8828489,3066799616.0,81224544.0,300,0,44,24,114013648.0,51194144.0,45,0,0,1,0.49161464790813625,0.004017626168206334,0.4875970217399299,0.007850383408367634,0.10805486375465989,0.06720669288188219,0.20102658797986805,0.15729418280534446
cec_f3_shifted,score_only,0.7,20268001,20264301,0c71284dde362dff0c95a53b3ee929f71a2d924cbd51bae4246fd9a179b57283,2789149440.0,123743704.0,300,0,45,32,318338664.0,118894992.0,45,0,0,1,0.49028535815887153,0.0022806792985647917,0.48800467886030674,0.00730881723575294,0.11578912893310189,0.06702057737857103,0.19564340100623667,0.15224676090292633
cec_f3_shifted,no_proxy,0.7,20268001,20264301,0c71284dde362dff0c95a53b3ee929f71a2d924cbd51bae4246fd9a179b57283,2789149440.0,442082368.0,300,0,0,0,0,0,45,0,0,1,0.3550997101701796,0.0031349530909210443,0.35196475707925856,0.0077192026656121016,0.10771791404113173,0.06683320016600192,0.07496298616752028,0.0
cec_f3_shifted,full,0.7,20268001,20264301,0c71284dde362dff0c95a53b3ee929f71a2d924cbd51bae4246fd9a179b57283,2789149440.0,105480848.0,300,0,42,30,336601520.0,154730096.0,45,0,0,1,0.5067155449651182,0.0035302196629345417,0.5031853253021836,0.007188254501670599,0.11706234305165708,0.0688322838395834,0.20203967834822834,0.15808321256190538
cec_f3_shifted,anchor_only,0.7,20268001,20264301,0c71284dde362dff0c95a53b3ee929f71a2d924cbd51bae4246fd9a179b57283,2789149440.0,442082368.0,300,0,0,0,0,0,0,0,0,1,0.06176160601899028,0.0,0.06176160601899028,0.005936534609645605,0.0,0.045829295413568616,0.0,0.0
cec_f3_shifted,no_residual,0.7,20268001,20264301,0c71284dde362dff0c95a53b3ee929f71a2d924cbd51bae4246fd9a179b57283,2789149440.0,105480848.0,300,0,42,30,336601520.0,154730096.0,45,0,0,1,0.4804106941446662,0.003741031512618065,0.47666966263204813,0.007600327022373676,0.10576068516820669,0.06494195433333516,0.19610867742449045,0.15488513140007854
cec_f3_shifted,score_only,0.7,20268002,20264302,14fd3cf46dc3fd1616c7d0768530b29a126820a1b60ea8e05afe07b9265d39a1,3769374208.0,17813466.0,300,0,45,6,7222986.0,6600014.0,45,0,0,1,0.4894268719945103,0.0026756238657981157,0.4867512481287122,0.00794279738329351,0.11001959163695574,0.06675731670111418,0.19932629447430372,0.15625956049188972
cec_f3_shifted,no_proxy,0.7,20268002,20264302,14fd3cf46dc3fd1616c7d0768530b29a126820a1b60ea8e05afe07b9265d39a1,3769374208.0,25036452.0,300,0,0,0,0,0,45,0,0,1,0.3800858659669757,0.0032724663615226746,0.376813399605453,0.008002303075045347,0.1098224543966353,0.07035491662099957,0.082532265689224,0.0
cec_f3_shifted,full,0.7,20268002,20264302,14fd3cf46dc3fd1616c7d0768530b29a126820a1b60ea8e05afe07b9265d39a1,3769374208.0,17813466.0,300,0,45,6,7222986.0,6600014.0,45,0,0,1,0.5152383560780436,0.0038011763244867325,0.5114371797535568,0.007812532596290112,0.11259729182347655,0.06943077826872468,0.2114890213124454,0.16541664954274893
cec_f3_shifted,anchor_only,0.7,20268002,20264302,14fd3cf46dc3fd1616c7d0768530b29a126820a1b60ea8e05afe07b9265d39a1,3769374208.0,25036452.0,300,0,0,0,0,0,0,0,0,1,0.07174510997720063,0.0,0.07174510997720063,0.006603986956179142,0.0,0.053573381155729294,0.0,0.0
cec_f3_shifted,no_residual,0.7,20268002,20264302,14fd3cf46dc3fd1616c7d0768530b29a126820a1b60ea8e05afe07b9265d39a1,3769374208.0,17813466.0,300,0,45,6,7222986.0,6600014.0,45,0,0,1,0.4869133399333805,0.0038939756341278553,0.48301936429925263,0.008434720803052187,0.10794862173497677,0.06492812652140856,0.19171657925471663,0.14996292814612389
