suite,fid,instance,comparator,full_mean,comparator_mean,full_minus_comparator
cec2017,10,1,anchor_only,4306032.626461003,52728200.64811611,-48422168.02165511
cec2017,10,1,cma_es,4306032.626461003,804678.669515721,3501353.956945282
cec2017,10,1,de,4306032.626461003,9611029.409876551,-5304996.7834155485
cec2017,10,1,random,4306032.626461003,19648931.485390328,-15342898.858929325
cec2017,11,1,anchor_only,228637756.9139583,1741048141.8294659,-1512410384.9155076
cec2017,11,1,cma_es,228637756.9139583,143435859.69677764,85201897.21718067
cec2017,11,1,de,228637756.9139583,630032941.2223575,-401395184.3083992
cec2017,11,1,random,228637756.9139583,1642792264.3822613,-1414154507.468303
cec2017,12,1,anchor_only,62338823.034914136,866760556.7377987,-804421733.7028846
cec2017,12,1,cma_es,62338823.034914136,7972290.320941782,54366532.71397235
cec2017,12,1,de,62338823.034914136,225288325.12744078,-162949502.09252664
cec2017,12,1,random,62338823.034914136,456072372.7405319,-393733549.7056178
cec2017,13,1,anchor_only,39028.53309075566,477529.83177769947,-438501.29868694383
cec2017,13,1,cma_es,39028.53309075566,56848.91481121094,-17820.381720455276
cec2017,13,1,de,39028.53309075566,70939.10982405621,-31910.57673330055
cec2017,13,1,random,39028.53309075566,249192.48745321244,-210163.95436245677
cec2017,14,1,anchor_only,5154513.5745404875,68088578.28429,-62934064.70974951
cec2017,14,1,cma_es,5154513.5745404875,1682385.705414341,3472127.8691261467
cec2017,14,1,de,5154513.5745404875,26936489.39964187,-21781975.825101383
cec2017,14,1,random,5154513.5745404875,44484819.021952584,-39330305.447412096
cec2017,15,1,anchor_only,573509.317704234,5526925.583489796,-4953416.265785562
cec2017,15,1,cma_es,573509.317704234,45670.17689254935,527839.1408116847
cec2017,15,1,de,573509.317704234,463987.31206292415,109522.0056413099
cec2017,15,1,random,573509.317704234,3748294.398024462,-3174785.080320228
cec2017,16,1,anchor_only,5663410.090174701,4834112181.545604,-4828448771.455429
cec2017,16,1,cma_es,5663410.090174701,67519.48825149871,5595890.601923202
cec2017,16,1,de,5663410.090174701,12805464.114945771,-7142054.02477107
cec2017,16,1,random,5663410.090174701,152580572.76779425,-146917162.67761955
cec2017,17,1,anchor_only,10694647.589238953,86524156.56071597,-75829508.97147702
cec2017,17,1,cma_es,10694647.589238953,2432390.38766173,8262257.201577223
cec2017,17,1,de,10694647.589238953,26483743.272799868,-15789095.683560915
cec2017,17,1,random,10694647.589238953,67832116.37692268,-57137468.787683725
cec2017,18,1,anchor_only,6416002573.565153,11484399333.011583,-5068396759.44643
cec2017,18,1,cma_es,6416002573.565153,2880022409.466903,3535980164.09825
cec2017,18,1,de,6416002573.565153,3673698472.953679,2742304100.611474
cec2017,18,1,random,6416002573.565153,2772829936.2347903,3643172637.330363
cec2017,19,1,anchor_only,2916.0781830544693,4053.332571571613,-1137.2543885171435
cec2017,19,1,cma_es,2916.0781830544693,2523.7054819270847,392.3727011273845
cec2017,19,1,de,2916.0781830544693,3653.3367819425366,-737.2585988880674
cec2017,19,1,random,2916.0781830544693,4053.417336827257,-1137.3391537727875
cec2017,20,1,anchor_only,6074.161299286731,10715.500664119254,-4641.339364832523
cec2017,20,1,cma_es,6074.161299286731,3060.8767608136473,3013.284538473084
cec2017,20,1,de,6074.161299286731,5586.034864134688,488.1264351520431
cec2017,20,1,random,6074.161299286731,6650.318008972654,-576.1567096859226
cec2017,21,1,anchor_only,2237.438201272179,2338.121827561389,-100.68362628921022
cec2017,21,1,cma_es,2237.438201272179,2218.81531074531,18.622890526869014
cec2017,21,1,de,2237.438201272179,2250.031828102883,-12.593626830704125
cec2017,21,1,random,2237.438201272179,2293.4311805975717,-55.99297932539275
cec2017,22,1,anchor_only,3895.2420387210304,6534.033187430525,-2638.7911487094943
cec2017,22,1,cma_es,3895.2420387210304,3103.786790800797,791.4552479202334
cec2017,22,1,de,3895.2420387210304,4510.077427461727,-614.8353887406965
cec2017,22,1,random,3895.2420387210304,5730.912940282174,-1835.6709015611432
cec2017,23,1,anchor_only,7590.313598735396,10117.707121233645,-2527.393522498249
cec2017,23,1,cma_es,7590.313598735396,3813.123585045453,3777.190013689943
cec2017,23,1,de,7590.313598735396,7247.168046735902,343.1455519994943
cec2017,23,1,random,7590.313598735396,8743.018963919514,-1152.705365184118
cec2017,24,1,anchor_only,3185.3540156353697,3472.313266931445,-286.9592512960753
cec2017,24,1,cma_es,3185.3540156353697,2960.73420486174,224.61981077362952
cec2017,24,1,de,3185.3540156353697,3354.5005947849036,-169.14657914953386
cec2017,24,1,random,3185.3540156353697,3691.35398772793,-505.99997209256026
cec2017,25,1,anchor_only,3135.5133767180837,3709.586336303215,-574.0729595851312
cec2017,25,1,cma_es,3135.5133767180837,3002.8066585540923,132.70671816399135
cec2017,25,1,de,3135.5133767180837,3234.0486486359405,-98.53527191785679
cec2017,25,1,random,3135.5133767180837,3604.70089794323,-469.18752122514616
cec2017,26,1,anchor_only,3113.158170499819,3377.1672006772947,-264.0090301774758
cec2017,26,1,cma_es,3113.158170499819,3023.469199355493,89.68897114432593
cec2017,26,1,de,3113.158170499819,3167.454073182355,-54.29590268253605
cec2017,26,1,random,3113.158170499819,3231.8063837499603,-118.64821325014145
cec2017,27,1,anchor_only,3335.110532008667,3689.5620551200545,-354.45152311138736
cec2017,27,1,cma_es,3335.110532008667,3050.2904128023583,284.82011920630885
cec2017,27,1,de,3335.110532008667,3398.9894781158655,-63.87894610719832
cec2017,27,1,random,3335.110532008667,3542.4041278428545,-207.29359583418727
cec2017,28,1,anchor_only,9340172455.44914,1502721722015.8943,-1493381549560.445
cec2017,28,1,cma_es,9340172455.44914,3820422.856767836,9336352032.592373
cec2017,28,1,de,9340172455.44914,144748402.6413518,9195424052.807789
cec2017,28,1,random,9340172455.44914,971812387.0666988,8368360068.3824415
cec2017,29,1,anchor_only,1954764253.4687371,6205702037.81735,-4250937784.3486133
cec2017,29,1,cma_es,1954764253.4687371,154640107.87670025,1800124145.592037
cec2017,29,1,de,1954764253.4687371,1074672889.968304,880091363.5004332
cec2017,29,1,random,1954764253.4687371,1800996081.7331996,153768171.73553753
coco,1,101,anchor_only,-9.944729959757385,5.271607606436974,-15.216337566194358
coco,1,101,cma_es,-9.944729959757385,-22.6362380945703,12.691508134812914
coco,1,101,de,-9.944729959757385,-2.3658871055564563,-7.5788428542009285
coco,1,101,random,-9.944729959757385,4.170614854112218,-14.115344813869603
coco,1,102,anchor_only,1013.3428995998705,1035.9463279830502,-22.603428383179676
coco,1,102,cma_es,1013.3428995998705,1002.1023895822491,11.240510017621432
coco,1,102,de,1013.3428995998705,1017.7868291854189,-4.443929585548403
coco,1,102,random,1013.3428995998705,1029.2113129013328,-15.868413301462283
coco,2,101,anchor_only,52080.08010810205,509602.3923341632,-457522.3122260611
coco,2,101,cma_es,52080.08010810205,47411.9777955662,4668.102312535848
coco,2,101,de,52080.08010810205,140075.97440881177,-87995.89430070973
coco,2,101,random,52080.08010810205,248852.68360476027,-196772.6034966582
coco,2,102,anchor_only,74590.70541342808,324848.3157498996,-250257.61033647152
coco,2,102,cma_es,74590.70541342808,38466.87706144448,36123.8283519836
coco,2,102,de,74590.70541342808,128314.28147390822,-53723.57606048015
coco,2,102,random,74590.70541342808,263062.42633922026,-188471.72092579218
coco,3,101,anchor_only,216.25124150985874,304.966470694677,-88.71522918481827
coco,3,101,cma_es,216.25124150985874,199.974726104403,16.27651540545574
coco,3,101,de,216.25124150985874,271.10168325475274,-54.850441744894
coco,3,101,random,216.25124150985874,288.18863845674133,-71.93739694688259
coco,3,102,anchor_only,219.40391974624558,296.04532928587594,-76.64140953963036
coco,3,102,cma_es,219.40391974624558,179.36238275166383,40.04153699458175
coco,3,102,de,219.40391974624558,270.0373083882609,-50.63338864201532
coco,3,102,random,219.40391974624558,292.05383051422353,-72.64991076797796
coco,4,101,anchor_only,346.1151541584857,398.52769610446455,-52.41254194597883
coco,4,101,cma_es,346.1151541584857,217.80021064486033,128.3149435136254
coco,4,101,de,346.1151541584857,335.81063006914394,10.304524089341783
coco,4,101,random,346.1151541584857,372.1060996073752,-25.990945448889477
coco,4,102,anchor_only,281.7362774584896,353.17733973957354,-71.44106228108393
coco,4,102,cma_es,281.7362774584896,196.1078301792248,85.6284472792648
coco,4,102,de,281.7362774584896,306.07539137514226,-24.33911391665265
coco,4,102,random,281.7362774584896,349.9580724223583,-68.22179496386872
coco,5,101,anchor_only,-958.7648929774326,-906.710376588102,-52.054516389330615
coco,5,101,cma_es,-958.7648929774326,-987.5359849916389,28.77109201420626
coco,5,101,de,-958.7648929774326,-930.3308773489196,-28.434015628513066
coco,5,101,random,-958.7648929774326,-922.144235438737,-36.62065753869558
coco,5,102,anchor_only,-62.94785111909802,-8.508590265133577,-54.43926085396444
coco,5,102,cma_es,-62.94785111909802,-91.91225778370232,28.964406664604297
coco,5,102,de,-62.94785111909802,-30.560310516151322,-32.3875406029467
coco,5,102,random,-62.94785111909802,-13.657845763969018,-49.290005355129
coco,6,101,anchor_only,31521.628454873244,120985.69950050456,-89464.07104563131
coco,6,101,cma_es,31521.628454873244,467.05367511525276,31054.57477975799
coco,6,101,de,31521.628454873244,59367.56965694481,-27845.941202071568
coco,6,101,random,31521.628454873244,78996.44515648256,-47474.816701609314
coco,6,102,anchor_only,814.2036772587146,23292.374887588783,-22478.171210330067
coco,6,102,cma_es,814.2036772587146,74.3489142560738,739.8547630026408
coco,6,102,de,814.2036772587146,4195.298132645099,-3381.0944553863847
coco,6,102,random,814.2036772587146,23185.623357484994,-22371.419680226278
coco,7,101,anchor_only,-162.84327974674358,-119.13269458372856,-43.71058516301501
coco,7,101,cma_es,-162.84327974674358,-197.335153546037,34.491873799293415
coco,7,101,de,-162.84327974674358,-145.80960676549316,-17.03367298125042
coco,7,101,random,-162.84327974674358,-82.2005399853147,-80.64273976142887
coco,7,102,anchor_only,-254.4148969238077,-191.48408677531492,-62.93081014849278
coco,7,102,cma_es,-254.4148969238077,-309.6722931158805,55.257396192072804
coco,7,102,de,-254.4148969238077,-217.76679684487104,-36.648100078936665
coco,7,102,random,-254.4148969238077,-156.0837456162143,-98.33115130759342
coco,8,101,anchor_only,2823.0361767881423,9836.347288906512,-7013.31111211837
coco,8,101,cma_es,2823.0361767881423,245.56716084633553,2577.469015941807
coco,8,101,de,2823.0361767881423,7425.636841033241,-4602.600664245098
coco,8,101,random,2823.0361767881423,14048.256876416475,-11225.220699628333
coco,8,102,anchor_only,2160.929713125184,10221.057803587037,-8060.1280904618525
coco,8,102,cma_es,2160.929713125184,280.16874598710496,1880.7609671380792
coco,8,102,de,2160.929713125184,7541.327707349857,-5380.397994224672
coco,8,102,random,2160.929713125184,15115.614417416116,-12954.684704290932
coco,9,101,anchor_only,-76.53011313162924,-72.72886053952564,-3.8012525921035945
coco,9,101,cma_es,-76.53011313162924,-80.47145777023539,3.9413446386061537
coco,9,101,de,-76.53011313162924,4691.440322750585,-4767.970435882215
coco,9,101,random,-76.53011313162924,11000.243630154384,-11076.773743286014
coco,9,102,anchor_only,549.3463843187452,552.2234893084685,-2.877104989723307
coco,9,102,cma_es,549.3463843187452,554.2419612697864,-4.895576951041221
coco,9,102,de,549.3463843187452,6569.320233778315,-6019.9738494595695
coco,9,102,random,549.3463843187452,8189.536258059852,-7640.189873741107
coco,10,101,anchor_only,164691.84606676124,281078.97989488504,-116387.1338281238
coco,10,101,cma_es,164691.84606676124,54244.957547922386,110446.88851883885
coco,10,101,de,164691.84606676124,230449.14142164713,-65757.2953548859
coco,10,101,random,164691.84606676124,251576.7630737961,-86884.91700703485
coco,10,102,anchor_only,147527.25561082578,609545.2327322662,-462017.9771214404
coco,10,102,cma_es,147527.25561082578,57288.32621667696,90238.92939414883
coco,10,102,de,147527.25561082578,263176.93808322883,-115649.68247240304
coco,10,102,random,147527.25561082578,265217.95532174443,-117690.69971091865
coco,11,101,anchor_only,410.44616606091404,1385.3306768332136,-974.8845107722996
coco,11,101,cma_es,410.44616606091404,167.57748197877248,242.86868408214156
coco,11,101,de,410.44616606091404,232.01672476285376,178.42944129806028
coco,11,101,random,410.44616606091404,322.16457271205593,88.28159334885811
coco,11,102,anchor_only,-553.0021235527344,1448.6451072716734,-2001.6472308244079
coco,11,102,cma_es,-553.0021235527344,-638.6204112141672,85.61828766143287
coco,11,102,de,-553.0021235527344,-585.33940599867,32.33728244593567
coco,11,102,random,-553.0021235527344,-403.6989113798477,-149.30321217288667
coco,12,101,anchor_only,14875960.297934506,27713580.838766206,-12837620.5408317
coco,12,101,cma_es,14875960.297934506,761776.1040384963,14114184.19389601
coco,12,101,de,14875960.297934506,17676027.37029242,-2800067.0723579153
coco,12,101,random,14875960.297934506,31307392.475512333,-16431432.177577827
coco,12,102,anchor_only,16288306.94883952,48213299.11849834,-31924992.16965882
coco,12,102,cma_es,16288306.94883952,2161247.7109133536,14127059.237926167
coco,12,102,de,16288306.94883952,19158707.970074013,-2870401.0212344937
coco,12,102,random,16288306.94883952,34397727.289051816,-18109420.340212297
coco,13,101,anchor_only,560.4339711869973,1070.2507929563562,-509.81682176935897
coco,13,101,cma_es,560.4339711869973,261.73807508360886,298.6958961033884
coco,13,101,de,560.4339711869973,794.4884426506493,-234.05447146365202
coco,13,101,random,560.4339711869973,1083.6540518608385,-523.2200806738413
coco,13,102,anchor_only,633.5544079385534,926.1593657827045,-292.60495784415116
coco,13,102,cma_es,633.5544079385534,254.99758939719317,378.5568185413602
coco,13,102,de,633.5544079385534,793.3799484329486,-159.82554049439523
coco,13,102,random,633.5544079385534,947.6850634355518,-314.13065549699843
coco,14,101,anchor_only,-81.12882226476812,-72.7764495638666,-8.352372700901512
coco,14,101,cma_es,-81.12882226476812,-87.34087507073589,6.212052805967772
coco,14,101,de,-81.12882226476812,-81.36573174342904,0.2369094786609196
coco,14,101,random,-81.12882226476812,-74.51181476085324,-6.617007503914877
coco,14,102,anchor_only,-328.1974655165679,-323.75705891909223,-4.440406597475658
coco,14,102,cma_es,-328.1974655165679,-334.0663381188882,5.868872602320323
coco,14,102,de,-328.1974655165679,-326.630097740804,-1.5673677757638984
coco,14,102,random,-328.1974655165679,-323.5248860646782,-4.672579451889703
coco,15,101,anchor_only,1095.9289954590565,1194.414170646455,-98.48517518739845
coco,15,101,cma_es,1095.9289954590565,1076.7281011576401,19.200894301416383
coco,15,101,de,1095.9289954590565,1152.6405891069744,-56.71159364791788
coco,15,101,random,1095.9289954590565,1199.0850518209768,-103.15605636192026
coco,15,102,anchor_only,-233.3895716498151,-132.4080453882645,-100.98152626155061
coco,15,102,cma_es,-233.3895716498151,-276.42532598589594,43.03575433608083
coco,15,102,de,-233.3895716498151,-199.57802020945832,-33.811551440356794
coco,15,102,random,-233.3895716498151,-142.1541465881201,-91.235425061695
coco,16,101,anchor_only,-66.66228263736309,-63.952241881779024,-2.7100407555840675
coco,16,101,cma_es,-66.66228263736309,-65.91119196704528,-0.751090670317808
coco,16,101,de,-66.66228263736309,-67.73489666187345,1.072614024510358
coco,16,101,random,-66.66228263736309,-65.23949674772801,-1.4227858896350796
coco,16,102,anchor_only,27.802105608038005,33.57702380874735,-5.774918200709344
coco,16,102,cma_es,27.802105608038005,27.876204841479478,-0.07409923344147273
coco,16,102,de,27.802105608038005,28.473177974494156,-0.6710723664561513
coco,16,102,random,27.802105608038005,26.621167355216063,1.1809382528219423
coco,17,101,anchor_only,40.87096371057082,44.732253486302845,-3.8612897757320255
coco,17,101,cma_es,40.87096371057082,37.63180167194956,3.2391620386212594
coco,17,101,de,40.87096371057082,42.63308368699959,-1.762119976428771
coco,17,101,random,40.87096371057082,41.63292881180523,-0.7619651012344093
coco,17,102,anchor_only,-56.12622068314406,-52.18994860316843,-3.9362720799756303
coco,17,102,cma_es,-56.12622068314406,-60.2497556198262,4.123534936682141
coco,17,102,de,-56.12622068314406,-55.124245728122034,-1.0019749550220283
coco,17,102,random,-56.12622068314406,-52.680865098706775,-3.445355584437287
coco,18,101,anchor_only,54.82908275113992,68.4121839177503,-13.583101166610376
coco,18,101,cma_es,54.82908275113992,42.76666416281155,12.06241858832837
coco,18,101,de,54.82908275113992,58.804576814945506,-3.9754940638055842
coco,18,101,random,54.82908275113992,59.9707578669108,-5.14167511577088
coco,18,102,anchor_only,-34.48541266657061,-16.77037906077115,-17.715033605799462
coco,18,102,cma_es,-34.48541266657061,-52.49028260580675,18.004869939236137
coco,18,102,de,-34.48541266657061,-36.97135612478692,2.485943458216312
coco,18,102,random,-34.48541266657061,-26.466640507494255,-8.018772159076356
coco,19,101,anchor_only,181.80311086814592,181.80311086814592,0.0
coco,19,101,cma_es,181.80311086814592,185.97647262579454,-4.173361757648621
coco,19,101,de,181.80311086814592,191.09557151127086,-9.29246064312494
coco,19,101,random,181.80311086814592,192.59970253300298,-10.796591664857061
coco,19,102,anchor_only,-7.982186855923523,-7.982186855923523,0.0
coco,19,102,cma_es,-7.982186855923523,-3.9354580988613166,-4.046728757062207
coco,19,102,de,-7.982186855923523,0.857896696810827,-8.840083552734349
coco,19,102,random,-7.982186855923523,2.0045474508086,-9.986734306732123
coco,20,101,anchor_only,579.4917881062299,1092.5928278026497,-513.1010396964198
coco,20,101,cma_es,579.4917881062299,564.62226719464,14.869520911589916
coco,20,101,de,579.4917881062299,1783.1832947600524,-1203.6915066538224
coco,20,101,random,579.4917881062299,5781.332651723626,-5201.840863617396
coco,20,102,anchor_only,108.18485735940916,1683.969272457547,-1575.784415098138
coco,20,102,cma_es,108.18485735940916,-64.18972019329317,172.37457755270233
coco,20,102,de,108.18485735940916,2562.851555081013,-2454.6666977216037
coco,20,102,random,108.18485735940916,5571.075646125736,-5462.890788766327
coco,21,101,anchor_only,190.0144518759799,207.61430593511471,-17.599854059134827
coco,21,101,cma_es,190.0144518759799,167.96647753565048,22.047974340329404
coco,21,101,de,190.0144518759799,202.19690009978194,-12.182448223802055
coco,21,101,random,190.0144518759799,201.34635315221368,-11.331901276233793
coco,21,102,anchor_only,-146.61024782499962,-121.0555318959318,-25.554715929067825
coco,21,102,cma_es,-146.61024782499962,-172.5101085931803,25.899860768180673
coco,21,102,de,-146.61024782499962,-134.5787691322425,-12.031478692757105
coco,21,102,random,-146.61024782499962,-136.05580585869419,-10.554441966305433
coco,22,101,anchor_only,48.709034980308346,71.28866481042641,-22.579629830118066
coco,22,101,cma_es,48.709034980308346,12.091001012355774,36.61803396795257
coco,22,101,de,48.709034980308346,48.893845905680486,-0.1848109253721404
coco,22,101,random,48.709034980308346,60.082304942323404,-11.373269962015058
coco,22,102,anchor_only,-65.17712800630466,-40.98996317530482,-24.187164830999833
coco,22,102,cma_es,-65.17712800630466,-85.26727357424679,20.09014556794213
coco,22,102,de,-65.17712800630466,-58.01578762174584,-7.1613403845588195
coco,22,102,random,-65.17712800630466,-42.14988550715735,-23.027242499147306
coco,23,101,anchor_only,-132.1256815405116,-131.8146214245356,-0.31106011597600514
coco,23,101,cma_es,-132.1256815405116,-132.2249464886195,0.09926494810790132
coco,23,101,de,-132.1256815405116,-132.30095591050767,0.1752743699960604
coco,23,101,random,-132.1256815405116,-131.8184433172134,-0.3072382232982136
coco,23,102,anchor_only,-398.5132759109507,-398.34173343378006,-0.17154247717064663
coco,23,102,cma_es,-398.5132759109507,-398.5541496706635,0.040873759712781066
coco,23,102,de,-398.5132759109507,-398.6359177980454,0.12264188709468726
coco,23,102,random,-398.5132759109507,-398.46217429349207,-0.05110161745864161
coco,24,101,anchor_only,1091.6865553660818,1141.3001127165228,-49.61355735044094
coco,24,101,cma_es,1091.6865553660818,1071.9281965823543,19.758358783727545
coco,24,101,de,1091.6865553660818,1129.1003194291784,-37.41376406309655
coco,24,101,random,1091.6865553660818,1166.3188319768174,-74.63227661073552
coco,24,102,anchor_only,93.35888402180322,148.8104116013445,-55.45152757954128
coco,24,102,cma_es,93.35888402180322,82.00987807907136,11.349005942731864
coco,24,102,de,93.35888402180322,148.5770231999159,-55.21813917811269
coco,24,102,random,93.35888402180322,152.7609356565197,-59.402051634716486
