suite,fid,instance,method,mean,std,rank
cec2017,10,1,full,4306032.626461003,5931602.766929401,2.0
cec2017,10,1,anchor_only,52728200.64811611,83811303.11519462,5.0
cec2017,10,1,cma_es,804678.669515721,1020622.6976555899,1.0
cec2017,10,1,de,9611029.409876551,10422642.385163117,3.0
cec2017,10,1,random,19648931.485390328,16546707.62552785,4.0
cec2017,11,1,full,228637756.9139583,257998340.18540967,2.0
cec2017,11,1,anchor_only,1741048141.8294659,1404357193.155328,5.0
cec2017,11,1,cma_es,143435859.69677764,163290795.08425406,1.0
cec2017,11,1,de,630032941.2223575,473455760.8121639,3.0
cec2017,11,1,random,1642792264.3822613,913808461.647755,4.0
cec2017,12,1,full,62338823.034914136,55914266.03222185,2.0
cec2017,12,1,anchor_only,866760556.7377987,638323321.4533904,5.0
cec2017,12,1,cma_es,7972290.320941782,8863795.568119144,1.0
cec2017,12,1,de,225288325.12744078,149545529.21855313,3.0
cec2017,12,1,random,456072372.7405319,383109197.42302704,4.0
cec2017,13,1,full,39028.53309075566,20389.313966627455,1.0
cec2017,13,1,anchor_only,477529.83177769947,689711.5584683159,5.0
cec2017,13,1,cma_es,56848.91481121094,37308.142437734205,2.0
cec2017,13,1,de,70939.10982405621,26321.385086902184,3.0
cec2017,13,1,random,249192.48745321244,241763.35419241,4.0
cec2017,14,1,full,5154513.5745404875,4506368.077046755,2.0
cec2017,14,1,anchor_only,68088578.28429,70433420.98653336,5.0
cec2017,14,1,cma_es,1682385.705414341,1279599.558417155,1.0
cec2017,14,1,de,26936489.39964187,24973048.710632373,3.0
cec2017,14,1,random,44484819.021952584,38993143.17219466,4.0
cec2017,15,1,full,573509.317704234,930800.7336970194,3.0
cec2017,15,1,anchor_only,5526925.583489796,11993699.543168796,5.0
cec2017,15,1,cma_es,45670.17689254935,39830.55778956948,1.0
cec2017,15,1,de,463987.31206292415,479647.80889698863,2.0
cec2017,15,1,random,3748294.398024462,8323125.595096747,4.0
cec2017,16,1,full,5663410.090174701,10580593.472301414,2.0
cec2017,16,1,anchor_only,4834112181.545604,8213066773.052486,5.0
cec2017,16,1,cma_es,67519.48825149871,43916.49824112162,1.0
cec2017,16,1,de,12805464.114945771,27872973.148817178,3.0
cec2017,16,1,random,152580572.76779425,237464108.88616204,4.0
cec2017,17,1,full,10694647.589238953,15675843.380855033,2.0
cec2017,17,1,anchor_only,86524156.56071597,89716232.46507892,5.0
cec2017,17,1,cma_es,2432390.38766173,2325076.516162688,1.0
cec2017,17,1,de,26483743.272799868,27796124.365753174,3.0
cec2017,17,1,random,67832116.37692268,60896034.019287154,4.0
cec2017,18,1,full,6416002573.565153,7121072055.852656,4.0
cec2017,18,1,anchor_only,11484399333.011583,16674399794.514248,5.0
cec2017,18,1,cma_es,2880022409.466903,7425714455.294565,2.0
cec2017,18,1,de,3673698472.953679,5584358553.567041,3.0
cec2017,18,1,random,2772829936.2347903,3728468035.742261,1.0
cec2017,19,1,full,2916.0781830544693,304.8867045067398,2.0
cec2017,19,1,anchor_only,4053.332571571613,708.5423891555745,4.0
cec2017,19,1,cma_es,2523.7054819270847,343.9901296229664,1.0
cec2017,19,1,de,3653.3367819425366,680.6505946307249,3.0
cec2017,19,1,random,4053.417336827257,916.2587249759007,5.0
cec2017,20,1,full,6074.161299286731,3947.213160766819,3.0
cec2017,20,1,anchor_only,10715.500664119254,3633.7254783268786,5.0
cec2017,20,1,cma_es,3060.8767608136473,1017.354801570542,1.0
cec2017,20,1,de,5586.034864134688,1292.2403337238948,2.0
cec2017,20,1,random,6650.318008972654,1474.0106359745312,4.0
cec2017,21,1,full,2237.438201272179,12.52936306290373,2.0
cec2017,21,1,anchor_only,2338.121827561389,65.79729327838726,5.0
cec2017,21,1,cma_es,2218.81531074531,2.6348678626282105,1.0
cec2017,21,1,de,2250.031828102883,18.025204711576375,3.0
cec2017,21,1,random,2293.4311805975717,21.626728275393507,4.0
cec2017,22,1,full,3895.2420387210304,500.0782206756939,2.0
cec2017,22,1,anchor_only,6534.033187430525,1246.8421307225121,5.0
cec2017,22,1,cma_es,3103.786790800797,120.29239766578083,1.0
cec2017,22,1,de,4510.077427461727,591.3632742942078,3.0
cec2017,22,1,random,5730.912940282174,921.4828714020788,4.0
cec2017,23,1,full,7590.313598735396,963.5843492424247,3.0
cec2017,23,1,anchor_only,10117.707121233645,1093.2900502011746,5.0
cec2017,23,1,cma_es,3813.123585045453,607.4375177751148,1.0
cec2017,23,1,de,7247.168046735902,999.3085813432427,2.0
cec2017,23,1,random,8743.018963919514,1835.9470734057636,4.0
cec2017,24,1,full,3185.3540156353697,78.79101669861114,2.0
cec2017,24,1,anchor_only,3472.313266931445,185.43646678878216,4.0
cec2017,24,1,cma_es,2960.73420486174,45.721450391081575,1.0
cec2017,24,1,de,3354.5005947849036,171.12787148301283,3.0
cec2017,24,1,random,3691.35398772793,245.44665035002572,5.0
cec2017,25,1,full,3135.5133767180837,111.66581334772043,2.0
cec2017,25,1,anchor_only,3709.586336303215,392.5445286401711,5.0
cec2017,25,1,cma_es,3002.8066585540923,22.707352300932538,1.0
cec2017,25,1,de,3234.0486486359405,83.17476452446647,3.0
cec2017,25,1,random,3604.70089794323,179.45896735405574,4.0
cec2017,26,1,full,3113.158170499819,62.70813424089574,2.0
cec2017,26,1,anchor_only,3377.1672006772947,140.73267074841797,5.0
cec2017,26,1,cma_es,3023.469199355493,24.146802191047342,1.0
cec2017,26,1,de,3167.454073182355,64.07048166803649,3.0
cec2017,26,1,random,3231.8063837499603,65.44272347880623,4.0
cec2017,27,1,full,3335.110532008667,155.35646757269973,2.0
cec2017,27,1,anchor_only,3689.5620551200545,230.01611366492455,5.0
cec2017,27,1,cma_es,3050.2904128023583,118.30736935575548,1.0
cec2017,27,1,de,3398.9894781158655,159.78636184825132,3.0
cec2017,27,1,random,3542.4041278428545,159.31057595641695,4.0
cec2017,28,1,full,9340172455.44914,14763920538.577185,4.0
cec2017,28,1,anchor_only,1502721722015.8943,3001485390834.1313,5.0
cec2017,28,1,cma_es,3820422.856767836,7411546.5748403575,1.0
cec2017,28,1,de,144748402.6413518,150193663.76034358,2.0
cec2017,28,1,random,971812387.0666988,1499396529.7992947,3.0
cec2017,29,1,full,1954764253.4687371,1513952453.4594123,4.0
cec2017,29,1,anchor_only,6205702037.81735,7077432039.780914,5.0
cec2017,29,1,cma_es,154640107.87670025,80212210.27906689,1.0
cec2017,29,1,de,1074672889.968304,735979936.8398864,2.0
cec2017,29,1,random,1800996081.7331996,818417566.3790027,3.0
coco,1,101,full,-9.944729959757385,4.334708736508786,2.0
coco,1,101,anchor_only,5.271607606436974,6.704464045347455,5.0
coco,1,101,cma_es,-22.6362380945703,0.8361086066248282,1.0
coco,1,101,de,-2.3658871055564563,5.040628009224387,3.0
coco,1,101,random,4.170614854112218,9.732574132885988,4.0
coco,1,102,full,1013.3428995998705,8.000088558812786,2.0
coco,1,102,anchor_only,1035.9463279830502,10.101805770508408,5.0
coco,1,102,cma_es,1002.1023895822491,1.382307561490928,1.0
coco,1,102,de,1017.7868291854189,4.867185389524617,3.0
coco,1,102,random,1029.2113129013328,9.873616257876503,4.0
coco,2,101,full,52080.08010810205,25722.25063330583,2.0
coco,2,101,anchor_only,509602.3923341632,229372.23061914407,5.0
coco,2,101,cma_es,47411.9777955662,43034.43116502685,1.0
coco,2,101,de,140075.97440881177,62549.79920969754,3.0
coco,2,101,random,248852.68360476027,128321.64327842859,4.0
coco,2,102,full,74590.70541342808,106871.15288654793,2.0
coco,2,102,anchor_only,324848.3157498996,175008.40526221463,5.0
coco,2,102,cma_es,38466.87706144448,15749.566123013987,1.0
coco,2,102,de,128314.28147390822,73092.5786000708,3.0
coco,2,102,random,263062.42633922026,129059.7008666177,4.0
coco,3,101,full,216.25124150985874,25.262538301159676,2.0
coco,3,101,anchor_only,304.966470694677,27.850653319344403,5.0
coco,3,101,cma_es,199.974726104403,12.304512251755458,1.0
coco,3,101,de,271.10168325475274,28.091241551221078,3.0
coco,3,101,random,288.18863845674133,40.832002085996486,4.0
coco,3,102,full,219.40391974624558,20.847841029051335,2.0
coco,3,102,anchor_only,296.04532928587594,26.56385764698809,5.0
coco,3,102,cma_es,179.36238275166383,15.411386408413847,1.0
coco,3,102,de,270.0373083882609,30.45398412227754,3.0
coco,3,102,random,292.05383051422353,35.39630926317963,4.0
coco,4,101,full,346.1151541584857,40.33464748385936,3.0
coco,4,101,anchor_only,398.52769610446455,32.906963043365124,5.0
coco,4,101,cma_es,217.80021064486033,17.010401421899076,1.0
coco,4,101,de,335.81063006914394,39.928051641575955,2.0
coco,4,101,random,372.1060996073752,70.53881857816356,4.0
coco,4,102,full,281.7362774584896,37.001193875681444,2.0
coco,4,102,anchor_only,353.17733973957354,34.095509616857996,5.0
coco,4,102,cma_es,196.1078301792248,13.478625294763825,1.0
coco,4,102,de,306.07539137514226,22.557243599304453,3.0
coco,4,102,random,349.9580724223583,55.73954147446391,4.0
coco,5,101,full,-958.7648929774326,15.42276806266464,2.0
coco,5,101,anchor_only,-906.710376588102,15.03677885573139,5.0
coco,5,101,cma_es,-987.5359849916389,5.377539938369902,1.0
coco,5,101,de,-930.3308773489196,7.799130248418879,3.0
coco,5,101,random,-922.144235438737,8.418866109706062,4.0
coco,5,102,full,-62.94785111909802,9.73167655724411,2.0
coco,5,102,anchor_only,-8.508590265133577,14.525118111432123,5.0
coco,5,102,cma_es,-91.91225778370232,4.623402075677806,1.0
coco,5,102,de,-30.560310516151322,9.306988576764905,3.0
coco,5,102,random,-13.657845763969018,9.86369936467436,4.0
coco,6,101,full,31521.628454873244,34399.0599755402,2.0
coco,6,101,anchor_only,120985.69950050456,38891.76684129319,5.0
coco,6,101,cma_es,467.05367511525276,657.5237803750407,1.0
coco,6,101,de,59367.56965694481,23297.985247155357,3.0
coco,6,101,random,78996.44515648256,38420.34297444301,4.0
coco,6,102,full,814.2036772587146,1501.7829496096601,2.0
coco,6,102,anchor_only,23292.374887588783,13304.169656626387,5.0
coco,6,102,cma_es,74.3489142560738,28.157065530857516,1.0
coco,6,102,de,4195.298132645099,7644.286822437471,3.0
coco,6,102,random,23185.623357484994,14853.333459907268,4.0
coco,7,101,full,-162.84327974674358,23.357295379107438,2.0
coco,7,101,anchor_only,-119.13269458372856,22.066238867993448,4.0
coco,7,101,cma_es,-197.335153546037,8.387669878902956,1.0
coco,7,101,de,-145.80960676549316,22.76612633291562,3.0
coco,7,101,random,-82.2005399853147,53.36156303527144,5.0
coco,7,102,full,-254.4148969238077,28.364577615581442,2.0
coco,7,102,anchor_only,-191.48408677531492,38.90086237365573,4.0
coco,7,102,cma_es,-309.6722931158805,5.097324699054179,1.0
coco,7,102,de,-217.76679684487104,33.73320527974563,3.0
coco,7,102,random,-156.0837456162143,38.3034182457322,5.0
coco,8,101,full,2823.0361767881423,2284.7010500207334,2.0
coco,8,101,anchor_only,9836.347288906512,3468.7434728708104,4.0
coco,8,101,cma_es,245.56716084633553,198.09402328793328,1.0
coco,8,101,de,7425.636841033241,3895.58089760944,3.0
coco,8,101,random,14048.256876416475,6135.164421693139,5.0
coco,8,102,full,2160.929713125184,1198.064873239703,2.0
coco,8,102,anchor_only,10221.057803587037,2745.312516099461,4.0
coco,8,102,cma_es,280.16874598710496,216.92170268176017,1.0
coco,8,102,de,7541.327707349857,3644.291840944228,3.0
coco,8,102,random,15115.614417416116,7145.800680207884,5.0
coco,9,101,full,-76.53011313162924,2.8029413746036846,2.0
coco,9,101,anchor_only,-72.72886053952564,0.7047556666009986,3.0
coco,9,101,cma_es,-80.47145777023539,32.13281109016806,1.0
coco,9,101,de,4691.440322750585,3476.38821983919,4.0
coco,9,101,random,11000.243630154384,4287.104589583538,5.0
coco,9,102,full,549.3463843187452,2.3924744251614607,1.0
coco,9,102,anchor_only,552.2234893084685,0.3523915937838838,2.0
coco,9,102,cma_es,554.2419612697864,38.928012663475336,3.0
coco,9,102,de,6569.320233778315,4521.140648759399,4.0
coco,9,102,random,8189.536258059852,2256.685043871129,5.0
coco,10,101,full,164691.84606676124,116930.0055145111,2.0
coco,10,101,anchor_only,281078.97989488504,147747.6206012457,5.0
coco,10,101,cma_es,54244.957547922386,21625.259647474664,1.0
coco,10,101,de,230449.14142164713,124130.9072383469,3.0
coco,10,101,random,251576.7630737961,124223.86234144718,4.0
coco,10,102,full,147527.25561082578,113951.45283535148,2.0
coco,10,102,anchor_only,609545.2327322662,287612.35380089213,5.0
coco,10,102,cma_es,57288.32621667696,54455.90676694852,1.0
coco,10,102,de,263176.93808322883,102690.54030321242,3.0
coco,10,102,random,265217.95532174443,90981.76083895112,4.0
coco,11,101,full,410.44616606091404,374.8191478626844,4.0
coco,11,101,anchor_only,1385.3306768332136,2441.6976537503842,5.0
coco,11,101,cma_es,167.57748197877248,82.83401378125627,1.0
coco,11,101,de,232.01672476285376,146.78842275644456,2.0
coco,11,101,random,322.16457271205593,171.05208057311924,3.0
coco,11,102,full,-553.0021235527344,290.1014239681903,3.0
coco,11,102,anchor_only,1448.6451072716734,2796.0402390151994,5.0
coco,11,102,cma_es,-638.6204112141672,74.07819906364416,1.0
coco,11,102,de,-585.33940599867,144.05795124892433,2.0
coco,11,102,random,-403.6989113798477,527.0226207898686,4.0
coco,12,101,full,14875960.297934506,6651341.112845722,2.0
coco,12,101,anchor_only,27713580.838766206,10258142.865594124,4.0
coco,12,101,cma_es,761776.1040384963,517746.435178896,1.0
coco,12,101,de,17676027.37029242,8119147.684011654,3.0
coco,12,101,random,31307392.475512333,7972331.1504813405,5.0
coco,12,102,full,16288306.94883952,6785257.945073006,2.0
coco,12,102,anchor_only,48213299.11849834,18689229.89007774,5.0
coco,12,102,cma_es,2161247.7109133536,3244160.7705058125,1.0
coco,12,102,de,19158707.970074013,12699717.678920964,3.0
coco,12,102,random,34397727.289051816,9875115.294859692,4.0
coco,13,101,full,560.4339711869973,112.7261148262745,2.0
coco,13,101,anchor_only,1070.2507929563562,122.66190818380971,4.0
coco,13,101,cma_es,261.73807508360886,91.08549484451123,1.0
coco,13,101,de,794.4884426506493,166.05305532720863,3.0
coco,13,101,random,1083.6540518608385,136.0975614607963,5.0
coco,13,102,full,633.5544079385534,151.28905779709115,2.0
coco,13,102,anchor_only,926.1593657827045,130.26794351709216,4.0
coco,13,102,cma_es,254.99758939719317,83.99240509259364,1.0
coco,13,102,de,793.3799484329486,114.39287655960408,3.0
coco,13,102,random,947.6850634355518,102.6033164983592,5.0
coco,14,101,full,-81.12882226476812,3.932546856850477,3.0
coco,14,101,anchor_only,-72.7764495638666,5.797199437394484,5.0
coco,14,101,cma_es,-87.34087507073589,0.99942280945118,1.0
coco,14,101,de,-81.36573174342904,2.6165564351388295,2.0
coco,14,101,random,-74.51181476085324,4.442191007445743,4.0
coco,14,102,full,-328.1974655165679,1.8707717695020556,2.0
coco,14,102,anchor_only,-323.75705891909223,2.2284413551600526,4.0
coco,14,102,cma_es,-334.0663381188882,0.6246058303073583,1.0
coco,14,102,de,-326.630097740804,2.512545318068011,3.0
coco,14,102,random,-323.5248860646782,2.5368368126927816,5.0
coco,15,101,full,1095.9289954590565,21.964718457969877,2.0
coco,15,101,anchor_only,1194.414170646455,42.778818584943885,4.0
coco,15,101,cma_es,1076.7281011576401,14.012911858004985,1.0
coco,15,101,de,1152.6405891069744,30.409370625640197,3.0
coco,15,101,random,1199.0850518209768,31.19899146060599,5.0
coco,15,102,full,-233.3895716498151,42.67159362353322,2.0
coco,15,102,anchor_only,-132.4080453882645,56.547151014731504,5.0
coco,15,102,cma_es,-276.42532598589594,12.672720490639065,1.0
coco,15,102,de,-199.57802020945832,25.139643459233934,3.0
coco,15,102,random,-142.1541465881201,45.52585946387269,4.0
coco,16,101,full,-66.66228263736309,5.988583552591277,2.0
coco,16,101,anchor_only,-63.952241881779024,7.710969771014602,5.0
coco,16,101,cma_es,-65.91119196704528,4.350806763895252,3.0
coco,16,101,de,-67.73489666187345,4.804289925141609,1.0
coco,16,101,random,-65.23949674772801,5.683670897972506,4.0
coco,16,102,full,27.802105608038005,5.240283248634401,2.0
coco,16,102,anchor_only,33.57702380874735,4.293281699754608,5.0
coco,16,102,cma_es,27.876204841479478,5.235518645366716,3.0
coco,16,102,de,28.473177974494156,3.962724606126242,4.0
coco,16,102,random,26.621167355216063,6.92056201327102,1.0
coco,17,101,full,40.87096371057082,0.937717865979692,2.0
coco,17,101,anchor_only,44.732253486302845,0.9722059616373738,5.0
coco,17,101,cma_es,37.63180167194956,0.9216168312791045,1.0
coco,17,101,de,42.63308368699959,1.2985842418167013,4.0
coco,17,101,random,41.63292881180523,1.3826902547490816,3.0
coco,17,102,full,-56.12622068314406,1.209809014884494,2.0
coco,17,102,anchor_only,-52.18994860316843,2.116198439876765,5.0
coco,17,102,cma_es,-60.2497556198262,0.9475113387266405,1.0
coco,17,102,de,-55.124245728122034,1.4546545543157072,3.0
coco,17,102,random,-52.680865098706775,2.058100321670108,4.0
coco,18,101,full,54.82908275113992,5.033743656026314,2.0
coco,18,101,anchor_only,68.4121839177503,6.435690979216877,5.0
coco,18,101,cma_es,42.76666416281155,3.65625828608142,1.0
coco,18,101,de,58.804576814945506,4.10456586671779,3.0
coco,18,101,random,59.9707578669108,7.798416672543859,4.0
coco,18,102,full,-34.48541266657061,9.034171718845027,3.0
coco,18,102,anchor_only,-16.77037906077115,8.47298822149439,5.0
coco,18,102,cma_es,-52.49028260580675,3.456662333111151,1.0
coco,18,102,de,-36.97135612478692,6.5272273334296464,2.0
coco,18,102,random,-26.466640507494255,8.42074896384351,4.0
coco,19,101,full,181.80311086814592,0.11390204046897323,1.5
coco,19,101,anchor_only,181.80311086814592,0.11390204046897323,1.5
coco,19,101,cma_es,185.97647262579454,0.7527154217287693,3.0
coco,19,101,de,191.09557151127086,2.0419358048501435,4.0
coco,19,101,random,192.59970253300298,1.6208660040878702,5.0
coco,19,102,full,-7.982186855923523,0.11292673146739993,1.5
coco,19,102,anchor_only,-7.982186855923523,0.11292673146739993,1.5
coco,19,102,cma_es,-3.9354580988613166,0.5983514336755305,3.0
coco,19,102,de,0.857896696810827,1.6218155506416414,4.0
coco,19,102,random,2.0045474508086,2.054852804306584,5.0
coco,20,101,full,579.4917881062299,39.59133205358107,2.0
coco,20,101,anchor_only,1092.5928278026497,761.8575067617214,3.0
coco,20,101,cma_es,564.62226719464,0.26153404189375573,1.0
coco,20,101,de,1783.1832947600524,1180.0798627997078,4.0
coco,20,101,random,5781.332651723626,2433.2049765921233,5.0
coco,20,102,full,108.18485735940916,191.94326370492405,2.0
coco,20,102,anchor_only,1683.969272457547,1294.5374123163497,3.0
coco,20,102,cma_es,-64.18972019329317,0.22859682593564923,1.0
coco,20,102,de,2562.851555081013,1857.2412737238042,4.0
coco,20,102,random,5571.075646125736,3024.759019784814,5.0
coco,21,101,full,190.0144518759799,11.766798757083112,2.0
coco,21,101,anchor_only,207.61430593511471,12.996878351352889,5.0
coco,21,101,cma_es,167.96647753565048,7.342860388929155,1.0
coco,21,101,de,202.19690009978194,10.608852573456328,4.0
coco,21,101,random,201.34635315221368,10.670410763453654,3.0
coco,21,102,full,-146.61024782499962,12.737339864633377,2.0
coco,21,102,anchor_only,-121.0555318959318,5.336679714417032,5.0
coco,21,102,cma_es,-172.5101085931803,5.138354152374548,1.0
coco,21,102,de,-134.5787691322425,9.954307274470718,4.0
coco,21,102,random,-136.05580585869419,17.991884620420272,3.0
coco,22,101,full,48.709034980308346,12.287927021462766,2.0
coco,22,101,anchor_only,71.28866481042641,7.576574762588325,5.0
coco,22,101,cma_es,12.091001012355774,2.0037626980143366,1.0
coco,22,101,de,48.893845905680486,17.021670473463505,3.0
coco,22,101,random,60.082304942323404,10.168581681257303,4.0
coco,22,102,full,-65.17712800630466,12.91628091540035,2.0
coco,22,102,anchor_only,-40.98996317530482,13.718685105394954,5.0
coco,22,102,cma_es,-85.26727357424679,20.037524768794373,1.0
coco,22,102,de,-58.01578762174584,15.036582653516838,3.0
coco,22,102,random,-42.14988550715735,9.30864055105221,4.0
coco,23,101,full,-132.1256815405116,0.6001560253074695,3.0
coco,23,101,anchor_only,-131.8146214245356,0.7944109026544542,5.0
coco,23,101,cma_es,-132.2249464886195,0.9803641692334442,2.0
coco,23,101,de,-132.30095591050767,0.6999201256441124,1.0
coco,23,101,random,-131.8184433172134,0.6926421573102698,4.0
coco,23,102,full,-398.5132759109507,0.4748351829279364,3.0
coco,23,102,anchor_only,-398.34173343378006,0.4183087808216018,5.0
coco,23,102,cma_es,-398.5541496706635,1.046581456848171,2.0
coco,23,102,de,-398.6359177980454,0.3919683155279978,1.0
coco,23,102,random,-398.46217429349207,0.5862424978010621,4.0
coco,24,101,full,1091.6865553660818,10.547445465641289,2.0
coco,24,101,anchor_only,1141.3001127165228,18.486336836169684,4.0
coco,24,101,cma_es,1071.9281965823543,6.586006763880741,1.0
coco,24,101,de,1129.1003194291784,10.14102719220767,3.0
coco,24,101,random,1166.3188319768174,22.645456753326343,5.0
coco,24,102,full,93.35888402180322,14.975747734240835,2.0
coco,24,102,anchor_only,148.8104116013445,11.185812801626493,4.0
coco,24,102,cma_es,82.00987807907136,10.36231696610469,1.0
coco,24,102,de,148.5770231999159,10.734679197477467,3.0
coco,24,102,random,152.7609356565197,20.288392670035922,5.0
