dim,budget,method,nfe,utility
10,300,A,102,0.10725103413117015
10,300,A,104,0.13019032197081726
10,300,A,106,0.14144099898920912
10,300,A,108,0.14875494247664595
10,300,A,110,0.1540240597214843
10,300,A,112,0.15744120930321515
10,300,A,114,0.160233537325877
10,300,A,116,0.1637700696570661
10,300,A,118,0.16604482508868118
10,300,A,120,0.16731463346406128
10,300,A,122,0.1695691377174592
10,300,A,124,0.17084277860164918
10,300,A,126,0.17307258355086325
10,300,A,128,0.1740413062636637
10,300,A,130,0.1756692787339152
10,300,A,132,0.17695940988724707
10,300,A,134,0.17784548113639984
10,300,A,136,0.17951541295689014
10,300,A,138,0.18052926851022574
10,300,A,140,0.18145333626307547
10,300,A,142,0.18312714427399138
10,300,A,144,0.18426915328018367
10,300,A,146,0.18563114436067366
10,300,A,148,0.18653999855396924
10,300,A,150,0.18730054137779883
10,300,A,152,0.1884273889526311
10,300,A,154,0.18977424394580777
10,300,A,156,0.1910356490579606
10,300,A,158,0.19259479083983158
10,300,A,160,0.19354872209778815
10,300,A,162,0.19479803251171554
10,300,A,164,0.19610359542140807
10,300,A,166,0.1970231667574909
10,300,A,168,0.19796117950506784
10,300,A,170,0.19894114443687377
10,300,A,172,0.20021736627030703
10,300,A,174,0.201368302124104
10,300,A,176,0.20316194397983728
10,300,A,178,0.20475272737719394
10,300,A,180,0.20603837709253034
10,300,A,182,0.20735512673854828
10,300,A,184,0.2085394769458583
10,300,A,186,0.20978708253069608
10,300,A,188,0.21226316219609645
10,300,A,190,0.21438088224924826
10,300,A,192,0.21581926243379712
10,300,A,194,0.21788974789281687
10,300,A,196,0.22029004675439662
10,300,A,198,0.22257084954805947
10,300,A,200,0.22482239553290936
10,300,A,202,0.22643799182993393
10,300,A,204,0.228613314891441
10,300,A,206,0.2308209938756018
10,300,A,208,0.2329367894368867
10,300,A,210,0.2342352589626831
10,300,A,212,0.23547003319900897
10,300,A,214,0.2371878677599684
10,300,A,216,0.23899519158941177
10,300,A,218,0.24033225439833822
10,300,A,220,0.2419024223841175
10,300,A,222,0.2433993469544307
10,300,A,224,0.2446455658344483
10,300,A,226,0.24648123227611737
10,300,A,228,0.24766161596333539
10,300,A,230,0.2487455510913774
10,300,A,232,0.2496794049317638
10,300,A,234,0.25047353913800585
10,300,A,236,0.25143953661123913
10,300,A,238,0.25215442827040396
10,300,A,240,0.25286415257249717
10,300,A,242,0.25357824263887274
10,300,A,244,0.25441793887013636
10,300,A,246,0.2552402401687922
10,300,A,248,0.2559123731183785
10,300,A,250,0.2566665178509774
10,300,A,252,0.25733536547394814
10,300,A,254,0.2580609290895087
10,300,A,256,0.25904804561287165
10,300,A,258,0.25969331835707027
10,300,A,260,0.2605471565146689
10,300,A,262,0.26116202316350406
10,300,A,264,0.26196990069001913
10,300,A,266,0.2624748651697128
10,300,A,268,0.26312129896272113
10,300,A,270,0.2640056671160791
10,300,A,272,0.2648217250696487
10,300,A,274,0.2655466367939004
10,300,A,276,0.2660426346723128
10,300,A,278,0.26665559593864063
10,300,A,280,0.26723041309526674
10,300,A,282,0.26799816082887074
10,300,A,284,0.2682695600583597
10,300,A,286,0.2686702842582707
10,300,A,288,0.26915232919984394
10,300,A,290,0.2695721420286982
10,300,A,292,0.26992834887156886
10,300,A,294,0.2702688065667947
10,300,A,296,0.270459977461508
10,300,A,298,0.270724948702587
10,300,A,300,0.27092532016750837
10,300,F,102,0.10725103315134119
10,300,F,104,0.13019032040675585
10,300,F,106,0.14144099760300446
10,300,F,108,0.14875494284313862
10,300,F,110,0.15966528569805194
10,300,F,112,0.16582123416096525
10,300,F,114,0.17248907240314615
10,300,F,116,0.17767502972856164
10,300,F,118,0.18132640964662036
10,300,F,120,0.1843911495352923
10,300,F,122,0.18808612897474733
10,300,F,124,0.1909003019919274
10,300,F,126,0.19406087046351145
10,300,F,128,0.19699881162011512
10,300,F,130,0.19947779354535872
10,300,F,132,0.20174079802301195
10,300,F,134,0.20425565068230586
10,300,F,136,0.20707248608340267
10,300,F,138,0.2090632969479042
10,300,F,140,0.21094867212835838
10,300,F,142,0.2126094910695597
10,300,F,144,0.21466536709555872
10,300,F,146,0.21687271673646238
10,300,F,148,0.21900786359415012
10,300,F,150,0.22059095233540843
10,300,F,152,0.22219636465457301
10,300,F,154,0.2240729233663943
10,300,F,156,0.2260079072719371
10,300,F,158,0.22772928723996436
10,300,F,160,0.22938233713998837
10,300,F,162,0.2312854592239967
10,300,F,164,0.23259833444737726
10,300,F,166,0.23421109997218958
10,300,F,168,0.23578574173842315
10,300,F,170,0.23750598533768896
10,300,F,172,0.23920895814619683
10,300,F,174,0.24070538004377373
10,300,F,176,0.2420885532197577
10,300,F,178,0.24376097876854516
10,300,F,180,0.2451056396174762
10,300,F,182,0.24715701961475942
10,300,F,184,0.24886890250706561
10,300,F,186,0.2503052909548084
10,300,F,188,0.25168199047308276
10,300,F,190,0.25324854670368413
10,300,F,192,0.25458228032760044
10,300,F,194,0.25589934143203275
10,300,F,196,0.2572137945573087
10,300,F,198,0.2587745727764236
10,300,F,200,0.26004757656267397
10,300,F,202,0.2613942786982214
10,300,F,204,0.2628069060544173
10,300,F,206,0.2639133483171463
10,300,F,208,0.26473110921129034
10,300,F,210,0.26581343739396995
10,300,F,212,0.2666651727976622
10,300,F,214,0.2676095499277667
10,300,F,216,0.2682330979862147
10,300,F,218,0.26877913196329717
10,300,F,220,0.2694530825786017
10,300,F,222,0.27015607676434295
10,300,F,224,0.2706898652293064
10,300,F,226,0.2712839372042153
10,300,F,228,0.27176274828336855
10,300,F,230,0.2722468396510791
10,300,F,232,0.27266744227597006
10,300,F,234,0.27306102954403116
10,300,F,236,0.2734354774778088
10,300,F,238,0.2738542541240652
10,300,F,240,0.2742498830926639
10,300,F,242,0.274741029297864
10,300,F,244,0.2751553500485089
10,300,F,246,0.2755227252772009
10,300,F,248,0.27593479043355695
10,300,F,250,0.2763065176291598
10,300,F,252,0.2766597462059171
10,300,F,254,0.2769381141428042
10,300,F,256,0.2772220227246483
10,300,F,258,0.2775858099123946
10,300,F,260,0.27831502027671645
10,300,F,262,0.2789772681684958
10,300,F,264,0.2796333980643087
10,300,F,266,0.2801842698827386
10,300,F,268,0.28063122866054374
10,300,F,270,0.2810137124939097
10,300,F,272,0.2813226469206037
10,300,F,274,0.28165467604304906
10,300,F,276,0.28198518441921033
10,300,F,278,0.2823134678312474
10,300,F,280,0.28275182125744996
10,300,F,282,0.28301030594027704
10,300,F,284,0.2833202395726133
10,300,F,286,0.28362331146167385
10,300,F,288,0.2838660365453473
10,300,F,290,0.2842127996048442
10,300,F,292,0.28453713445061884
10,300,F,294,0.2849233458508496
10,300,F,296,0.28523864579835423
10,300,F,298,0.2854853817779157
10,300,F,300,0.2857175926781363
10,300,FR,102,0.10725103315134119
10,300,FR,104,0.13019032040675585
10,300,FR,106,0.14144099760300446
10,300,FR,108,0.14875494284313862
10,300,FR,110,0.15984869151833225
10,300,FR,112,0.16595018251488605
10,300,FR,114,0.1728268390590394
10,300,FR,116,0.17800941941742268
10,300,FR,118,0.1816819632011983
10,300,FR,120,0.1848875201496951
10,300,FR,122,0.18870590769478846
10,300,FR,124,0.19170984465421903
10,300,FR,126,0.19473847389842072
10,300,FR,128,0.19733550925566642
10,300,FR,130,0.1998023812279657
10,300,FR,132,0.20185475208348147
10,300,FR,134,0.20450486906769652
10,300,FR,136,0.20689440173683343
10,300,FR,138,0.20885513286554702
10,300,FR,140,0.21084421581623178
10,300,FR,142,0.21270439444385744
10,300,FR,144,0.21488456709172438
10,300,FR,146,0.21702536212763301
10,300,FR,148,0.21924189388476037
10,300,FR,150,0.22076547287266562
10,300,FR,152,0.22260262967190808
10,300,FR,154,0.22433677043213887
10,300,FR,156,0.22636390482592914
10,300,FR,158,0.22826178421921753
10,300,FR,160,0.2297130635663591
10,300,FR,162,0.2311387175038733
10,300,FR,164,0.2325356471421266
10,300,FR,166,0.23414628069709847
10,300,FR,168,0.23568434730448104
10,300,FR,170,0.23711811401018942
10,300,FR,172,0.23834232765215416
10,300,FR,174,0.23968985259394954
10,300,FR,176,0.24111810271386747
10,300,FR,178,0.2432143933105248
10,300,FR,180,0.24447050204293597
10,300,FR,182,0.2458372431013871
10,300,FR,184,0.24768871979580986
10,300,FR,186,0.24955372833129433
10,300,FR,188,0.2509145327947206
10,300,FR,190,0.2525490495479769
10,300,FR,192,0.25381373224297055
10,300,FR,194,0.2551116286604493
10,300,FR,196,0.25641419631601486
10,300,FR,198,0.25807878302617204
10,300,FR,200,0.25950665754714497
10,300,FR,202,0.26097252647633906
10,300,FR,204,0.2622168599455445
10,300,FR,206,0.26328753652396025
10,300,FR,208,0.2643094396701566
10,300,FR,210,0.2654064536370613
10,300,FR,212,0.2664321696178781
10,300,FR,214,0.26721032374297027
10,300,FR,216,0.26791659921959593
10,300,FR,218,0.26868203672132007
10,300,FR,220,0.26925249449494815
10,300,FR,222,0.26984212840734806
10,300,FR,224,0.2703236318710778
10,300,FR,226,0.2710032503431042
10,300,FR,228,0.2715231920075085
10,300,FR,230,0.27210968725935175
10,300,FR,232,0.27261020591551505
10,300,FR,234,0.2730602217424247
10,300,FR,236,0.2734008125822853
10,300,FR,238,0.2737764549200182
10,300,FR,240,0.27412156253639197
10,300,FR,242,0.2745862909834142
10,300,FR,244,0.27497187363742676
10,300,FR,246,0.2753679576778301
10,300,FR,248,0.2756321181163744
10,300,FR,250,0.27591804211476334
10,300,FR,252,0.2761255505115346
10,300,FR,254,0.2764175005809025
10,300,FR,256,0.27673711889871844
10,300,FR,258,0.277012937253824
10,300,FR,260,0.27775824956457923
10,300,FR,262,0.278231019154191
10,300,FR,264,0.2787486515525315
10,300,FR,266,0.2791942074480984
10,300,FR,268,0.27960017054445213
10,300,FR,270,0.2800370304741793
10,300,FR,272,0.2804318403273269
10,300,FR,274,0.28077302776553015
10,300,FR,276,0.2811052480160638
10,300,FR,278,0.28141404912565593
10,300,FR,280,0.2817083656856859
10,300,FR,282,0.28196320251596196
10,300,FR,284,0.2822512004662443
10,300,FR,286,0.2826453515983842
10,300,FR,288,0.28290768550639905
10,300,FR,290,0.28322734618214546
10,300,FR,292,0.28358651549313907
10,300,FR,294,0.28383428282621836
10,300,FR,296,0.28406765567207776
10,300,FR,298,0.28433049173542746
10,300,FR,300,0.28457360497365397
10,300,O,102,0.14303732625881416
10,300,O,104,0.16086196982198292
10,300,O,106,0.16740468625600138
10,300,O,108,0.17369235705377328
10,300,O,110,0.17896235811834535
10,300,O,112,0.18384860533600053
10,300,O,114,0.18756572001924118
10,300,O,116,0.19104379451730186
10,300,O,118,0.19557145036136112
10,300,O,120,0.19927558421881664
10,300,O,122,0.2012249761674967
10,300,O,124,0.20407952787354589
10,300,O,126,0.2061131226623224
10,300,O,128,0.20946894011770686
10,300,O,130,0.2114227370152043
10,300,O,132,0.2141385683272448
10,300,O,134,0.21589438819016019
10,300,O,136,0.21775639921219814
10,300,O,138,0.22075662782622707
10,300,O,140,0.22237473146782982
10,300,O,142,0.22585070692002773
10,300,O,144,0.22790437667734093
10,300,O,146,0.22915572372989523
10,300,O,148,0.2307132967851228
10,300,O,150,0.2320089265704155
10,300,O,152,0.2337534941939844
10,300,O,154,0.23488331503338283
10,300,O,156,0.23630412419637045
10,300,O,158,0.23790573276993301
10,300,O,160,0.23934573493897915
10,300,O,162,0.24098680830664104
10,300,O,164,0.24209509903772009
10,300,O,166,0.24310583900660276
10,300,O,168,0.24447248379389444
10,300,O,170,0.24553689112265906
10,300,O,172,0.24676254350278112
10,300,O,174,0.24840768788837725
10,300,O,176,0.24918767406294742
10,300,O,178,0.25023482450180584
10,300,O,180,0.25132887965689105
10,300,O,182,0.2522729413790835
10,300,O,184,0.2533099681345953
10,300,O,186,0.2539229803822107
10,300,O,188,0.2551053601006667
10,300,O,190,0.25585197522822356
10,300,O,192,0.25663022696971893
10,300,O,194,0.2575605525117781
10,300,O,196,0.2583651125638021
10,300,O,198,0.2591269042135941
10,300,O,200,0.25987929561071926
10,300,O,202,0.26067260725216734
10,300,O,204,0.26141160498890614
10,300,O,206,0.26202969904989004
10,300,O,208,0.2627493275536431
10,300,O,210,0.2632891746858756
10,300,O,212,0.2639452798499001
10,300,O,214,0.2645896677341726
10,300,O,216,0.26505070945454967
10,300,O,218,0.2654642952192161
10,300,O,220,0.2660561530954308
10,300,O,222,0.2664765442411105
10,300,O,224,0.2669339692220092
10,300,O,226,0.26732604164216256
10,300,O,228,0.2677462518008219
10,300,O,230,0.26820468105789685
10,300,O,232,0.26842912410696346
10,300,O,234,0.2688156221475866
10,300,O,236,0.26934981832487714
10,300,O,238,0.26966460214720833
10,300,O,240,0.27004024758934975
10,300,O,242,0.27030377990255755
10,300,O,244,0.2705655630884899
10,300,O,246,0.270860703351597
10,300,O,248,0.2710936288866732
10,300,O,250,0.2714598584506247
10,300,O,252,0.2716732940947016
10,300,O,254,0.27196284300751156
10,300,O,256,0.27224036854588324
10,300,O,258,0.2727092593494389
10,300,O,260,0.27406305136779946
10,300,O,262,0.27484994961155784
10,300,O,264,0.27562105945414966
10,300,O,266,0.2763229864132073
10,300,O,268,0.2769055316845576
10,300,O,270,0.2772963914192385
10,300,O,272,0.2778043814210428
10,300,O,274,0.278245120930175
10,300,O,276,0.278644197827412
10,300,O,278,0.27910852235638434
10,300,O,280,0.27951298302246463
10,300,O,282,0.2799507364009817
10,300,O,284,0.2802918017324474
10,300,O,286,0.2806887181682719
10,300,O,288,0.2811145882846581
10,300,O,290,0.281589209412535
10,300,O,292,0.2819696037719647
10,300,O,294,0.2823290397516555
10,300,O,296,0.2826865084676279
10,300,O,298,0.28299790393147206
10,300,O,300,0.28333715577092433
20,300,A,102,0.24046416819544025
20,300,A,104,0.2700468725524843
20,300,A,106,0.28351542438138966
20,300,A,108,0.2903747884729118
20,300,A,110,0.2964670232290195
20,300,A,112,0.3006759645520813
20,300,A,114,0.30417944960020205
20,300,A,116,0.308117446317165
20,300,A,118,0.3109317682683468
20,300,A,120,0.3133059301999984
20,300,A,122,0.3149899248447683
20,300,A,124,0.3164158775298684
20,300,A,126,0.31841420308100404
20,300,A,128,0.32004048371756516
20,300,A,130,0.32196859090968416
20,300,A,132,0.32322191167622805
20,300,A,134,0.32463560512082446
20,300,A,136,0.3260288711430298
20,300,A,138,0.32726086814094474
20,300,A,140,0.32831193330801195
20,300,A,142,0.32988292168549915
20,300,A,144,0.3313283613641505
20,300,A,146,0.33304973470943944
20,300,A,148,0.3341225535367374
20,300,A,150,0.3354604327361341
20,300,A,152,0.3366010099718416
20,300,A,154,0.3380568837057109
20,300,A,156,0.33932205562100365
20,300,A,158,0.3403948550629947
20,300,A,160,0.3418405651356335
20,300,A,162,0.3430339196972825
20,300,A,164,0.34486605509839674
20,300,A,166,0.346936805035781
20,300,A,168,0.34897931747966343
20,300,A,170,0.350887266367122
20,300,A,172,0.3529794429325395
20,300,A,174,0.3550936060923117
20,300,A,176,0.35712198844110526
20,300,A,178,0.35933326136458804
20,300,A,180,0.3616706430912018
20,300,A,182,0.36391880442560826
20,300,A,184,0.3655446399072254
20,300,A,186,0.3671108832651818
20,300,A,188,0.3688655760553148
20,300,A,190,0.37027074796734033
20,300,A,192,0.3718823047561778
20,300,A,194,0.37315684122343856
20,300,A,196,0.37543683788842624
20,300,A,198,0.37689787011455606
20,300,A,200,0.37846091796678527
20,300,A,202,0.37968381370107335
20,300,A,204,0.38085622561198695
20,300,A,206,0.38213646184239125
20,300,A,208,0.3834521923628118
20,300,A,210,0.3846849588056405
20,300,A,212,0.38570404783995066
20,300,A,214,0.38679714832041
20,300,A,216,0.38783859627114403
20,300,A,218,0.3889760695811775
20,300,A,220,0.39000901704033214
20,300,A,222,0.39101437182614096
20,300,A,224,0.3921184365258173
20,300,A,226,0.3931032142567414
20,300,A,228,0.3939427649947228
20,300,A,230,0.3948661498725414
20,300,A,232,0.3958959892668106
20,300,A,234,0.39693314685589737
20,300,A,236,0.39760790889461833
20,300,A,238,0.39837880950007176
20,300,A,240,0.39938215932084453
20,300,A,242,0.40038205876394556
20,300,A,244,0.40109219270999785
20,300,A,246,0.4016933839216276
20,300,A,248,0.40237833766473663
20,300,A,250,0.40295101026142083
20,300,A,252,0.4035821986143236
20,300,A,254,0.40422461423333045
20,300,A,256,0.4046655855383034
20,300,A,258,0.40516106846431893
20,300,A,260,0.40565163607674615
20,300,A,262,0.40626835312556336
20,300,A,264,0.4066463666105712
20,300,A,266,0.40708066033268414
20,300,A,268,0.40756042108491614
20,300,A,270,0.4078636354318372
20,300,A,272,0.408298352457307
20,300,A,274,0.4085900157138153
20,300,A,276,0.40891873622658076
20,300,A,278,0.4091761396438987
20,300,A,280,0.4094893483238088
20,300,A,282,0.40972535622616607
20,300,A,284,0.4099963809604998
20,300,A,286,0.410284703804387
20,300,A,288,0.4105409948086297
20,300,A,290,0.41074289160746114
20,300,A,292,0.4109735143267446
20,300,A,294,0.41114411047763294
20,300,A,296,0.4113110870260883
20,300,A,298,0.41138755730180826
20,300,A,300,0.41156332001641943
20,300,F,102,0.2404641665397557
20,300,F,104,0.2700468716384084
20,300,F,106,0.28351542386398826
20,300,F,108,0.2903747894214811
20,300,F,110,0.2957421459464563
20,300,F,112,0.300616097929715
20,300,F,114,0.3062644150039112
20,300,F,116,0.30977984828253585
20,300,F,118,0.3131573808000044
20,300,F,120,0.31580231221461735
20,300,F,122,0.3189995685868241
20,300,F,124,0.3214531101424385
20,300,F,126,0.32426579051685556
20,300,F,128,0.32658453327086234
20,300,F,130,0.32857620950650285
20,300,F,132,0.33097905982975606
20,300,F,134,0.33320234795273457
20,300,F,136,0.3357898970651958
20,300,F,138,0.3381844662750761
20,300,F,140,0.34061869354573665
20,300,F,142,0.3429090591768424
20,300,F,144,0.3445537191712194
20,300,F,146,0.3465710536887248
20,300,F,148,0.3485462448249261
20,300,F,150,0.35012462590303683
20,300,F,152,0.35144897053639096
20,300,F,154,0.35328416691886055
20,300,F,156,0.35520399665391006
20,300,F,158,0.3572533674262188
20,300,F,160,0.3592400519108331
20,300,F,162,0.36118064682792733
20,300,F,164,0.36290921215657834
20,300,F,166,0.36434703858362305
20,300,F,168,0.3657392141305738
20,300,F,170,0.36735119808603217
20,300,F,172,0.3685846268716786
20,300,F,174,0.37023396638256534
20,300,F,176,0.37205036564005745
20,300,F,178,0.3734562710203506
20,300,F,180,0.3749495861982858
20,300,F,182,0.3762582229381358
20,300,F,184,0.3777332913682417
20,300,F,186,0.37927644534243476
20,300,F,188,0.38082191810287813
20,300,F,190,0.3823516913172271
20,300,F,192,0.38331436669384994
20,300,F,194,0.38453745614323354
20,300,F,196,0.38598393414307525
20,300,F,198,0.3874611471676164
20,300,F,200,0.3884426107009252
20,300,F,202,0.38975295507245594
20,300,F,204,0.39099687544835937
20,300,F,206,0.3918792508818485
20,300,F,208,0.3930074053782004
20,300,F,210,0.3937681449784173
20,300,F,212,0.39491153404944473
20,300,F,214,0.3958686615029971
20,300,F,216,0.39700417903562385
20,300,F,218,0.39793765565587413
20,300,F,220,0.3988139457586739
20,300,F,222,0.3998053273944943
20,300,F,224,0.4005335672172131
20,300,F,226,0.4015162949346834
20,300,F,228,0.4024972122300554
20,300,F,230,0.4032434256816352
20,300,F,232,0.40400717303984696
20,300,F,234,0.40465674866680745
20,300,F,236,0.40549500438350217
20,300,F,238,0.4064024188728244
20,300,F,240,0.4070761301037338
20,300,F,242,0.4077152433908648
20,300,F,244,0.408346735768848
20,300,F,246,0.40885395853331796
20,300,F,248,0.40934725554177054
20,300,F,250,0.40986559477945167
20,300,F,252,0.41038450405553534
20,300,F,254,0.41100212545306597
20,300,F,256,0.4114794929822286
20,300,F,258,0.41190038952562547
20,300,F,260,0.41269735288288856
20,300,F,262,0.41332601224658666
20,300,F,264,0.41397643282457636
20,300,F,266,0.4145329952653911
20,300,F,268,0.4150213740628075
20,300,F,270,0.41558347345778235
20,300,F,272,0.4160693937015754
20,300,F,274,0.41656225988710366
20,300,F,276,0.4170037968153203
20,300,F,278,0.41746530799126186
20,300,F,280,0.41797329154279494
20,300,F,282,0.4183608241103314
20,300,F,284,0.4188591327380251
20,300,F,286,0.4192081816770412
20,300,F,288,0.41957677079847566
20,300,F,290,0.41999024663258483
20,300,F,292,0.42040198379092747
20,300,F,294,0.42081331006354755
20,300,F,296,0.4211859173934769
20,300,F,298,0.4215232895480262
20,300,F,300,0.4218486385350978
20,300,FR,102,0.2404641665397557
20,300,FR,104,0.2700468716384084
20,300,FR,106,0.28351542386398826
20,300,FR,108,0.2903747894214811
20,300,FR,110,0.29591739470898
20,300,FR,112,0.30085069208440407
20,300,FR,114,0.3065710871790846
20,300,FR,116,0.31012075070153783
20,300,FR,118,0.31366962546275723
20,300,FR,120,0.3162711022628678
20,300,FR,122,0.3193163721028853
20,300,FR,124,0.3217997061502602
20,300,FR,126,0.32487732061633356
20,300,FR,128,0.3274176403604172
20,300,FR,130,0.32949041361334147
20,300,FR,132,0.33193416003551746
20,300,FR,134,0.334257918720444
20,300,FR,136,0.3367527508073383
20,300,FR,138,0.3387447894309406
20,300,FR,140,0.3410090640946119
20,300,FR,142,0.34346444228733025
20,300,FR,144,0.34504316009029196
20,300,FR,146,0.34700978740497873
20,300,FR,148,0.34896027979751426
20,300,FR,150,0.35055018947632227
20,300,FR,152,0.35198199224692805
20,300,FR,154,0.35378630217854623
20,300,FR,156,0.35588225115228583
20,300,FR,158,0.35785248565177125
20,300,FR,160,0.35947814142262496
20,300,FR,162,0.36116317307783496
20,300,FR,164,0.36290652146218
20,300,FR,166,0.36437183239117815
20,300,FR,168,0.36580394173937814
20,300,FR,170,0.36738366461186495
20,300,FR,172,0.3688979189566992
20,300,FR,174,0.3702932530669151
20,300,FR,176,0.37232048043774235
20,300,FR,178,0.3737084461996953
20,300,FR,180,0.37512161679289957
20,300,FR,182,0.3765902210164953
20,300,FR,184,0.37797046680417323
20,300,FR,186,0.3793741703999263
20,300,FR,188,0.38094978344937164
20,300,FR,190,0.3823442977887613
20,300,FR,192,0.383473067164973
20,300,FR,194,0.3847467500578474
20,300,FR,196,0.386100346153533
20,300,FR,198,0.3875310699696894
20,300,FR,200,0.388736048920287
20,300,FR,202,0.3899970558920392
20,300,FR,204,0.3911487945803889
20,300,FR,206,0.39182449463340974
20,300,FR,208,0.39310278757302847
20,300,FR,210,0.39414168570052693
20,300,FR,212,0.3953225623678278
20,300,FR,214,0.3963657158806368
20,300,FR,216,0.3976688462275046
20,300,FR,218,0.3985623520005632
20,300,FR,220,0.3995342704432982
20,300,FR,222,0.40039291246621694
20,300,FR,224,0.4011911790542029
20,300,FR,226,0.402036950406101
20,300,FR,228,0.40282786872099946
20,300,FR,230,0.40362103248911874
20,300,FR,232,0.4045026825947894
20,300,FR,234,0.40510331135657096
20,300,FR,236,0.40594438794586396
20,300,FR,238,0.4065771018051439
20,300,FR,240,0.4071009735128394
20,300,FR,242,0.40775352081766836
20,300,FR,244,0.4083757942749394
20,300,FR,246,0.40882818269784804
20,300,FR,248,0.4093996075982297
20,300,FR,250,0.4099527796109517
20,300,FR,252,0.4104096846034129
20,300,FR,254,0.4109237312718674
20,300,FR,256,0.4113740189069951
20,300,FR,258,0.4118013793809546
20,300,FR,260,0.4126210801855282
20,300,FR,262,0.4132399680437865
20,300,FR,264,0.41393269902026214
20,300,FR,266,0.41443631963597405
20,300,FR,268,0.41495634049729063
20,300,FR,270,0.41559297736320233
20,300,FR,272,0.41616402428459237
20,300,FR,274,0.41664648945960736
20,300,FR,276,0.4171015328417222
20,300,FR,278,0.4176023137514238
20,300,FR,280,0.41801404601169956
20,300,FR,282,0.41844627054201233
20,300,FR,284,0.41882981546223164
20,300,FR,286,0.41919902808688303
20,300,FR,288,0.419554748399942
20,300,FR,290,0.420001363105796
20,300,FR,292,0.42042795941233635
20,300,FR,294,0.4208111611919271
20,300,FR,296,0.421176614653733
20,300,FR,298,0.42147778726562307
20,300,FR,300,0.4218154842102969
20,300,O,102,0.19053593702847138
20,300,O,104,0.2340525608160533
20,300,O,106,0.25491479717634824
20,300,O,108,0.2718241083332234
20,300,O,110,0.2783009343677097
20,300,O,112,0.28633751451141304
20,300,O,114,0.29166173603799606
20,300,O,116,0.2979528730114301
20,300,O,118,0.30465155550175244
20,300,O,120,0.3076347830808825
20,300,O,122,0.3120422601285908
20,300,O,124,0.31635974864992833
20,300,O,126,0.3189405796842443
20,300,O,128,0.3213133867830038
20,300,O,130,0.32335126110249096
20,300,O,132,0.3264258439756102
20,300,O,134,0.32984221912920475
20,300,O,136,0.3319322390274869
20,300,O,138,0.33454293612804675
20,300,O,140,0.33687819933725727
20,300,O,142,0.338820462839471
20,300,O,144,0.3416344281286001
20,300,O,146,0.34447212641437847
20,300,O,148,0.34647982919381726
20,300,O,150,0.3480657918585671
20,300,O,152,0.34978190768096185
20,300,O,154,0.35186969944172436
20,300,O,156,0.3536587390634749
20,300,O,158,0.3556066952231858
20,300,O,160,0.3570626613994439
20,300,O,162,0.35911520135899383
20,300,O,164,0.3609246516393291
20,300,O,166,0.36257399432361126
20,300,O,168,0.3641007910999987
20,300,O,170,0.3657754742436939
20,300,O,172,0.36709714949958855
20,300,O,174,0.3691083248704672
20,300,O,176,0.37043997107280624
20,300,O,178,0.371512886757652
20,300,O,180,0.3724364797688193
20,300,O,182,0.3737918490337001
20,300,O,184,0.37506260929836166
20,300,O,186,0.37618913542893195
20,300,O,188,0.3773817720098628
20,300,O,190,0.37834658080505
20,300,O,192,0.3798420042213466
20,300,O,194,0.38065285028682816
20,300,O,196,0.3817343473848369
20,300,O,198,0.3827648169050614
20,300,O,200,0.3835261437214083
20,300,O,202,0.38419740998910534
20,300,O,204,0.3852837570011616
20,300,O,206,0.3860402490115828
20,300,O,208,0.38738626717693275
20,300,O,210,0.3880394043193923
20,300,O,212,0.3890880352507035
20,300,O,214,0.3898928310308192
20,300,O,216,0.3903556300534142
20,300,O,218,0.391156062276827
20,300,O,220,0.39200458447966313
20,300,O,222,0.39278016922374565
20,300,O,224,0.3935910991082589
20,300,O,226,0.3945357487019565
20,300,O,228,0.39555143958164585
20,300,O,230,0.3964394869075881
20,300,O,232,0.39732182067301536
20,300,O,234,0.39777725955678356
20,300,O,236,0.39827282685372567
20,300,O,238,0.3986595591737164
20,300,O,240,0.3992413567999999
20,300,O,242,0.39987790149947006
20,300,O,244,0.4003777535011371
20,300,O,246,0.40112088227437603
20,300,O,248,0.40179014971686733
20,300,O,250,0.4023922094040447
20,300,O,252,0.40328606797589195
20,300,O,254,0.40398805774748325
20,300,O,256,0.404547272870938
20,300,O,258,0.40492589958012104
20,300,O,260,0.40715765663319164
20,300,O,262,0.40820988536708885
20,300,O,264,0.4089362315005726
20,300,O,266,0.40960483542746967
20,300,O,268,0.41038091770476764
20,300,O,270,0.4110120011286603
20,300,O,272,0.41153875841862625
20,300,O,274,0.412059904800521
20,300,O,276,0.4127612554778655
20,300,O,278,0.4133369450767835
20,300,O,280,0.41379748408993083
20,300,O,282,0.4142957602938016
20,300,O,284,0.4148527216166258
20,300,O,286,0.4153621830046177
20,300,O,288,0.41603796515199876
20,300,O,290,0.4165760878887441
20,300,O,292,0.4171207458194759
20,300,O,294,0.41757229301664567
20,300,O,296,0.418000311901172
20,300,O,298,0.4184125597692198
20,300,O,300,0.4188599232584238
20,600,A,102,0.24046416819544025
20,600,A,104,0.2700468725524843
20,600,A,106,0.28351542438138966
20,600,A,108,0.2903747884729118
20,600,A,110,0.2964670232290195
20,600,A,112,0.3006759645520813
20,600,A,114,0.30417944960020205
20,600,A,116,0.308117446317165
20,600,A,118,0.3109317682683468
20,600,A,120,0.3133059301999984
20,600,A,122,0.3149899248447683
20,600,A,124,0.3164158775298684
20,600,A,126,0.31841420308100404
20,600,A,128,0.32004048371756516
20,600,A,130,0.32196859090968416
20,600,A,132,0.32322191167622805
20,600,A,134,0.32463560512082446
20,600,A,136,0.3260288711430298
20,600,A,138,0.32726086814094474
20,600,A,140,0.32831193330801195
20,600,A,142,0.32988292168549915
20,600,A,144,0.3313283613641505
20,600,A,146,0.33304973470943944
20,600,A,148,0.3341225535367374
20,600,A,150,0.3354604327361341
20,600,A,152,0.3366010099718416
20,600,A,154,0.3380568837057109
20,600,A,156,0.33932205562100365
20,600,A,158,0.3403948550629947
20,600,A,160,0.3418405651356335
20,600,A,162,0.3430339196972825
20,600,A,164,0.34486605509839674
20,600,A,166,0.346936805035781
20,600,A,168,0.34897931747966343
20,600,A,170,0.350887266367122
20,600,A,172,0.3529794429325395
20,600,A,174,0.3550936060923117
20,600,A,176,0.35712198844110526
20,600,A,178,0.35933326136458804
20,600,A,180,0.3616706430912018
20,600,A,182,0.36391880442560826
20,600,A,184,0.3655446399072254
20,600,A,186,0.3671108832651818
20,600,A,188,0.3688655760553148
20,600,A,190,0.37027074796734033
20,600,A,192,0.3718823047561778
20,600,A,194,0.37315684122343856
20,600,A,196,0.37543683788842624
20,600,A,198,0.37689787011455606
20,600,A,200,0.37846091796678527
20,600,A,202,0.37968381370107335
20,600,A,204,0.38085622561198695
20,600,A,206,0.38213646184239125
20,600,A,208,0.3834521923628118
20,600,A,210,0.3846849588056405
20,600,A,212,0.38570404783995066
20,600,A,214,0.38679714832041
20,600,A,216,0.38783859627114403
20,600,A,218,0.3889760695811775
20,600,A,220,0.39000901704033214
20,600,A,222,0.39101437182614096
20,600,A,224,0.3921184365258173
20,600,A,226,0.3931032142567414
20,600,A,228,0.3939427649947228
20,600,A,230,0.3948661498725414
20,600,A,232,0.3958959892668106
20,600,A,234,0.39693314685589737
20,600,A,236,0.39760790889461833
20,600,A,238,0.39837880950007176
20,600,A,240,0.39938215932084453
20,600,A,242,0.40038205876394556
20,600,A,244,0.40109219270999785
20,600,A,246,0.4016933839216276
20,600,A,248,0.40237833766473663
20,600,A,250,0.40295101026142083
20,600,A,252,0.4035821986143236
20,600,A,254,0.40422461423333045
20,600,A,256,0.4046655855383034
20,600,A,258,0.40516106846431893
20,600,A,260,0.40565163607674615
20,600,A,262,0.40626835312556336
20,600,A,264,0.4066463666105712
20,600,A,266,0.40708066033268414
20,600,A,268,0.40756042108491614
20,600,A,270,0.4078636354318372
20,600,A,272,0.408298352457307
20,600,A,274,0.4085900157138153
20,600,A,276,0.40891873622658076
20,600,A,278,0.4091761396438987
20,600,A,280,0.4094893483238088
20,600,A,282,0.40972535622616607
20,600,A,284,0.4099963809604998
20,600,A,286,0.410284703804387
20,600,A,288,0.4105409948086297
20,600,A,290,0.41074289160746114
20,600,A,292,0.4109735143267446
20,600,A,294,0.41114411047763294
20,600,A,296,0.4113110870260883
20,600,A,298,0.41138755730180826
20,600,A,300,0.41156332001641943
20,600,A,302,0.4117445226896692
20,600,A,304,0.4119108135777491
20,600,A,306,0.41202448956944326
20,600,A,308,0.41218013157723127
20,600,A,310,0.4122592777841621
20,600,A,312,0.41236106444288184
20,600,A,314,0.4124408850653304
20,600,A,316,0.41252675666301336
20,600,A,318,0.41258262656629086
20,600,A,320,0.4126533839713644
20,600,A,322,0.4127357501398634
20,600,A,324,0.4127734181367689
20,600,A,326,0.41280281854172546
20,600,A,328,0.41287639882001614
20,600,A,330,0.41291447183876123
20,600,A,332,0.412963709000636
20,600,A,334,0.4129934146034497
20,600,A,336,0.4130337815041895
20,600,A,338,0.41305188337961835
20,600,A,340,0.4130791794784643
20,600,A,342,0.4131216132254512
20,600,A,344,0.4131714291870594
20,600,A,346,0.413184841611871
20,600,A,348,0.41325016547408366
20,600,A,350,0.4133010080981034
20,600,A,352,0.41331387159449084
20,600,A,354,0.4133615765582632
20,600,A,356,0.41339079946003576
20,600,A,358,0.41340733471292035
20,600,A,360,0.4134428143777229
20,600,A,362,0.4134885386598331
20,600,A,364,0.4135223779551409
20,600,A,366,0.41353474164174664
20,600,A,368,0.4135649854800216
20,600,A,370,0.413578616593171
20,600,A,372,0.41360652170799395
20,600,A,374,0.4136358943802339
20,600,A,376,0.41366354872783023
20,600,A,378,0.41369007755484843
20,600,A,380,0.4137059744033549
20,600,A,382,0.41372418541599204
20,600,A,384,0.4137432699402173
20,600,A,386,0.4137693622873889
20,600,A,388,0.41378685390507736
20,600,A,390,0.41380563626686734
20,600,A,392,0.41382686055644796
20,600,A,394,0.4138480008890231
20,600,A,396,0.4138599425830223
20,600,A,398,0.41389038372370934
20,600,A,400,0.4139098578857051
20,600,A,402,0.41391965250174206
20,600,A,404,0.4139290112588141
20,600,A,406,0.4139490451801706
20,600,A,408,0.41396209721763927
20,600,A,410,0.41398225062423283
20,600,A,412,0.4139884077012539
20,600,A,414,0.4140071928225182
20,600,A,416,0.4140122957803585
20,600,A,418,0.4140170964377898
20,600,A,420,0.41402808266381425
20,600,A,422,0.4140392640536582
20,600,A,424,0.414050344929651
20,600,A,426,0.4140606695027263
20,600,A,428,0.4140657793592524
20,600,A,430,0.41407700007160503
20,600,A,432,0.4141007539022852
20,600,A,434,0.4141040565790953
20,600,A,436,0.41411478969234006
20,600,A,438,0.41411875823029765
20,600,A,440,0.41412330391230406
20,600,A,442,0.4141309753888183
20,600,A,444,0.4141408113969697
20,600,A,446,0.4141425662846477
20,600,A,448,0.41415310706253405
20,600,A,450,0.4141637554599179
20,600,A,452,0.41417328930563396
20,600,A,454,0.4141828281873906
20,600,A,456,0.4141934118751023
20,600,A,458,0.4141994291157634
20,600,A,460,0.4142010490651484
20,600,A,462,0.41420333998070824
20,600,A,464,0.41420578321924917
20,600,A,466,0.4142061302231418
20,600,A,468,0.4142070600280055
20,600,A,470,0.41421534465970816
20,600,A,472,0.41421909078403757
20,600,A,474,0.41422225521118555
20,600,A,476,0.4142232795280439
20,600,A,478,0.41422876922620666
20,600,A,480,0.4142325222492218
20,600,A,482,0.4142355404242321
20,600,A,484,0.4142372113549047
20,600,A,486,0.41423928261631066
20,600,A,488,0.4142415411080475
20,600,A,490,0.4142416192011701
20,600,A,492,0.4142439985578811
20,600,A,494,0.41424594447016716
20,600,A,496,0.4142483525943977
20,600,A,498,0.41425303569822397
20,600,A,500,0.41425337614836516
20,600,A,502,0.414259886438096
20,600,A,504,0.4142618522875839
20,600,A,506,0.4142689224056624
20,600,A,508,0.41427376045397035
20,600,A,510,0.41427567870252663
20,600,A,512,0.4142764481819338
20,600,A,514,0.4142795927408669
20,600,A,516,0.41428204218822495
20,600,A,518,0.4142831963383489
20,600,A,520,0.4142844490017052
20,600,A,522,0.4142854077120622
20,600,A,524,0.41428859628461023
20,600,A,526,0.41428939404862897
20,600,A,528,0.4142907057647352
20,600,A,530,0.4142907057647352
20,600,A,532,0.4142910297270174
20,600,A,534,0.41429187109073
20,600,A,536,0.4142924334715914
20,600,A,538,0.4142935218082534
20,600,A,540,0.41429373235614214
20,600,A,542,0.414298249753537
20,600,A,544,0.41430188687863173
20,600,A,546,0.4143057767715719
20,600,A,548,0.414306444702325
20,600,A,550,0.41430697300367886
20,600,A,552,0.4143077417932175
20,600,A,554,0.41430779449917654
20,600,A,556,0.41430890284202715
20,600,A,558,0.4143103270067109
20,600,A,560,0.4143106214426182
20,600,A,562,0.4143129166353632
20,600,A,564,0.41431321838387736
20,600,A,566,0.4143133868497831
20,600,A,568,0.414314060713406
20,600,A,570,0.4143152715707267
20,600,A,572,0.4143152715707267
20,600,A,574,0.41431533393484576
20,600,A,576,0.414315534548627
20,600,A,578,0.4143166499281371
20,600,A,580,0.4143167474755534
20,600,A,582,0.41431725590869234
20,600,A,584,0.4143176371300662
20,600,A,586,0.4143179483987667
20,600,A,588,0.4143206631695783
20,600,A,590,0.41432094339419295
20,600,A,592,0.4143210329391338
20,600,A,594,0.41432330591811073
20,600,A,596,0.41432330591811073
20,600,A,598,0.4143237088013578
20,600,A,600,0.4143242121294693
20,600,F,102,0.2404641665397557
20,600,F,104,0.2700468716384084
20,600,F,106,0.28351542386398826
20,600,F,108,0.2903747894214811
20,600,F,110,0.2955109669516484
20,600,F,112,0.2996622296222658
20,600,F,114,0.3048615560314997
20,600,F,116,0.30813361961325564
20,600,F,118,0.3116503987737276
20,600,F,120,0.31409696120492836
20,600,F,122,0.3172652370951794
20,600,F,124,0.32009737172888386
20,600,F,126,0.3230136134834201
20,600,F,128,0.3260047560971644
20,600,F,130,0.32805577472404196
20,600,F,132,0.3300566827464435
20,600,F,134,0.33198788420607644
20,600,F,136,0.33417894453224206
20,600,F,138,0.3368800458739753
20,600,F,140,0.33914923740343916
20,600,F,142,0.3409673013827867
20,600,F,144,0.34303347476654583
20,600,F,146,0.3449156716879871
20,600,F,148,0.346865634261458
20,600,F,150,0.3487313229383694
20,600,F,152,0.3507145147218748
20,600,F,154,0.352553625487619
20,600,F,156,0.3542060085606796
20,600,F,158,0.3559773110060228
20,600,F,160,0.3578775673414822
20,600,F,162,0.35909406654536724
20,600,F,164,0.3611005438422715
20,600,F,166,0.3627947050802134
20,600,F,168,0.36380800377163625
20,600,F,170,0.36560767709657
20,600,F,172,0.3672642423598855
20,600,F,174,0.3690544882858241
20,600,F,176,0.37033192213210797
20,600,F,178,0.37167694950821223
20,600,F,180,0.37338678200763686
20,600,F,182,0.3745568468476887
20,600,F,184,0.37611185800698066
20,600,F,186,0.3775698434975412
20,600,F,188,0.3789040153777158
20,600,F,190,0.380230737367162
20,600,F,192,0.3817268351299895
20,600,F,194,0.3828628993144742
20,600,F,196,0.3839620359379936
20,600,F,198,0.38520668019299154
20,600,F,200,0.38655058046181995
20,600,F,202,0.3875093538728025
20,600,F,204,0.3885777195294698
20,600,F,206,0.38938105906601306
20,600,F,208,0.3904303022556835
20,600,F,210,0.39135251801323007
20,600,F,212,0.39233699861775945
20,600,F,214,0.3931661248896961
20,600,F,216,0.39409379398933164
20,600,F,218,0.3950934116901071
20,600,F,220,0.39596533092359704
20,600,F,222,0.39677984702090424
20,600,F,224,0.3976920560968143
20,600,F,226,0.39851232059299946
20,600,F,228,0.39927467979766706
20,600,F,230,0.40010732439933
20,600,F,232,0.4009797157788718
20,600,F,234,0.4018759121083551
20,600,F,236,0.40269544693054976
20,600,F,238,0.4030945953671579
20,600,F,240,0.4036258606033193
20,600,F,242,0.4044025881146943
20,600,F,244,0.4051059089187119
20,600,F,246,0.4056565584959807
20,600,F,248,0.40609679053779
20,600,F,250,0.4064921217246188
20,600,F,252,0.4070683875707565
20,600,F,254,0.40755925582790814
20,600,F,256,0.40807493265580247
20,600,F,258,0.40849443849314143
20,600,F,260,0.4093101967678026
20,600,F,262,0.41002824254058023
20,600,F,264,0.4106196367216331
20,600,F,266,0.411309821807124
20,600,F,268,0.41190173890855575
20,600,F,270,0.41247838638998846
20,600,F,272,0.413105139715804
20,600,F,274,0.41373003446669493
20,600,F,276,0.414212213208278
20,600,F,278,0.41479877492895834
20,600,F,280,0.41524682173298466
20,600,F,282,0.4157783484293355
20,600,F,284,0.416299385122127
20,600,F,286,0.4168156595141799
20,600,F,288,0.4172086113442977
20,600,F,290,0.41761689729712625
20,600,F,292,0.4180848819238168
20,600,F,294,0.4185875008503596
20,600,F,296,0.4189254375933497
20,600,F,298,0.41935195504791206
20,600,F,300,0.419678200174261
20,600,F,302,0.4200942063083251
20,600,F,304,0.4205331339466351
20,600,F,306,0.42083193251380213
20,600,F,308,0.4211348926441537
20,600,F,310,0.42148193737698925
20,600,F,312,0.42181973269692175
20,600,F,314,0.4220990938031011
20,600,F,316,0.42246415707524176
20,600,F,318,0.4228186903314458
20,600,F,320,0.4231947138905525
20,600,F,322,0.42357289004657006
20,600,F,324,0.42393399299018913
20,600,F,326,0.42423185761328097
20,600,F,328,0.4245373726029087
20,600,F,330,0.4248627330417986
20,600,F,332,0.42515509899843623
20,600,F,334,0.4254097392161687
20,600,F,336,0.4257362653949746
20,600,F,338,0.4261213751440799
20,600,F,340,0.42647493189131774
20,600,F,342,0.426814884154333
20,600,F,344,0.4270689937941454
20,600,F,346,0.42734828356791427
20,600,F,348,0.42765710185523387
20,600,F,350,0.4280399442822845
20,600,F,352,0.4282997968710131
20,600,F,354,0.4286298123360784
20,600,F,356,0.42891534990458574
20,600,F,358,0.42918961039847797
20,600,F,360,0.42943719519233264
20,600,F,362,0.42974116246181504
20,600,F,364,0.42999081023865277
20,600,F,366,0.4302258252131718
20,600,F,368,0.43048438747172
20,600,F,370,0.43072190570334595
20,600,F,372,0.43096067004457667
20,600,F,374,0.43124858538309735
20,600,F,376,0.43148414942401425
20,600,F,378,0.4318046613285939
20,600,F,380,0.4320838559694864
20,600,F,382,0.43231469027146147
20,600,F,384,0.4325588985035817
20,600,F,386,0.4327713834742705
20,600,F,388,0.43298995756992587
20,600,F,390,0.4332372401323583
20,600,F,392,0.43342217071740713
20,600,F,394,0.43362932679829774
20,600,F,396,0.43382022536739157
20,600,F,398,0.4340247721583755
20,600,F,400,0.43421524459565125
20,600,F,402,0.43440825988849
20,600,F,404,0.43457464411578794
20,600,F,406,0.434766738779015
20,600,F,408,0.4349473104984672
20,600,F,410,0.4352148254574449
20,600,F,412,0.435381516262337
20,600,F,414,0.43557280032998985
20,600,F,416,0.4357664554759308
20,600,F,418,0.4359809739032277
20,600,F,420,0.43614914040598607
20,600,F,422,0.436410758851303
20,600,F,424,0.4366608678742691
20,600,F,426,0.4368456442736917
20,600,F,428,0.43707007894085514
20,600,F,430,0.437231344136375
20,600,F,432,0.4373657023879113
20,600,F,434,0.4375147104125332
20,600,F,436,0.43764097540190927
20,600,F,438,0.4378028345742711
20,600,F,440,0.4379734799127888
20,600,F,442,0.43815220140472605
20,600,F,444,0.43833821749797575
20,600,F,446,0.4384800164649884
20,600,F,448,0.438699781342789
20,600,F,450,0.4388543019692103
20,600,F,452,0.4390207008907088
20,600,F,454,0.43914854981833035
20,600,F,456,0.4392947915389582
20,600,F,458,0.4394276180063133
20,600,F,460,0.43955734599795604
20,600,F,462,0.43972168642061726
20,600,F,464,0.43985032731736146
20,600,F,466,0.43996610720124507
20,600,F,468,0.4401105665084388
20,600,F,470,0.44023791169402776
20,600,F,472,0.44035060006987164
20,600,F,474,0.4404989683793651
20,600,F,476,0.4406106913531268
20,600,F,478,0.4407289692511161
20,600,F,480,0.440845033429839
20,600,F,482,0.4409598468768376
20,600,F,484,0.44108137778109974
20,600,F,486,0.4411703370925453
20,600,F,488,0.44126566499471664
20,600,F,490,0.4413673058152199
20,600,F,492,0.4414563052080296
20,600,F,494,0.44156255980056747
20,600,F,496,0.4416661311492876
20,600,F,498,0.4417793724547934
20,600,F,500,0.44190349574718213
20,600,F,502,0.4419954503989882
20,600,F,504,0.4421085426238952
20,600,F,506,0.4421761992077033
20,600,F,508,0.4422887999702383
20,600,F,510,0.442378315453728
20,600,F,512,0.44247822153071564
20,600,F,514,0.44260979754229385
20,600,F,516,0.442704135896983
20,600,F,518,0.44278316496423
20,600,F,520,0.44288532677348014
20,600,F,522,0.4429975180990166
20,600,F,524,0.44308752732144463
20,600,F,526,0.4431704567676341
20,600,F,528,0.4432395302725059
20,600,F,530,0.4433339874225634
20,600,F,532,0.4434218563967281
20,600,F,534,0.4434905611668472
20,600,F,536,0.44357896382334056
20,600,F,538,0.44365658162644617
20,600,F,540,0.4437441248446703
20,600,F,542,0.4438282379673587
20,600,F,544,0.44390320115619236
20,600,F,546,0.4439659944425027
20,600,F,548,0.44404911118800994
20,600,F,550,0.44411270706741895
20,600,F,552,0.44416282995155565
20,600,F,554,0.444237871647433
20,600,F,556,0.44431787536100104
20,600,F,558,0.4443777058687475
20,600,F,560,0.44444711568454903
20,600,F,562,0.44449810311198235
20,600,F,564,0.44457308375449095
20,600,F,566,0.44463105706704986
20,600,F,568,0.44470211553076905
20,600,F,570,0.444758054351917
20,600,F,572,0.4448119281204762
20,600,F,574,0.4448786723530955
20,600,F,576,0.444940113565988
20,600,F,578,0.44499394449370877
20,600,F,580,0.4450482712989604
20,600,F,582,0.44511926774349475
20,600,F,584,0.44516824558377266
20,600,F,586,0.44521812515126336
20,600,F,588,0.4452827116129575
20,600,F,590,0.44532836270001197
20,600,F,592,0.44539061547429476
20,600,F,594,0.44543550839578666
20,600,F,596,0.4454858884629276
20,600,F,598,0.44552077463379613
20,600,F,600,0.4455658970745625
20,600,FR,102,0.2404641665397557
20,600,FR,104,0.2700468716384084
20,600,FR,106,0.28351542386398826
20,600,FR,108,0.2903747894214811
20,600,FR,110,0.29550470156526126
20,600,FR,112,0.2997888709349489
20,600,FR,114,0.3050620348054778
20,600,FR,116,0.30840002140030265
20,600,FR,118,0.3120267090422136
20,600,FR,120,0.314432671190136
20,600,FR,122,0.3174569860652641
20,600,FR,124,0.3202738866761879
20,600,FR,126,0.3233304788806924
20,600,FR,128,0.32639630825293287
20,600,FR,130,0.3284865416310452
20,600,FR,132,0.3304850540848242
20,600,FR,134,0.33225686354907574
20,600,FR,136,0.33455984325458604
20,600,FR,138,0.3371924045668156
20,600,FR,140,0.33963460561439945
20,600,FR,142,0.34147137130990074
20,600,FR,144,0.34353180367637565
20,600,FR,146,0.34531202512206854
20,600,FR,148,0.34728707483521215
20,600,FR,150,0.34910708096706206
20,600,FR,152,0.3510646846283365
20,600,FR,154,0.3528435189552881
20,600,FR,156,0.3544351765541015
20,600,FR,158,0.3559810494038242
20,600,FR,160,0.3578269139484123
20,600,FR,162,0.3591592248391222
20,600,FR,164,0.3610485928064143
20,600,FR,166,0.3626701192309459
20,600,FR,168,0.3636953753453714
20,600,FR,170,0.36524412670621165
20,600,FR,172,0.36706379594074356
20,600,FR,174,0.3686930831797697
20,600,FR,176,0.3700606333160842
20,600,FR,178,0.3714937920233718
20,600,FR,180,0.37338769539362854
20,600,FR,182,0.37448161467909813
20,600,FR,184,0.37586238228336527
20,600,FR,186,0.3774032263016259
20,600,FR,188,0.3787221235257608
20,600,FR,190,0.3800675720666294
20,600,FR,192,0.3815233159672331
20,600,FR,194,0.3825177216419467
20,600,FR,196,0.3838455427300047
20,600,FR,198,0.38506904651445373
20,600,FR,200,0.3863011706896402
20,600,FR,202,0.38744925114291684
20,600,FR,204,0.3886786698605175
20,600,FR,206,0.38977767071790165
20,600,FR,208,0.39079530764785075
20,600,FR,210,0.39190207787409975
20,600,FR,212,0.39279237051528915
20,600,FR,214,0.39367612858337386
20,600,FR,216,0.39473528670216046
20,600,FR,218,0.39558511441228567
20,600,FR,220,0.39642856773678903
20,600,FR,222,0.39716011023631803
20,600,FR,224,0.39791319153651045
20,600,FR,226,0.3986550291517266
20,600,FR,228,0.39941964567535454
20,600,FR,230,0.4002265145795213
20,600,FR,232,0.4010585965933623
20,600,FR,234,0.40197574602508984
20,600,FR,236,0.40275454465989713
20,600,FR,238,0.403215027310782
20,600,FR,240,0.40370643069898643
20,600,FR,242,0.4043012972645186
20,600,FR,244,0.4048123293452793
20,600,FR,246,0.4054432823840115
20,600,FR,248,0.406032211250729
20,600,FR,250,0.40645597081769397
20,600,FR,252,0.40716815215569957
20,600,FR,254,0.4076843079593446
20,600,FR,256,0.40818745580812293
20,600,FR,258,0.40870183354450595
20,600,FR,260,0.4095632039286472
20,600,FR,262,0.41021070408600346
20,600,FR,264,0.41077744001867594
20,600,FR,266,0.41142020002007484
20,600,FR,268,0.41199036280590073
20,600,FR,270,0.41260134566713264
20,600,FR,272,0.4130899399794914
20,600,FR,274,0.4136528625946354
20,600,FR,276,0.41415215124962507
20,600,FR,278,0.4146860511628566
20,600,FR,280,0.4151762594227438
20,600,FR,282,0.41574335608769347
20,600,FR,284,0.4162154793739319
20,600,FR,286,0.4166930450333489
20,600,FR,288,0.4171136354820596
20,600,FR,290,0.41755100808761736
20,600,FR,292,0.41812974531893377
20,600,FR,294,0.4186468009871465
20,600,FR,296,0.41899073627535943
20,600,FR,298,0.419460938208633
20,600,FR,300,0.4198092277403231
20,600,FR,302,0.4201431872530116
20,600,FR,304,0.42054543809758294
20,600,FR,306,0.4208795609711497
20,600,FR,308,0.42120363749563694
20,600,FR,310,0.4215413114676873
20,600,FR,312,0.42187778900067013
20,600,FR,314,0.4221818557492009
20,600,FR,316,0.42240292075331565
20,600,FR,318,0.42276605439406856
20,600,FR,320,0.42313837439373686
20,600,FR,322,0.4235206818277085
20,600,FR,324,0.4239502031770017
20,600,FR,326,0.42432690529083766
20,600,FR,328,0.42466630441723047
20,600,FR,330,0.4250177158801644
20,600,FR,332,0.4253297278450595
20,600,FR,334,0.425633054640558
20,600,FR,336,0.4260265666439577
20,600,FR,338,0.4263808558936472
20,600,FR,340,0.42673368834786946
20,600,FR,342,0.42697378282469733
20,600,FR,344,0.42724640460477936
20,600,FR,346,0.42748656765454346
20,600,FR,348,0.4278050521733584
20,600,FR,350,0.42813518167369896
20,600,FR,352,0.42843414111821737
20,600,FR,354,0.4288161585314406
20,600,FR,356,0.42907206645166435
20,600,FR,358,0.4293430984986049
20,600,FR,360,0.429566819358755
20,600,FR,362,0.4298424179907198
20,600,FR,364,0.4301261900475732
20,600,FR,366,0.4303478931801187
20,600,FR,368,0.4305822407067926
20,600,FR,370,0.4307799353091805
20,600,FR,372,0.4310132159541051
20,600,FR,374,0.4312658095387397
20,600,FR,376,0.4314651673452722
20,600,FR,378,0.43168615736067295
20,600,FR,380,0.43190332170989776
20,600,FR,382,0.4321671463549137
20,600,FR,384,0.43238870799541473
20,600,FR,386,0.4326518689868627
20,600,FR,388,0.4329134985390637
20,600,FR,390,0.43315599976038494
20,600,FR,392,0.4333720275511344
20,600,FR,394,0.4335524087288865
20,600,FR,396,0.4337817789917743
20,600,FR,398,0.4339960065014936
20,600,FR,400,0.43420811383812513
20,600,FR,402,0.4344207118092864
20,600,FR,404,0.4346314249905171
20,600,FR,406,0.43481752683443053
20,600,FR,408,0.435003167156268
20,600,FR,410,0.43517473008897567
20,600,FR,412,0.4353620443769075
20,600,FR,414,0.43553215486031993
20,600,FR,416,0.4357328018932431
20,600,FR,418,0.4359770390998434
20,600,FR,420,0.43617503593365353
20,600,FR,422,0.4363403923257633
20,600,FR,424,0.4365384967100841
20,600,FR,426,0.43669692737360793
20,600,FR,428,0.43689728652437526
20,600,FR,430,0.43708748963695987
20,600,FR,432,0.4372658621243857
20,600,FR,434,0.43741973441232135
20,600,FR,436,0.4375459498691338
20,600,FR,438,0.4376940312622874
20,600,FR,440,0.4378551330279421
20,600,FR,442,0.43808987171009733
20,600,FR,444,0.4382380974237566
20,600,FR,446,0.43841869984236026
20,600,FR,448,0.4385819781433653
20,600,FR,450,0.4387097441487842
20,600,FR,452,0.43889181853996384
20,600,FR,454,0.43905051162949316
20,600,FR,456,0.4391817939640195
20,600,FR,458,0.43934069277235754
20,600,FR,460,0.4394659335138621
20,600,FR,462,0.43960738368332386
20,600,FR,464,0.43973874900903964
20,600,FR,466,0.4398546802500884
20,600,FR,468,0.44000048376619816
20,600,FR,470,0.4401366556132281
20,600,FR,472,0.44027324372695553
20,600,FR,474,0.44040264078864344
20,600,FR,476,0.44052624529986467
20,600,FR,478,0.4406308203383728
20,600,FR,480,0.4407503451048224
20,600,FR,482,0.44086866991387474
20,600,FR,484,0.44097265373501515
20,600,FR,486,0.44108132397135097
20,600,FR,488,0.44121634532456044
20,600,FR,490,0.4413346682709676
20,600,FR,492,0.4414439422112924
20,600,FR,494,0.4415584498395522
20,600,FR,496,0.44168958723269125
20,600,FR,498,0.4417963740588338
20,600,FR,500,0.4418986125814694
20,600,FR,502,0.4420398384746578
20,600,FR,504,0.44217173203274057
20,600,FR,506,0.44226855915729646
20,600,FR,508,0.44236463708458124
20,600,FR,510,0.4424631499029972
20,600,FR,512,0.44256304728764073
20,600,FR,514,0.4426426392186571
20,600,FR,516,0.4427367452945974
20,600,FR,518,0.4428145842005809
20,600,FR,520,0.44290601517315265
20,600,FR,522,0.44299136102199554
20,600,FR,524,0.44307038864051856
20,600,FR,526,0.4431696056077878
20,600,FR,528,0.4432772055820183
20,600,FR,530,0.4433704056535606
20,600,FR,532,0.4434636809207775
20,600,FR,534,0.4435459919687774
20,600,FR,536,0.44365460970611487
20,600,FR,538,0.44373659368742396
20,600,FR,540,0.4438081380945665
20,600,FR,542,0.44388362268606824
20,600,FR,544,0.4439676963482742
20,600,FR,546,0.4440574307270624
20,600,FR,548,0.4441427161434182
20,600,FR,550,0.44421664584014153
20,600,FR,552,0.4442908267869993
20,600,FR,554,0.444359109012617
20,600,FR,556,0.4444340107341607
20,600,FR,558,0.4445066741771168
20,600,FR,560,0.4446024115162867
20,600,FR,562,0.44467688634715696
20,600,FR,564,0.44476450117373906
20,600,FR,566,0.44483554356352045
20,600,FR,568,0.44489880347693406
20,600,FR,570,0.44497017272644573
20,600,FR,572,0.44503938296326884
20,600,FR,574,0.4451050370655678
20,600,FR,576,0.4451683850751983
20,600,FR,578,0.4452402925601712
20,600,FR,580,0.4453244819823239
20,600,FR,582,0.4453924884674726
20,600,FR,584,0.4454544690886029
20,600,FR,586,0.44551735281668325
20,600,FR,588,0.44558885058871023
20,600,FR,590,0.4456578204753222
20,600,FR,592,0.4457331881341007
20,600,FR,594,0.4458044034049467
20,600,FR,596,0.44587192229098743
20,600,FR,598,0.4459560050594586
20,600,FR,600,0.4460217433947104
20,600,O,102,0.18040467358918655
20,600,O,104,0.22658982272777292
20,600,O,106,0.2540242661618524
20,600,O,108,0.26641993855850565
20,600,O,110,0.2752786120399833
20,600,O,112,0.2870492446753714
20,600,O,114,0.29331654993196327
20,600,O,116,0.2977834064513445
20,600,O,118,0.302638025333484
20,600,O,120,0.3054995892776383
20,600,O,122,0.31119947435541284
20,600,O,124,0.31415938886089456
20,600,O,126,0.3165278114999334
20,600,O,128,0.3192712485583292
20,600,O,130,0.3216191746501459
20,600,O,132,0.32470371501727235
20,600,O,134,0.32637592839698
20,600,O,136,0.32808631141152644
20,600,O,138,0.33102922410600716
20,600,O,140,0.33370933930079144
20,600,O,142,0.33648890339665943
20,600,O,144,0.3397952930794822
20,600,O,146,0.34199440272317994
20,600,O,148,0.3446792101280557
20,600,O,150,0.3467658201439513
20,600,O,152,0.34870510548353195
20,600,O,154,0.3511755687908994
20,600,O,156,0.3534587799674935
20,600,O,158,0.35510914483004147
20,600,O,160,0.3569694438742267
20,600,O,162,0.3584864458276166
20,600,O,164,0.3603177606645558
20,600,O,166,0.3615768233107196
20,600,O,168,0.36281749254299533
20,600,O,170,0.36456236098375583
20,600,O,172,0.36584673759837943
20,600,O,174,0.3671926342778736
20,600,O,176,0.368272232512633
20,600,O,178,0.36934157005614704
20,600,O,180,0.3702072598454025
20,600,O,182,0.37114263512194157
20,600,O,184,0.37221182841393685
20,600,O,186,0.3732692119148042
20,600,O,188,0.37434414960443974
20,600,O,190,0.37518459061781567
20,600,O,192,0.37656671967771316
20,600,O,194,0.37770278317232925
20,600,O,196,0.3785765514605575
20,600,O,198,0.3791835146645705
20,600,O,200,0.38021197728812695
20,600,O,202,0.38151768036186695
20,600,O,204,0.38231144804093575
20,600,O,206,0.3831726180182563
20,600,O,208,0.3839970013747613
20,600,O,210,0.38489822256896233
20,600,O,212,0.3859262793428368
20,600,O,214,0.38686805218458176
20,600,O,216,0.3878028347260422
20,600,O,218,0.3883776296344068
20,600,O,220,0.3888461651901404
20,600,O,222,0.3895968000094096
20,600,O,224,0.39032138139009476
20,600,O,226,0.39078855887055397
20,600,O,228,0.3911692251761754
20,600,O,230,0.39159423899319434
20,600,O,232,0.3921536407950852
20,600,O,234,0.39267848432064056
20,600,O,236,0.3934769063360161
20,600,O,238,0.39436482907169396
20,600,O,240,0.3949041029231416
20,600,O,242,0.3954879186219639
20,600,O,244,0.3960572487364213
20,600,O,246,0.39665131126013065
20,600,O,248,0.3972258296691709
20,600,O,250,0.39781528525054455
20,600,O,252,0.39834009007447296
20,600,O,254,0.39887853111657834
20,600,O,256,0.39989902906947666
20,600,O,258,0.4007883651389016
20,600,O,260,0.405170106018583
20,600,O,262,0.4070871875931819
20,600,O,264,0.40812693826026386
20,600,O,266,0.40895726573136115
20,600,O,268,0.40974816121160984
20,600,O,270,0.4106540802038378
20,600,O,272,0.4113214285009437
20,600,O,274,0.411775173412429
20,600,O,276,0.41243185641037095
20,600,O,278,0.41287946825226146
20,600,O,280,0.413628787216213
20,600,O,282,0.41426558751198983
20,600,O,284,0.41476976768010193
20,600,O,286,0.4152918199284209
20,600,O,288,0.4160226090914673
20,600,O,290,0.41666364338662887
20,600,O,292,0.41723789150516194
20,600,O,294,0.4179291069093678
20,600,O,296,0.4183938577771187
20,600,O,298,0.41899985675182605
20,600,O,300,0.41956713278260493
20,600,O,302,0.41997451583544415
20,600,O,304,0.4207060904138618
20,600,O,306,0.4213318390150865
20,600,O,308,0.4219033035139243
20,600,O,310,0.4224967886176374
20,600,O,312,0.4231101560095946
20,600,O,314,0.4235401906900936
20,600,O,316,0.42402465475930107
20,600,O,318,0.42450361760954064
20,600,O,320,0.42506407511730987
20,600,O,322,0.4254639674392011
20,600,O,324,0.4260476090841823
20,600,O,326,0.4264244625551833
20,600,O,328,0.42687339666816926
20,600,O,330,0.4274487033900287
20,600,O,332,0.4279065059704913
20,600,O,334,0.42819189673496616
20,600,O,336,0.42872189523445237
20,600,O,338,0.4291330443488227
20,600,O,340,0.42956458528836566
20,600,O,342,0.4299493208527565
20,600,O,344,0.4304196433060699
20,600,O,346,0.43072964768442845
20,600,O,348,0.4312057712425788
20,600,O,350,0.43162049332426655
20,600,O,352,0.4320002283073134
20,600,O,354,0.43246948305103516
20,600,O,356,0.4329264134996467
20,600,O,358,0.4332985244691372
20,600,O,360,0.43366777648528415
20,600,O,362,0.43397523855997455
20,600,O,364,0.43440988494290245
20,600,O,366,0.43480690754950047
20,600,O,368,0.43524967610008186
20,600,O,370,0.43556282048424083
20,600,O,372,0.435886998143461
20,600,O,374,0.4362139097518391
20,600,O,376,0.4365162681788206
20,600,O,378,0.4368665684014559
20,600,O,380,0.4371791914519336
20,600,O,382,0.4375679370843702
20,600,O,384,0.43788289175265366
20,600,O,386,0.4382026828825474
20,600,O,388,0.43848168746464783
20,600,O,390,0.43874080830978024
20,600,O,392,0.43908276553783154
20,600,O,394,0.439415142354038
20,600,O,396,0.4396520112123754
20,600,O,398,0.43994893692433834
20,600,O,400,0.44028312154114246
20,600,O,402,0.4406035972966088
20,600,O,404,0.44084423676961
20,600,O,406,0.44106345996260643
20,600,O,408,0.44133893876439995
20,600,O,410,0.4416159532136387
20,600,O,412,0.4418951767600245
20,600,O,414,0.4421781111094687
20,600,O,416,0.4424305837601423
20,600,O,418,0.44268606499665314
20,600,O,420,0.4429449312802818
20,600,O,422,0.443201191102465
20,600,O,424,0.4434676207602024
20,600,O,426,0.4436945728957653
20,600,O,428,0.44397205238540965
20,600,O,430,0.44421927796469796
20,600,O,432,0.4444541264739301
20,600,O,434,0.44473175435430473
20,600,O,436,0.44493703813188606
20,600,O,438,0.445155991655257
20,600,O,440,0.4453722046067317
20,600,O,442,0.4456025330970685
20,600,O,444,0.4458389673382044
20,600,O,446,0.44604128205941784
20,600,O,448,0.44625438811878365
20,600,O,450,0.4464546245419317
20,600,O,452,0.44665734262930024
20,600,O,454,0.4468505655725797
20,600,O,456,0.4470146254946788
20,600,O,458,0.4472093013011747
20,600,O,460,0.4474042769935396
20,600,O,462,0.44757719586292904
20,600,O,464,0.4477375102125936
20,600,O,466,0.44790595086912316
20,600,O,468,0.44809944969084525
20,600,O,470,0.4482446824096971
20,600,O,472,0.4483989392303758
20,600,O,474,0.4485694451464547
20,600,O,476,0.4487334347019593
20,600,O,478,0.44886965511573684
20,600,O,480,0.4490252439346578
20,600,O,482,0.4491633332024018
20,600,O,484,0.44930747316943276
20,600,O,486,0.4494413083626164
20,600,O,488,0.44957677957912284
20,600,O,490,0.4497035176803668
20,600,O,492,0.4498118189060026
20,600,O,494,0.4499280959781673
20,600,O,496,0.45005896418458885
20,600,O,498,0.4501647226926353
20,600,O,500,0.450280183305343
20,600,O,502,0.45040519204404617
20,600,O,504,0.4505167833218972
20,600,O,506,0.4506337619904015
20,600,O,508,0.4507353487941954
20,600,O,510,0.4508426371547911
20,600,O,512,0.45094166903032196
20,600,O,514,0.4510454899734921
20,600,O,516,0.45113688955704373
20,600,O,518,0.45126171803308857
20,600,O,520,0.45135406135684913
20,600,O,522,0.4514401172184282
20,600,O,524,0.4515360550334056
20,600,O,526,0.45161493722763324
20,600,O,528,0.4516949833681186
20,600,O,530,0.4517705717848407
20,600,O,532,0.45187735992173356
20,600,O,534,0.4519735570583079
20,600,O,536,0.4520600603686439
20,600,O,538,0.45213195122778416
20,600,O,540,0.45220913862188655
20,600,O,542,0.4522894759558969
20,600,O,544,0.4523580241948366
20,600,O,546,0.45241356351309353
20,600,O,548,0.4524841722514894
20,600,O,550,0.4525439573658837
20,600,O,552,0.4526083978513877
20,600,O,554,0.4526666736023294
20,600,O,556,0.4527228722969691
20,600,O,558,0.45278540150158936
20,600,O,560,0.4528453604628642
20,600,O,562,0.45290310660170185
20,600,O,564,0.4529658402833674
20,600,O,566,0.4530255949745576
20,600,O,568,0.453097104612324
20,600,O,570,0.4531519090135892
20,600,O,572,0.45319985619021785
20,600,O,574,0.45325112032393616
20,600,O,576,0.45330660603940487
20,600,O,578,0.4533553280764156
20,600,O,580,0.4533968987978167
20,600,O,582,0.4534444527493583
20,600,O,584,0.453493209141824
20,600,O,586,0.45353623251948094
20,600,O,588,0.4535784909708632
20,600,O,590,0.4536239949779378
20,600,O,592,0.4536725694520606
20,600,O,594,0.45371543222831356
20,600,O,596,0.4537637898077567
20,600,O,598,0.4538045780112346
20,600,O,600,0.453846226963732
