dim,budget,fid,method,populations,seconds_batch
10,300,0,A,4,0.1186626497656107
10,300,0,O,4,0.4714018660597503
10,300,0,F,4,0.6725775976665318
10,300,0,FR,4,0.6307467529550195
10,300,24,A,4,0.10165073908865452
10,300,24,O,4,0.4628887828439474
10,300,24,F,4,0.6105783795937896
10,300,24,FR,4,0.6304867919534445
20,600,0,A,4,0.2854515230283141
20,600,0,O,4,1.5503409542143345
20,600,0,F,4,1.9738827790133655
20,600,0,FR,4,1.9786281110718846
20,600,24,A,4,0.26998736523091793
20,600,24,O,4,1.624026328790933
20,600,24,F,4,1.9965845867991447
20,600,24,FR,4,1.9688122486695647
