case,seed,portfolio_sequential_gain,portfolio_top3_gain,top3_share
bbob_f1_fixed,20263000,0.0,0.0,
bbob_f1_fixed,20263001,0.0,0.0,
bbob_f1_fixed,20263002,0.0,0.0,
bbob_f1_fixed,20263003,0.0,0.0,
bbob_f1_fixed,20263004,0.0,0.0,
bbob_f1_fixed,20263005,0.0,0.0,
bbob_f1_fixed,20263006,0.0,0.0,
bbob_f1_fixed,20263007,0.0,0.0,
bbob_f1_fixed,20263008,0.0,0.0,
bbob_f1_fixed,20263009,0.0,0.0,
bbob_f1_fixed,20263010,0.0,0.0,
bbob_f1_fixed,20263011,0.0,0.0,
bbob_f1_fixed,20263012,0.0,0.0,
bbob_f1_fixed,20263013,0.0,0.0,
bbob_f1_fixed,20263014,0.0,0.0,
bbob_f1_fixed,20263015,0.0,0.0,
bbob_f1_fixed,20263016,0.0,0.0,
bbob_f1_fixed,20263017,0.0,0.0,
bbob_f1_fixed,20263018,0.0,0.0,
bbob_f1_fixed,20263019,0.0,0.0,
bbob_f1_fixed,20263020,0.0,0.0,
bbob_f1_fixed,20263021,0.0,0.0,
bbob_f1_fixed,20263022,0.0,0.0,
bbob_f1_fixed,20263023,0.0,0.0,
bbob_f1_fixed,20263024,0.0,0.0,
bbob_f1_fixed,20263025,0.0,0.0,
bbob_f1_fixed,20263026,0.0,0.0,
bbob_f1_fixed,20263027,0.0,0.0,
bbob_f1_fixed,20263028,0.0,0.0,
bbob_f1_fixed,20263029,0.0,0.0,
bbob_f2_fixed,20263000,0.0,0.0,
bbob_f2_fixed,20263001,0.0,0.0,
bbob_f2_fixed,20263002,0.0,0.0,
bbob_f2_fixed,20263003,0.0,0.0,
bbob_f2_fixed,20263004,0.0,0.0,
bbob_f2_fixed,20263005,0.0,0.0,
bbob_f2_fixed,20263006,0.0,0.0,
bbob_f2_fixed,20263007,0.0,0.0,
bbob_f2_fixed,20263008,0.0,0.0,
bbob_f2_fixed,20263009,0.0,0.0,
bbob_f2_fixed,20263010,0.0,0.0,
bbob_f2_fixed,20263011,0.0,0.0,
bbob_f2_fixed,20263012,0.0,0.0,
bbob_f2_fixed,20263013,0.0,0.0,
bbob_f2_fixed,20263014,0.0,0.0,
bbob_f2_fixed,20263015,0.0,0.0,
bbob_f2_fixed,20263016,0.0,0.0,
bbob_f2_fixed,20263017,0.0,0.0,
bbob_f2_fixed,20263018,0.0,0.0,
bbob_f2_fixed,20263019,0.0,0.0,
bbob_f2_fixed,20263020,0.0,0.0,
bbob_f2_fixed,20263021,0.0,0.0,
bbob_f2_fixed,20263022,0.0,0.0,
bbob_f2_fixed,20263023,0.0,0.0,
bbob_f2_fixed,20263024,0.0,0.0,
bbob_f2_fixed,20263025,0.0,0.0,
bbob_f2_fixed,20263026,0.0,0.0,
bbob_f2_fixed,20263027,0.0,0.0,
bbob_f2_fixed,20263028,0.0,0.0,
bbob_f2_fixed,20263029,0.0,0.0,
bbob_f3_fixed,20263000,0.0,0.0,
bbob_f3_fixed,20263001,0.0,0.0,
bbob_f3_fixed,20263002,0.0,0.0,
bbob_f3_fixed,20263003,0.0,0.0,
bbob_f3_fixed,20263004,0.0,0.0,
bbob_f3_fixed,20263005,0.0,0.0,
bbob_f3_fixed,20263006,0.0,0.0,
bbob_f3_fixed,20263007,0.0,0.0,
bbob_f3_fixed,20263008,0.0,0.0,
bbob_f3_fixed,20263009,0.0,0.0,
bbob_f3_fixed,20263010,0.0,0.0,
bbob_f3_fixed,20263011,0.0,0.0,
bbob_f3_fixed,20263012,0.0,0.0,
bbob_f3_fixed,20263013,0.0,0.0,
bbob_f3_fixed,20263014,0.0,0.0,
bbob_f3_fixed,20263015,0.0,0.0,
bbob_f3_fixed,20263016,0.0,0.0,
bbob_f3_fixed,20263017,0.0,0.0,
bbob_f3_fixed,20263018,0.0,0.0,
bbob_f3_fixed,20263019,0.0,0.0,
bbob_f3_fixed,20263020,0.0,0.0,
bbob_f3_fixed,20263021,0.0,0.0,
bbob_f3_fixed,20263022,0.0,0.0,
bbob_f3_fixed,20263023,0.0,0.0,
bbob_f3_fixed,20263024,0.0,0.0,
bbob_f3_fixed,20263025,0.0,0.0,
bbob_f3_fixed,20263026,0.0,0.0,
bbob_f3_fixed,20263027,0.0,0.0,
bbob_f3_fixed,20263028,0.0,0.0,
bbob_f3_fixed,20263029,0.0,0.0,
bbob_f4_fixed,20263000,0.0,0.0,
bbob_f4_fixed,20263001,0.0,0.0,
bbob_f4_fixed,20263002,0.0,0.0,
bbob_f4_fixed,20263003,0.0,0.0,
bbob_f4_fixed,20263004,0.0,0.0,
bbob_f4_fixed,20263005,0.0,0.0,
bbob_f4_fixed,20263006,0.0,0.0,
bbob_f4_fixed,20263007,0.0,0.0,
bbob_f4_fixed,20263008,0.0,0.0,
bbob_f4_fixed,20263009,0.0,0.0,
bbob_f4_fixed,20263010,0.0,0.0,
bbob_f4_fixed,20263011,0.0,0.0,
bbob_f4_fixed,20263012,0.0,0.0,
bbob_f4_fixed,20263013,0.0,0.0,
bbob_f4_fixed,20263014,0.0,0.0,
bbob_f4_fixed,20263015,0.0,0.0,
bbob_f4_fixed,20263016,0.0,0.0,
bbob_f4_fixed,20263017,0.0,0.0,
bbob_f4_fixed,20263018,0.0,0.0,
bbob_f4_fixed,20263019,0.0,0.0,
bbob_f4_fixed,20263020,0.0,0.0,
bbob_f4_fixed,20263021,0.0,0.0,
bbob_f4_fixed,20263022,0.0,0.0,
bbob_f4_fixed,20263023,0.0,0.0,
bbob_f4_fixed,20263024,0.0,0.0,
bbob_f4_fixed,20263025,0.0,0.0,
bbob_f4_fixed,20263026,0.0,0.0,
bbob_f4_fixed,20263027,0.0,0.0,
bbob_f4_fixed,20263028,0.0,0.0,
bbob_f4_fixed,20263029,0.0,0.0,
bbob_f5_fixed,20263000,52.76348876953125,24.12875747680664,0.45730026651952566
bbob_f5_fixed,20263001,47.85677719116211,34.824615478515625,0.7276840924621815
bbob_f5_fixed,20263002,57.9207706451416,26.088289260864254,0.4504133658838419
bbob_f5_fixed,20263003,71.6960620880127,42.41914367675781,0.5916523507899903
bbob_f5_fixed,20263004,61.37581253051758,29.312580108642575,0.477591723841825
bbob_f5_fixed,20263005,53.23917388916016,39.18819427490234,0.73607818101177
bbob_f5_fixed,20263006,55.02488327026367,37.98442268371582,0.6903135531819149
bbob_f5_fixed,20263007,59.87496948242188,39.66876983642578,0.6625267650127447
bbob_f5_fixed,20263008,65.23412322998047,35.26361083984375,0.5405700129596777
bbob_f5_fixed,20263009,67.69281196594238,43.850284576416016,0.6477834692179426
bbob_f5_fixed,20263010,86.06677913665771,38.04327201843262,0.44202039857942305
bbob_f5_fixed,20263011,71.5713005065918,35.41314697265625,0.49479535403153196
bbob_f5_fixed,20263012,60.49675750732422,27.42486572265625,0.45332786173434136
bbob_f5_fixed,20263013,78.30718994140625,35.109764099121094,0.4483593923545482
bbob_f5_fixed,20263014,66.57333755493164,35.40286636352539,0.531787464227904
bbob_f5_fixed,20263015,35.66425704956055,14.64850616455078,0.41073352920809764
bbob_f5_fixed,20263016,70.38068771362305,39.604942321777344,0.5627245713046837
bbob_f5_fixed,20263017,59.34040069580078,20.88065719604492,0.3518792753538406
bbob_f5_fixed,20263018,67.54121398925781,33.67945861816406,0.49865047767013276
bbob_f5_fixed,20263019,50.27646255493164,20.990236282348636,0.4174962838607605
bbob_f5_fixed,20263020,46.27178192138672,21.009536743164062,0.4540464159962143
bbob_f5_fixed,20263021,56.8729248046875,33.287628173828125,0.5852983346318869
bbob_f5_fixed,20263022,52.41419982910156,37.73889923095703,0.7200128849435098
bbob_f5_fixed,20263023,42.4366455078125,20.82986068725586,0.4908460703714464
bbob_f5_fixed,20263024,65.67265319824219,43.76323318481445,0.6663844241637222
bbob_f5_fixed,20263025,80.92525100708008,41.68452072143555,0.5150990599681748
bbob_f5_fixed,20263026,44.727386474609375,23.81412506103516,0.5324282713132332
bbob_f5_fixed,20263027,76.13944816589355,55.921010971069336,0.7344551650706472
bbob_f5_fixed,20263028,62.17719650268555,32.02508544921875,0.5150615860886479
bbob_f5_fixed,20263029,81.99615335464478,49.53994798660278,0.6041740491451546
bbob_f6_fixed,20263000,0.0,0.0,
bbob_f6_fixed,20263001,0.0,0.0,
bbob_f6_fixed,20263002,0.0,0.0,
bbob_f6_fixed,20263003,0.0,0.0,
bbob_f6_fixed,20263004,0.0,0.0,
bbob_f6_fixed,20263005,0.0,0.0,
bbob_f6_fixed,20263006,0.0,0.0,
bbob_f6_fixed,20263007,0.0,0.0,
bbob_f6_fixed,20263008,0.0,0.0,
bbob_f6_fixed,20263009,0.0,0.0,
bbob_f6_fixed,20263010,0.0,0.0,
bbob_f6_fixed,20263011,0.0,0.0,
bbob_f6_fixed,20263012,0.0,0.0,
bbob_f6_fixed,20263013,0.0,0.0,
bbob_f6_fixed,20263014,0.0,0.0,
bbob_f6_fixed,20263015,0.0,0.0,
bbob_f6_fixed,20263016,0.0,0.0,
bbob_f6_fixed,20263017,0.0,0.0,
bbob_f6_fixed,20263018,0.0,0.0,
bbob_f6_fixed,20263019,0.0,0.0,
bbob_f6_fixed,20263020,0.0,0.0,
bbob_f6_fixed,20263021,0.0,0.0,
bbob_f6_fixed,20263022,0.0,0.0,
bbob_f6_fixed,20263023,0.0,0.0,
bbob_f6_fixed,20263024,0.0,0.0,
bbob_f6_fixed,20263025,0.0,0.0,
bbob_f6_fixed,20263026,0.0,0.0,
bbob_f6_fixed,20263027,0.0,0.0,
bbob_f6_fixed,20263028,0.0,0.0,
bbob_f6_fixed,20263029,0.0,0.0,
bbob_f7_fixed,20263000,0.0,0.0,
bbob_f7_fixed,20263001,0.0,0.0,
bbob_f7_fixed,20263002,0.0,0.0,
bbob_f7_fixed,20263003,0.0,0.0,
bbob_f7_fixed,20263004,0.0,0.0,
bbob_f7_fixed,20263005,0.0,0.0,
bbob_f7_fixed,20263006,0.0,0.0,
bbob_f7_fixed,20263007,0.0,0.0,
bbob_f7_fixed,20263008,0.0,0.0,
bbob_f7_fixed,20263009,0.0,0.0,
bbob_f7_fixed,20263010,0.0,0.0,
bbob_f7_fixed,20263011,0.0,0.0,
bbob_f7_fixed,20263012,0.0,0.0,
bbob_f7_fixed,20263013,0.0,0.0,
bbob_f7_fixed,20263014,0.0,0.0,
bbob_f7_fixed,20263015,0.0,0.0,
bbob_f7_fixed,20263016,0.0,0.0,
bbob_f7_fixed,20263017,0.0,0.0,
bbob_f7_fixed,20263018,0.0,0.0,
bbob_f7_fixed,20263019,0.0,0.0,
bbob_f7_fixed,20263020,0.0,0.0,
bbob_f7_fixed,20263021,0.0,0.0,
bbob_f7_fixed,20263022,0.0,0.0,
bbob_f7_fixed,20263023,0.0,0.0,
bbob_f7_fixed,20263024,0.0,0.0,
bbob_f7_fixed,20263025,0.0,0.0,
bbob_f7_fixed,20263026,0.0,0.0,
bbob_f7_fixed,20263027,0.0,0.0,
bbob_f7_fixed,20263028,0.0,0.0,
bbob_f7_fixed,20263029,0.0,0.0,
bbob_f8_fixed,20263000,0.0,0.0,
bbob_f8_fixed,20263001,0.0,0.0,
bbob_f8_fixed,20263002,0.0,0.0,
bbob_f8_fixed,20263003,0.0,0.0,
bbob_f8_fixed,20263004,0.0,0.0,
bbob_f8_fixed,20263005,0.0,0.0,
bbob_f8_fixed,20263006,0.0,0.0,
bbob_f8_fixed,20263007,0.0,0.0,
bbob_f8_fixed,20263008,0.0,0.0,
bbob_f8_fixed,20263009,0.0,0.0,
bbob_f8_fixed,20263010,0.0,0.0,
bbob_f8_fixed,20263011,0.0,0.0,
bbob_f8_fixed,20263012,0.0,0.0,
bbob_f8_fixed,20263013,0.0,0.0,
bbob_f8_fixed,20263014,0.0,0.0,
bbob_f8_fixed,20263015,0.0,0.0,
bbob_f8_fixed,20263016,0.0,0.0,
bbob_f8_fixed,20263017,0.0,0.0,
bbob_f8_fixed,20263018,0.0,0.0,
bbob_f8_fixed,20263019,0.0,0.0,
bbob_f8_fixed,20263020,0.0,0.0,
bbob_f8_fixed,20263021,0.0,0.0,
bbob_f8_fixed,20263022,0.0,0.0,
bbob_f8_fixed,20263023,0.0,0.0,
bbob_f8_fixed,20263024,0.0,0.0,
bbob_f8_fixed,20263025,0.0,0.0,
bbob_f8_fixed,20263026,0.0,0.0,
bbob_f8_fixed,20263027,0.0,0.0,
bbob_f8_fixed,20263028,0.0,0.0,
bbob_f8_fixed,20263029,0.0,0.0,
bbob_f9_fixed,20263000,1.2533416748046875,1.2533416748046875,1.0
bbob_f9_fixed,20263001,2.6104888916015625,2.6104888916015625,1.0
bbob_f9_fixed,20263002,0.233001708984375,0.233001708984375,1.0
bbob_f9_fixed,20263003,4.446357727050781,4.446357727050781,1.0
bbob_f9_fixed,20263004,1.0956382751464844,1.0956382751464844,1.0
bbob_f9_fixed,20263005,0.0,0.0,
bbob_f9_fixed,20263006,0.0,0.0,
bbob_f9_fixed,20263007,4.825798034667969,4.825798034667969,1.0
bbob_f9_fixed,20263008,7.3906097412109375,7.3906097412109375,1.0
bbob_f9_fixed,20263009,19.44646453857422,17.204906463623047,0.8847318457036346
bbob_f9_fixed,20263010,0.0,0.0,
bbob_f9_fixed,20263011,2.28078842163086,2.28078842163086,1.0
bbob_f9_fixed,20263012,2.218612670898437,2.218612670898437,1.0
bbob_f9_fixed,20263013,11.917121887207031,10.133556365966797,0.8503358832676804
bbob_f9_fixed,20263014,7.542190551757812,4.160724639892578,0.5516599734970716
bbob_f9_fixed,20263015,1.7280006408691406,1.7280006408691406,1.0
bbob_f9_fixed,20263016,2.407089233398437,2.407089233398437,1.0
bbob_f9_fixed,20263017,0.1074905395507812,0.1074905395507812,1.0
bbob_f9_fixed,20263018,14.79177474975586,10.953876495361328,0.7405383519338762
bbob_f9_fixed,20263019,8.893730163574219,5.901641845703125,0.663573296823677
bbob_f9_fixed,20263020,0.4600753784179687,0.4600753784179687,1.0
bbob_f9_fixed,20263021,0.0,0.0,
bbob_f9_fixed,20263022,4.708911895751953,4.708911895751953,1.0
bbob_f9_fixed,20263023,1.1771926879882812,1.1771926879882812,1.0
bbob_f9_fixed,20263024,2.7888221740722656,2.7888221740722656,1.0
bbob_f9_fixed,20263025,6.561370849609375,5.867733001708984,0.8942846146332842
bbob_f9_fixed,20263026,1.7778358459472656,1.7778358459472656,1.0
bbob_f9_fixed,20263027,5.534103393554688,5.534103393554688,1.0
bbob_f9_fixed,20263028,7.108551025390625,7.108551025390625,1.0
bbob_f9_fixed,20263029,12.346267700195312,12.346267700195312,1.0
bbob_f10_fixed,20263000,0.0,0.0,
bbob_f10_fixed,20263001,0.0,0.0,
bbob_f10_fixed,20263002,0.0,0.0,
bbob_f10_fixed,20263003,0.0,0.0,
bbob_f10_fixed,20263004,0.0,0.0,
bbob_f10_fixed,20263005,0.0,0.0,
bbob_f10_fixed,20263006,0.0,0.0,
bbob_f10_fixed,20263007,0.0,0.0,
bbob_f10_fixed,20263008,0.0,0.0,
bbob_f10_fixed,20263009,0.0,0.0,
bbob_f10_fixed,20263010,0.0,0.0,
bbob_f10_fixed,20263011,0.0,0.0,
bbob_f10_fixed,20263012,0.0,0.0,
bbob_f10_fixed,20263013,0.0,0.0,
bbob_f10_fixed,20263014,0.0,0.0,
bbob_f10_fixed,20263015,0.0,0.0,
bbob_f10_fixed,20263016,0.0,0.0,
bbob_f10_fixed,20263017,0.0,0.0,
bbob_f10_fixed,20263018,0.0,0.0,
bbob_f10_fixed,20263019,0.0,0.0,
bbob_f10_fixed,20263020,0.0,0.0,
bbob_f10_fixed,20263021,0.0,0.0,
bbob_f10_fixed,20263022,0.0,0.0,
bbob_f10_fixed,20263023,0.0,0.0,
bbob_f10_fixed,20263024,0.0,0.0,
bbob_f10_fixed,20263025,0.0,0.0,
bbob_f10_fixed,20263026,0.0,0.0,
bbob_f10_fixed,20263027,0.0,0.0,
bbob_f10_fixed,20263028,0.0,0.0,
bbob_f10_fixed,20263029,0.0,0.0,
bbob_f11_fixed,20263000,0.0,0.0,
bbob_f11_fixed,20263001,0.0,0.0,
bbob_f11_fixed,20263002,0.0,0.0,
bbob_f11_fixed,20263003,0.9409046769142152,0.9409046769142152,1.0
bbob_f11_fixed,20263004,0.0,0.0,
bbob_f11_fixed,20263005,0.0,0.0,
bbob_f11_fixed,20263006,0.0,0.0,
bbob_f11_fixed,20263007,0.0,0.0,
bbob_f11_fixed,20263008,0.0,0.0,
bbob_f11_fixed,20263009,0.0,0.0,
bbob_f11_fixed,20263010,0.0,0.0,
bbob_f11_fixed,20263011,0.0,0.0,
bbob_f11_fixed,20263012,0.0,0.0,
bbob_f11_fixed,20263013,0.0,0.0,
bbob_f11_fixed,20263014,0.0,0.0,
bbob_f11_fixed,20263015,0.0,0.0,
bbob_f11_fixed,20263016,0.0,0.0,
bbob_f11_fixed,20263017,0.0,0.0,
bbob_f11_fixed,20263018,0.0,0.0,
bbob_f11_fixed,20263019,0.0,0.0,
bbob_f11_fixed,20263020,0.0,0.0,
bbob_f11_fixed,20263021,0.0,0.0,
bbob_f11_fixed,20263022,0.0,0.0,
bbob_f11_fixed,20263023,0.0,0.0,
bbob_f11_fixed,20263024,0.162134975194931,0.162134975194931,1.0
bbob_f11_fixed,20263025,0.0,0.0,
bbob_f11_fixed,20263026,0.0,0.0,
bbob_f11_fixed,20263027,0.0,0.0,
bbob_f11_fixed,20263028,0.0,0.0,
bbob_f11_fixed,20263029,0.0,0.0,
bbob_f12_fixed,20263000,0.0,0.0,
bbob_f12_fixed,20263001,0.0,0.0,
bbob_f12_fixed,20263002,0.0,0.0,
bbob_f12_fixed,20263003,0.0,0.0,
bbob_f12_fixed,20263004,0.0,0.0,
bbob_f12_fixed,20263005,0.0,0.0,
bbob_f12_fixed,20263006,0.0,0.0,
bbob_f12_fixed,20263007,0.0,0.0,
bbob_f12_fixed,20263008,0.0,0.0,
bbob_f12_fixed,20263009,0.0,0.0,
bbob_f12_fixed,20263010,0.0,0.0,
bbob_f12_fixed,20263011,0.0,0.0,
bbob_f12_fixed,20263012,0.0,0.0,
bbob_f12_fixed,20263013,0.0,0.0,
bbob_f12_fixed,20263014,0.0,0.0,
bbob_f12_fixed,20263015,0.0,0.0,
bbob_f12_fixed,20263016,0.0,0.0,
bbob_f12_fixed,20263017,0.0,0.0,
bbob_f12_fixed,20263018,0.0,0.0,
bbob_f12_fixed,20263019,0.0,0.0,
bbob_f12_fixed,20263020,0.0,0.0,
bbob_f12_fixed,20263021,0.0,0.0,
bbob_f12_fixed,20263022,0.0,0.0,
bbob_f12_fixed,20263023,0.0,0.0,
bbob_f12_fixed,20263024,0.0,0.0,
bbob_f12_fixed,20263025,0.0,0.0,
bbob_f12_fixed,20263026,0.0,0.0,
bbob_f12_fixed,20263027,0.0,0.0,
bbob_f12_fixed,20263028,0.0,0.0,
bbob_f12_fixed,20263029,0.0,0.0,
bbob_f13_fixed,20263000,0.0,0.0,
bbob_f13_fixed,20263001,0.0,0.0,
bbob_f13_fixed,20263002,0.0,0.0,
bbob_f13_fixed,20263003,0.0,0.0,
bbob_f13_fixed,20263004,0.0,0.0,
bbob_f13_fixed,20263005,0.0,0.0,
bbob_f13_fixed,20263006,0.0,0.0,
bbob_f13_fixed,20263007,0.0,0.0,
bbob_f13_fixed,20263008,0.0,0.0,
bbob_f13_fixed,20263009,0.0,0.0,
bbob_f13_fixed,20263010,0.0,0.0,
bbob_f13_fixed,20263011,0.0,0.0,
bbob_f13_fixed,20263012,0.0,0.0,
bbob_f13_fixed,20263013,0.0,0.0,
bbob_f13_fixed,20263014,0.0,0.0,
bbob_f13_fixed,20263015,0.0,0.0,
bbob_f13_fixed,20263016,0.0,0.0,
bbob_f13_fixed,20263017,0.0,0.0,
bbob_f13_fixed,20263018,0.0,0.0,
bbob_f13_fixed,20263019,0.0,0.0,
bbob_f13_fixed,20263020,0.0,0.0,
bbob_f13_fixed,20263021,0.0,0.0,
bbob_f13_fixed,20263022,0.0,0.0,
bbob_f13_fixed,20263023,0.0,0.0,
bbob_f13_fixed,20263024,0.0,0.0,
bbob_f13_fixed,20263025,0.0,0.0,
bbob_f13_fixed,20263026,0.0,0.0,
bbob_f13_fixed,20263027,0.0,0.0,
bbob_f13_fixed,20263028,0.0,0.0,
bbob_f13_fixed,20263029,0.0,0.0,
bbob_f14_fixed,20263000,0.0,0.0,
bbob_f14_fixed,20263001,0.0,0.0,
bbob_f14_fixed,20263002,0.0,0.0,
bbob_f14_fixed,20263003,0.0,0.0,
bbob_f14_fixed,20263004,0.0,0.0,
bbob_f14_fixed,20263005,0.0,0.0,
bbob_f14_fixed,20263006,0.0,0.0,
bbob_f14_fixed,20263007,0.0,0.0,
bbob_f14_fixed,20263008,0.0,0.0,
bbob_f14_fixed,20263009,0.0,0.0,
bbob_f14_fixed,20263010,0.0,0.0,
bbob_f14_fixed,20263011,0.0,0.0,
bbob_f14_fixed,20263012,0.0,0.0,
bbob_f14_fixed,20263013,0.0,0.0,
bbob_f14_fixed,20263014,0.0,0.0,
bbob_f14_fixed,20263015,0.0,0.0,
bbob_f14_fixed,20263016,0.0,0.0,
bbob_f14_fixed,20263017,0.0,0.0,
bbob_f14_fixed,20263018,0.0,0.0,
bbob_f14_fixed,20263019,0.0,0.0,
bbob_f14_fixed,20263020,0.0,0.0,
bbob_f14_fixed,20263021,0.0,0.0,
bbob_f14_fixed,20263022,0.0,0.0,
bbob_f14_fixed,20263023,0.0,0.0,
bbob_f14_fixed,20263024,0.0,0.0,
bbob_f14_fixed,20263025,0.0,0.0,
bbob_f14_fixed,20263026,0.0,0.0,
bbob_f14_fixed,20263027,0.0,0.0,
bbob_f14_fixed,20263028,0.0,0.0,
bbob_f14_fixed,20263029,0.0,0.0,
bbob_f15_fixed,20263000,0.0,0.0,
bbob_f15_fixed,20263001,0.0,0.0,
bbob_f15_fixed,20263002,0.0,0.0,
bbob_f15_fixed,20263003,0.0,0.0,
bbob_f15_fixed,20263004,0.0,0.0,
bbob_f15_fixed,20263005,0.0,0.0,
bbob_f15_fixed,20263006,0.0,0.0,
bbob_f15_fixed,20263007,0.0,0.0,
bbob_f15_fixed,20263008,0.0,0.0,
bbob_f15_fixed,20263009,0.0,0.0,
bbob_f15_fixed,20263010,0.0,0.0,
bbob_f15_fixed,20263011,0.0,0.0,
bbob_f15_fixed,20263012,0.0,0.0,
bbob_f15_fixed,20263013,0.0,0.0,
bbob_f15_fixed,20263014,0.0,0.0,
bbob_f15_fixed,20263015,0.0,0.0,
bbob_f15_fixed,20263016,0.0,0.0,
bbob_f15_fixed,20263017,0.0,0.0,
bbob_f15_fixed,20263018,0.0,0.0,
bbob_f15_fixed,20263019,0.0,0.0,
bbob_f15_fixed,20263020,0.0,0.0,
bbob_f15_fixed,20263021,0.0,0.0,
bbob_f15_fixed,20263022,0.0,0.0,
bbob_f15_fixed,20263023,0.0,0.0,
bbob_f15_fixed,20263024,0.0,0.0,
bbob_f15_fixed,20263025,0.0,0.0,
bbob_f15_fixed,20263026,0.0,0.0,
bbob_f15_fixed,20263027,0.0,0.0,
bbob_f15_fixed,20263028,0.0,0.0,
bbob_f15_fixed,20263029,0.0,0.0,
bbob_f16_fixed,20263000,6.166521072387695,6.166521072387695,1.0
bbob_f16_fixed,20263001,1.3000373840332031,1.3000373840332031,1.0
bbob_f16_fixed,20263002,0.0,0.0,
bbob_f16_fixed,20263003,0.0,0.0,
bbob_f16_fixed,20263004,1.586870193481445,1.586870193481445,1.0
bbob_f16_fixed,20263005,0.0,0.0,
bbob_f16_fixed,20263006,2.0270442962646484,2.0270442962646484,1.0
bbob_f16_fixed,20263007,0.0,0.0,
bbob_f16_fixed,20263008,2.162460327148437,2.162460327148437,1.0
bbob_f16_fixed,20263009,5.6457061767578125,5.6457061767578125,1.0
bbob_f16_fixed,20263010,0.0,0.0,
bbob_f16_fixed,20263011,8.027864456176758,8.027864456176758,1.0
bbob_f16_fixed,20263012,0.0,0.0,
bbob_f16_fixed,20263013,9.565473556518556,9.565473556518556,1.0
bbob_f16_fixed,20263014,0.0,0.0,
bbob_f16_fixed,20263015,0.0,0.0,
bbob_f16_fixed,20263016,14.863569259643556,14.343267440795898,0.9649948266288675
bbob_f16_fixed,20263017,0.0,0.0,
bbob_f16_fixed,20263018,0.0,0.0,
bbob_f16_fixed,20263019,8.801362991333008,8.801362991333008,1.0
bbob_f16_fixed,20263020,0.0,0.0,
bbob_f16_fixed,20263021,0.0,0.0,
bbob_f16_fixed,20263022,0.0,0.0,
bbob_f16_fixed,20263023,0.0,0.0,
bbob_f16_fixed,20263024,0.0,0.0,
bbob_f16_fixed,20263025,0.0,0.0,
bbob_f16_fixed,20263026,0.0,0.0,
bbob_f16_fixed,20263027,5.658444404602051,5.658444404602051,1.0
bbob_f16_fixed,20263028,0.0,0.0,
bbob_f16_fixed,20263029,0.0,0.0,
bbob_f17_fixed,20263000,0.0,0.0,
bbob_f17_fixed,20263001,0.0,0.0,
bbob_f17_fixed,20263002,0.0,0.0,
bbob_f17_fixed,20263003,0.0,0.0,
bbob_f17_fixed,20263004,0.0,0.0,
bbob_f17_fixed,20263005,0.0,0.0,
bbob_f17_fixed,20263006,0.0,0.0,
bbob_f17_fixed,20263007,0.0,0.0,
bbob_f17_fixed,20263008,0.0,0.0,
bbob_f17_fixed,20263009,0.0,0.0,
bbob_f17_fixed,20263010,0.0,0.0,
bbob_f17_fixed,20263011,0.0,0.0,
bbob_f17_fixed,20263012,0.0,0.0,
bbob_f17_fixed,20263013,0.0,0.0,
bbob_f17_fixed,20263014,0.0,0.0,
bbob_f17_fixed,20263015,0.0,0.0,
bbob_f17_fixed,20263016,0.0,0.0,
bbob_f17_fixed,20263017,0.0,0.0,
bbob_f17_fixed,20263018,0.0,0.0,
bbob_f17_fixed,20263019,0.0,0.0,
bbob_f17_fixed,20263020,0.0,0.0,
bbob_f17_fixed,20263021,0.0,0.0,
bbob_f17_fixed,20263022,0.0,0.0,
bbob_f17_fixed,20263023,0.0,0.0,
bbob_f17_fixed,20263024,0.0,0.0,
bbob_f17_fixed,20263025,0.0,0.0,
bbob_f17_fixed,20263026,0.0,0.0,
bbob_f17_fixed,20263027,0.0,0.0,
bbob_f17_fixed,20263028,0.0,0.0,
bbob_f17_fixed,20263029,0.0,0.0,
bbob_f18_fixed,20263000,0.0,0.0,
bbob_f18_fixed,20263001,0.0,0.0,
bbob_f18_fixed,20263002,0.0,0.0,
bbob_f18_fixed,20263003,0.0,0.0,
bbob_f18_fixed,20263004,0.0,0.0,
bbob_f18_fixed,20263005,0.0,0.0,
bbob_f18_fixed,20263006,0.0,0.0,
bbob_f18_fixed,20263007,0.0,0.0,
bbob_f18_fixed,20263008,0.0,0.0,
bbob_f18_fixed,20263009,0.0,0.0,
bbob_f18_fixed,20263010,0.0,0.0,
bbob_f18_fixed,20263011,0.0,0.0,
bbob_f18_fixed,20263012,0.0,0.0,
bbob_f18_fixed,20263013,0.0,0.0,
bbob_f18_fixed,20263014,0.0,0.0,
bbob_f18_fixed,20263015,0.0,0.0,
bbob_f18_fixed,20263016,0.0,0.0,
bbob_f18_fixed,20263017,0.0,0.0,
bbob_f18_fixed,20263018,0.0,0.0,
bbob_f18_fixed,20263019,0.0,0.0,
bbob_f18_fixed,20263020,0.0,0.0,
bbob_f18_fixed,20263021,0.0,0.0,
bbob_f18_fixed,20263022,0.0,0.0,
bbob_f18_fixed,20263023,0.0,0.0,
bbob_f18_fixed,20263024,0.0,0.0,
bbob_f18_fixed,20263025,0.0,0.0,
bbob_f18_fixed,20263026,0.0,0.0,
bbob_f18_fixed,20263027,0.0,0.0,
bbob_f18_fixed,20263028,0.0,0.0,
bbob_f18_fixed,20263029,0.0,0.0,
bbob_f19_fixed,20263000,0.0,0.0,
bbob_f19_fixed,20263001,0.0,0.0,
bbob_f19_fixed,20263002,0.0,0.0,
bbob_f19_fixed,20263003,0.0,0.0,
bbob_f19_fixed,20263004,0.0,0.0,
bbob_f19_fixed,20263005,0.0,0.0,
bbob_f19_fixed,20263006,0.0,0.0,
bbob_f19_fixed,20263007,0.0,0.0,
bbob_f19_fixed,20263008,0.0,0.0,
bbob_f19_fixed,20263009,0.0,0.0,
bbob_f19_fixed,20263010,0.0,0.0,
bbob_f19_fixed,20263011,0.0,0.0,
bbob_f19_fixed,20263012,0.0,0.0,
bbob_f19_fixed,20263013,0.0,0.0,
bbob_f19_fixed,20263014,0.0,0.0,
bbob_f19_fixed,20263015,0.0,0.0,
bbob_f19_fixed,20263016,0.0,0.0,
bbob_f19_fixed,20263017,0.0,0.0,
bbob_f19_fixed,20263018,0.0,0.0,
bbob_f19_fixed,20263019,0.0,0.0,
bbob_f19_fixed,20263020,0.0,0.0,
bbob_f19_fixed,20263021,0.0,0.0,
bbob_f19_fixed,20263022,0.0,0.0,
bbob_f19_fixed,20263023,0.0,0.0,
bbob_f19_fixed,20263024,0.0,0.0,
bbob_f19_fixed,20263025,0.0,0.0,
bbob_f19_fixed,20263026,0.0,0.0,
bbob_f19_fixed,20263027,0.0,0.0,
bbob_f19_fixed,20263028,0.0,0.0,
bbob_f19_fixed,20263029,0.0,0.0,
bbob_f21_fixed,20263000,35.439247131347656,31.92281150817871,0.9007756680006191
bbob_f21_fixed,20263001,8.384271621704102,6.051513671875,0.7217697547166334
bbob_f21_fixed,20263002,7.528896331787109,6.784374237060547,0.9011113897819021
bbob_f21_fixed,20263003,17.046142578125,13.91933822631836,0.8165682155082282
bbob_f21_fixed,20263004,32.89969062805176,25.56294822692871,0.7769966142214295
bbob_f21_fixed,20263005,21.76041412353516,12.11977767944336,0.5569644773596065
bbob_f21_fixed,20263006,9.737503051757812,6.454959869384766,0.6628968263295709
bbob_f21_fixed,20263007,13.838478088378906,8.384164810180664,0.6058588781682147
bbob_f21_fixed,20263008,2.20782470703125,1.8160552978515625,0.8225541149476129
bbob_f21_fixed,20263009,10.1024169921875,4.78656005859375,0.47380345340083857
bbob_f21_fixed,20263010,19.125396728515625,13.077239990234377,0.6837630704275245
bbob_f21_fixed,20263011,28.19344139099121,21.67999839782715,0.768973113184922
bbob_f21_fixed,20263012,6.338855743408203,5.43287467956543,0.8570749831647603
bbob_f21_fixed,20263013,11.355392456054688,5.886726379394531,0.5184080076647402
bbob_f21_fixed,20263014,6.208915710449219,4.992862701416016,0.8041440622254443
bbob_f21_fixed,20263015,17.67330265045166,12.52914047241211,0.7089303408772845
bbob_f21_fixed,20263016,27.96420955657959,25.44998073577881,0.9100911893928638
bbob_f21_fixed,20263017,10.593971252441406,6.0040283203125,0.5667400993682004
bbob_f21_fixed,20263018,13.874698638916016,4.592964172363281,0.33103163476868963
bbob_f21_fixed,20263019,35.241716384887695,22.817773818969727,0.6474648842232444
bbob_f21_fixed,20263020,6.1317901611328125,2.969223022460937,0.48423428467623725
bbob_f21_fixed,20263021,4.530769348144531,3.4743003845214844,0.766823494544983
bbob_f21_fixed,20263022,10.138477325439451,9.046424865722656,0.8922863439289233
bbob_f21_fixed,20263023,36.232025146484375,29.83309936523437,0.8233903361631196
bbob_f21_fixed,20263024,51.91975116729736,40.47339725494385,0.7795375814596889
bbob_f21_fixed,20263025,13.76436996459961,12.57217788696289,0.913385641282318
bbob_f21_fixed,20263026,15.586299896240234,12.339550018310549,0.7916920693465628
bbob_f21_fixed,20263027,18.112403869628903,9.982250213623049,0.5511278505864926
bbob_f21_fixed,20263028,8.366085052490234,5.136478424072266,0.6139644041203418
bbob_f21_fixed,20263029,14.213027954101562,10.079963684082031,0.7092059282957491
bbob_f22_fixed,20263000,9.186073303222656,6.964183807373047,0.758124127414689
bbob_f22_fixed,20263001,34.068044662475586,20.73523712158203,0.608641832163058
bbob_f22_fixed,20263002,19.050804138183597,10.40308952331543,0.5460708874994142
bbob_f22_fixed,20263003,24.124446868896484,18.59193420410156,0.7706677921006362
bbob_f22_fixed,20263004,39.6213493347168,32.3605842590332,0.8167461432384483
bbob_f22_fixed,20263005,32.475032806396484,25.656822204589844,0.7900476146566453
bbob_f22_fixed,20263006,31.025390625,12.678436279296877,0.4086471120553982
bbob_f22_fixed,20263007,32.941627502441406,17.781917572021484,0.5398008210342252
bbob_f22_fixed,20263008,8.908599853515625,5.9022216796875,0.6625307878609331
bbob_f22_fixed,20263009,24.86791610717773,20.267955780029297,0.8150242944634702
bbob_f22_fixed,20263010,26.57972717285156,14.94379425048828,0.5622252686533148
bbob_f22_fixed,20263011,14.585426330566406,6.700336456298828,0.4593857117674413
bbob_f22_fixed,20263012,6.298408508300781,1.5114974975585938,0.23998086112810324
bbob_f22_fixed,20263013,21.434837341308597,11.040359497070312,0.5150661664128261
bbob_f22_fixed,20263014,43.94026374816895,39.2320499420166,0.8928496689702153
bbob_f22_fixed,20263015,36.69682693481445,28.34564208984375,0.772427603623465
bbob_f22_fixed,20263016,6.82958984375,4.6761474609375,0.6846893544005148
bbob_f22_fixed,20263017,33.96451377868652,25.2325439453125,0.7429090288095476
bbob_f22_fixed,20263018,30.918628692626957,21.018245697021484,0.6797922995217968
bbob_f22_fixed,20263019,4.131782531738281,2.471588134765625,0.5981893083142988
bbob_f22_fixed,20263020,21.250652313232425,13.566673278808594,0.6384120863132683
bbob_f22_fixed,20263021,11.107620239257812,7.549251556396484,0.6796461702674226
bbob_f22_fixed,20263022,25.26583480834961,16.54357147216797,0.6547803228215839
bbob_f22_fixed,20263023,54.38016891479492,51.82802772521973,0.953068531405741
bbob_f22_fixed,20263024,23.37481689453125,11.189319610595703,0.47869121974656176
bbob_f22_fixed,20263025,52.91934680938721,45.06658458709717,0.8516088595995849
bbob_f22_fixed,20263026,13.902423858642578,11.915523529052734,0.8570824519672037
bbob_f22_fixed,20263027,23.369197845458984,14.758087158203123,0.6315187733784735
bbob_f22_fixed,20263028,25.200092315673828,15.882667541503906,0.6302622761276665
bbob_f22_fixed,20263029,37.57716751098633,29.359169006347656,0.78130340712253
bbob_f23_fixed,20263000,0.0,0.0,
bbob_f23_fixed,20263001,0.0,0.0,
bbob_f23_fixed,20263002,0.0,0.0,
bbob_f23_fixed,20263003,0.0,0.0,
bbob_f23_fixed,20263004,0.0,0.0,
bbob_f23_fixed,20263005,0.0,0.0,
bbob_f23_fixed,20263006,0.0,0.0,
bbob_f23_fixed,20263007,0.0,0.0,
bbob_f23_fixed,20263008,0.0,0.0,
bbob_f23_fixed,20263009,0.0,0.0,
bbob_f23_fixed,20263010,0.0,0.0,
bbob_f23_fixed,20263011,0.0,0.0,
bbob_f23_fixed,20263012,0.0,0.0,
bbob_f23_fixed,20263013,0.0,0.0,
bbob_f23_fixed,20263014,0.0,0.0,
bbob_f23_fixed,20263015,0.0,0.0,
bbob_f23_fixed,20263016,0.0,0.0,
bbob_f23_fixed,20263017,0.0,0.0,
bbob_f23_fixed,20263018,0.0,0.0,
bbob_f23_fixed,20263019,0.0,0.0,
bbob_f23_fixed,20263020,0.0,0.0,
bbob_f23_fixed,20263021,0.0,0.0,
bbob_f23_fixed,20263022,0.0,0.0,
bbob_f23_fixed,20263023,0.0,0.0,
bbob_f23_fixed,20263024,0.0,0.0,
bbob_f23_fixed,20263025,0.0,0.0,
bbob_f23_fixed,20263026,0.0,0.0,
bbob_f23_fixed,20263027,0.0,0.0,
bbob_f23_fixed,20263028,0.0,0.0,
bbob_f23_fixed,20263029,0.0,0.0,
bbob_f24_fixed,20263000,74.99728393554688,70.35509490966797,0.9381019047320642
bbob_f24_fixed,20263001,48.66065979003906,48.66065979003906,1.0
bbob_f24_fixed,20263002,37.184112548828125,37.184112548828125,1.0
bbob_f24_fixed,20263003,78.7459487915039,65.92910766601562,0.8372380887882436
bbob_f24_fixed,20263004,38.12495422363281,37.11369323730469,0.9734750898218452
bbob_f24_fixed,20263005,32.56543731689453,32.21942901611328,0.9893749837469019
bbob_f24_fixed,20263006,47.80121612548828,47.80121612548828,1.0
bbob_f24_fixed,20263007,33.16004180908203,26.02338409423828,0.7847814017867394
bbob_f24_fixed,20263008,10.352783203125,10.352783203125,1.0
bbob_f24_fixed,20263009,29.996658325195312,29.996658325195312,1.0
bbob_f24_fixed,20263010,76.77262878417969,61.10851287841797,0.7959674410811686
bbob_f24_fixed,20263011,57.775909423828125,34.47252655029297,0.5966591767065409
bbob_f24_fixed,20263012,56.68675231933594,55.871826171875,0.9856240459345743
bbob_f24_fixed,20263013,70.17926025390625,53.67998504638672,0.7648981316157267
bbob_f24_fixed,20263014,32.10736846923828,29.22960662841797,0.9103706725894567
bbob_f24_fixed,20263015,62.1630859375,45.26258087158203,0.7281263500510565
bbob_f24_fixed,20263016,49.31097412109375,45.11766815185547,0.9149620131425368
bbob_f24_fixed,20263017,37.83201599121094,27.93231964111328,0.7383249057518496
bbob_f24_fixed,20263018,43.34249877929688,42.63316345214844,0.9836341847580032
bbob_f24_fixed,20263019,63.805213928222656,63.805213928222656,1.0
bbob_f24_fixed,20263020,48.54171752929688,46.394622802734375,0.9557680519798945
bbob_f24_fixed,20263021,56.66468811035156,44.90470123291016,0.7924635735303187
bbob_f24_fixed,20263022,43.50917053222656,41.665435791015625,0.9576242268317823
bbob_f24_fixed,20263023,100.95856094360352,65.8374252319336,0.6521232535070607
bbob_f24_fixed,20263024,59.244049072265625,59.244049072265625,1.0
bbob_f24_fixed,20263025,45.085205078125,45.085205078125,1.0
bbob_f24_fixed,20263026,79.45698165893555,51.14149856567383,0.643637569637313
bbob_f24_fixed,20263027,41.50153350830078,41.37415313720703,0.996930706884162
bbob_f24_fixed,20263028,0.0,0.0,
bbob_f24_fixed,20263029,54.26576232910156,50.96712493896485,0.9392132857153704
cec_f1_zero,20263000,0.0,0.0,
cec_f1_zero,20263001,0.0,0.0,
cec_f1_zero,20263002,0.0,0.0,
cec_f1_zero,20263003,0.0,0.0,
cec_f1_zero,20263004,0.0,0.0,
cec_f1_zero,20263005,0.0,0.0,
cec_f1_zero,20263006,0.0,0.0,
cec_f1_zero,20263007,0.0,0.0,
cec_f1_zero,20263008,0.0,0.0,
cec_f1_zero,20263009,0.0,0.0,
cec_f1_zero,20263010,0.0,0.0,
cec_f1_zero,20263011,0.0,0.0,
cec_f1_zero,20263012,0.0,0.0,
cec_f1_zero,20263013,0.0,0.0,
cec_f1_zero,20263014,0.0,0.0,
cec_f1_zero,20263015,0.0,0.0,
cec_f1_zero,20263016,0.0,0.0,
cec_f1_zero,20263017,0.0,0.0,
cec_f1_zero,20263018,0.0,0.0,
cec_f1_zero,20263019,0.0,0.0,
cec_f1_zero,20263020,0.0,0.0,
cec_f1_zero,20263021,0.0,0.0,
cec_f1_zero,20263022,0.0,0.0,
cec_f1_zero,20263023,0.0,0.0,
cec_f1_zero,20263024,0.0,0.0,
cec_f1_zero,20263025,0.0,0.0,
cec_f1_zero,20263026,0.0,0.0,
cec_f1_zero,20263027,0.0,0.0,
cec_f1_zero,20263028,0.0,0.0,
cec_f1_zero,20263029,0.0,0.0,
cec_f1_shifted,20263000,2291.946228027344,928.8382568359376,0.405261801292511
cec_f1_shifted,20263001,1564.1031494140625,337.611572265625,0.21584994083804485
cec_f1_shifted,20263002,1260.5361328125,354.8450012207031,0.28150323658630494
cec_f1_shifted,20263003,1235.4942932128906,292.111572265625,0.23643295956146568
cec_f1_shifted,20263004,1634.771240234375,427.66448974609375,0.26160509753326716
cec_f1_shifted,20263005,1018.1424560546876,274.3863525390625,0.2694970147913411
cec_f1_shifted,20263006,1600.525146484375,641.834716796875,0.4010150782114818
cec_f1_shifted,20263007,1957.350830078125,327.4044189453125,0.16726915477499993
cec_f1_shifted,20263008,1548.2396240234375,294.9842529296875,0.19052880985122106
cec_f1_shifted,20263009,996.64697265625,171.4813232421875,0.17205823922301977
cec_f1_shifted,20263010,1367.3851318359375,337.7540283203125,0.24700724064976678
cec_f1_shifted,20263011,640.0561218261719,149.5599365234375,0.2336669104839144
cec_f1_shifted,20263012,1460.6182250976562,406.2259521484375,0.2781191862242287
cec_f1_shifted,20263013,1126.5497436523438,190.280517578125,0.16890556200494425
cec_f1_shifted,20263014,929.3216857910156,221.64434814453125,0.2385012117261345
cec_f1_shifted,20263015,1660.2275390625,696.7095947265625,0.4196470533912367
cec_f1_shifted,20263016,1316.64794921875,297.2666015625,0.2257753120254256
cec_f1_shifted,20263017,1410.604736328125,339.388427734375,0.24059782233385954
cec_f1_shifted,20263018,1539.4038696289062,321.51922607421875,0.20885956727634133
cec_f1_shifted,20263019,1099.7488861083984,552.556396484375,0.5024386962006083
cec_f1_shifted,20263020,1320.1965942382812,277.2633056640625,0.2100166799960851
cec_f1_shifted,20263021,1528.0892333984375,391.609619140625,0.2562740516597278
cec_f1_shifted,20263022,1259.0205078125,335.0616455078125,0.26612882270676375
cec_f1_shifted,20263023,2114.60009765625,902.830078125,0.42695074076921957
cec_f1_shifted,20263024,756.5448303222656,280.55224609375,0.3708336041028039
cec_f1_shifted,20263025,1715.2852783203125,385.447021484375,0.22471307038898086
cec_f1_shifted,20263026,1348.135986328125,341.02001953125,0.2529566920471245
cec_f1_shifted,20263027,1367.97119140625,242.59130859375,0.1773365624347472
cec_f1_shifted,20263028,1111.6807556152344,298.51531982421875,0.2685261198562462
cec_f1_shifted,20263029,2262.12841796875,878.5274658203125,0.388363215298438
cec_f2_zero,20263000,0.0,0.0,
cec_f2_zero,20263001,0.0,0.0,
cec_f2_zero,20263002,0.0,0.0,
cec_f2_zero,20263003,0.0,0.0,
cec_f2_zero,20263004,0.0,0.0,
cec_f2_zero,20263005,0.0,0.0,
cec_f2_zero,20263006,0.0,0.0,
cec_f2_zero,20263007,0.0,0.0,
cec_f2_zero,20263008,0.0,0.0,
cec_f2_zero,20263009,0.0,0.0,
cec_f2_zero,20263010,0.0,0.0,
cec_f2_zero,20263011,0.0,0.0,
cec_f2_zero,20263012,0.0,0.0,
cec_f2_zero,20263013,0.0,0.0,
cec_f2_zero,20263014,0.0,0.0,
cec_f2_zero,20263015,0.0,0.0,
cec_f2_zero,20263016,0.0,0.0,
cec_f2_zero,20263017,0.0,0.0,
cec_f2_zero,20263018,0.0,0.0,
cec_f2_zero,20263019,0.0,0.0,
cec_f2_zero,20263020,0.0,0.0,
cec_f2_zero,20263021,0.0,0.0,
cec_f2_zero,20263022,0.0,0.0,
cec_f2_zero,20263023,0.0,0.0,
cec_f2_zero,20263024,0.0,0.0,
cec_f2_zero,20263025,0.0,0.0,
cec_f2_zero,20263026,0.0,0.0,
cec_f2_zero,20263027,0.0,0.0,
cec_f2_zero,20263028,0.0,0.0,
cec_f2_zero,20263029,0.0,0.0,
cec_f2_shifted,20263000,0.9350528717041016,0.9350528717041016,1.0
cec_f2_shifted,20263001,5.296165466308594,5.296165466308594,1.0
cec_f2_shifted,20263002,5.268703460693359,2.758974075317383,0.5236533230424593
cec_f2_shifted,20263003,5.235849380493164,4.9854888916015625,0.9521834050795365
cec_f2_shifted,20263004,5.658618927001953,2.684150695800781,0.474347315206627
cec_f2_shifted,20263005,13.216018676757812,9.793642044067385,0.7410432962909512
cec_f2_shifted,20263006,14.842870712280272,10.406423568725586,0.7011058554943698
cec_f2_shifted,20263007,4.250389099121094,2.5621204376220703,0.6027966799914558
cec_f2_shifted,20263008,16.768394470214844,5.290790557861328,0.3155215943457907
cec_f2_shifted,20263009,1.2519874572753906,1.1415138244628906,0.9117613901237351
cec_f2_shifted,20263010,5.211454391479492,3.1771278381347656,0.6096432203895396
cec_f2_shifted,20263011,13.480735778808594,4.164754867553711,0.30894121329049484
cec_f2_shifted,20263012,2.940414428710937,2.118080139160156,0.7203338816728333
cec_f2_shifted,20263013,3.124898910522461,1.6024188995361328,0.5127906359275538
cec_f2_shifted,20263014,9.206809997558594,3.5854949951171875,0.38943944711229705
cec_f2_shifted,20263015,5.398105621337891,3.1364707946777344,0.5810317571926978
cec_f2_shifted,20263016,5.044925689697266,1.9480094909667969,0.38613244491291854
cec_f2_shifted,20263017,11.23475456237793,4.526031494140625,0.402859846115112
cec_f2_shifted,20263018,11.432044982910156,6.694252014160156,0.5855690757137013
cec_f2_shifted,20263019,10.11174201965332,5.906248092651367,0.5840979804638906
cec_f2_shifted,20263020,6.338226318359375,5.252115249633789,0.8286411664443813
cec_f2_shifted,20263021,4.479663848876953,4.180793762207031,0.9332829210511302
cec_f2_shifted,20263022,9.596128463745115,2.948190689086914,0.30722709686780425
cec_f2_shifted,20263023,5.046962738037109,2.5113887786865234,0.4976039866034885
cec_f2_shifted,20263024,9.073673248291016,5.791330337524414,0.6382564347482079
cec_f2_shifted,20263025,6.582708358764648,2.792398452758789,0.4242020610013517
cec_f2_shifted,20263026,4.688995361328125,2.2497005462646484,0.4797830607423413
cec_f2_shifted,20263027,10.969156265258787,3.639488220214844,0.331792904778076
cec_f2_shifted,20263028,8.777137756347656,3.30765151977539,0.3768485366864939
cec_f2_shifted,20263029,4.77943229675293,3.5744686126708984,0.747885604551682
cec_f3_zero,20263000,0.0,0.0,
cec_f3_zero,20263001,0.0,0.0,
cec_f3_zero,20263002,0.0,0.0,
cec_f3_zero,20263003,0.0,0.0,
cec_f3_zero,20263004,0.0,0.0,
cec_f3_zero,20263005,0.0,0.0,
cec_f3_zero,20263006,0.0,0.0,
cec_f3_zero,20263007,0.0,0.0,
cec_f3_zero,20263008,0.0,0.0,
cec_f3_zero,20263009,0.0,0.0,
cec_f3_zero,20263010,0.0,0.0,
cec_f3_zero,20263011,0.0,0.0,
cec_f3_zero,20263012,0.0,0.0,
cec_f3_zero,20263013,0.0,0.0,
cec_f3_zero,20263014,0.0,0.0,
cec_f3_zero,20263015,0.0,0.0,
cec_f3_zero,20263016,0.0,0.0,
cec_f3_zero,20263017,0.0,0.0,
cec_f3_zero,20263018,0.0,0.0,
cec_f3_zero,20263019,0.0,0.0,
cec_f3_zero,20263020,0.0,0.0,
cec_f3_zero,20263021,0.0,0.0,
cec_f3_zero,20263022,0.0,0.0,
cec_f3_zero,20263023,0.0,0.0,
cec_f3_zero,20263024,0.0,0.0,
cec_f3_zero,20263025,0.0,0.0,
cec_f3_zero,20263026,0.0,0.0,
cec_f3_zero,20263027,0.0,0.0,
cec_f3_zero,20263028,0.0,0.0,
cec_f3_zero,20263029,0.0,0.0,
cec_f3_shifted,20263000,164538636.0,120587944.0,0.7328852780814349
cec_f3_shifted,20263001,224141940.0,59752544.0,0.2665835050771846
cec_f3_shifted,20263002,206400688.0,118957104.0,0.5763406370040782
cec_f3_shifted,20263003,69897654.0,45261202.0,0.6475353521879289
cec_f3_shifted,20263004,33149616.0,17452416.0,0.5264741528227658
cec_f3_shifted,20263005,105237928.0,71316808.0,0.6776721031603739
cec_f3_shifted,20263006,22995492.0,10775860.0,0.4686074992437648
cec_f3_shifted,20263007,47361388.0,20473636.0,0.4322853882576245
cec_f3_shifted,20263008,18278657.0,13905503.0,0.7607508035190989
cec_f3_shifted,20263009,56802960.0,25976200.0,0.4573036334726219
cec_f3_shifted,20263010,57081575.0,24590289.0,0.43079205505454254
cec_f3_shifted,20263011,127445956.0,99458628.0,0.7803984616035993
cec_f3_shifted,20263012,62751422.0,31572324.0,0.503133203897754
cec_f3_shifted,20263013,128509856.0,42147096.0,0.32796780972192513
cec_f3_shifted,20263014,222148628.0,147590168.0,0.6643757799845607
cec_f3_shifted,20263015,52232832.0,23595656.0,0.4517399324624022
cec_f3_shifted,20263016,80262424.0,43709066.0,0.5445769492334296
cec_f3_shifted,20263017,104589392.0,64851308.0,0.6200562672742184
cec_f3_shifted,20263018,8673196.0,5266604.0,0.6072276009904538
cec_f3_shifted,20263019,60410588.0,28717624.0,0.47537401887232084
cec_f3_shifted,20263020,10024172.0,6910624.0,0.689395992008118
cec_f3_shifted,20263021,44676179.5,37186141.5,0.8323482875253467
cec_f3_shifted,20263022,118897440.0,32500880.0,0.2733522269276782
cec_f3_shifted,20263023,2496032.0,2496032.0,1.0
cec_f3_shifted,20263024,16279494.0,12212635.0,0.7501851716029995
cec_f3_shifted,20263025,57645752.0,23764064.0,0.41224310856418356
cec_f3_shifted,20263026,42616444.0,17675524.0,0.414758303156406
cec_f3_shifted,20263027,78490146.0,47779824.0,0.6087365922341386
cec_f3_shifted,20263028,47157104.5,37803112.75,0.8016419402934292
cec_f3_shifted,20263029,139578600.0,90579264.0,0.6489480765676113
cec_f4_zero,20263000,0.0,0.0,
cec_f4_zero,20263001,0.0,0.0,
cec_f4_zero,20263002,0.0,0.0,
cec_f4_zero,20263003,0.0,0.0,
cec_f4_zero,20263004,0.0,0.0,
cec_f4_zero,20263005,0.0,0.0,
cec_f4_zero,20263006,0.0,0.0,
cec_f4_zero,20263007,0.0,0.0,
cec_f4_zero,20263008,0.0,0.0,
cec_f4_zero,20263009,0.0,0.0,
cec_f4_zero,20263010,0.0,0.0,
cec_f4_zero,20263011,0.0,0.0,
cec_f4_zero,20263012,0.0,0.0,
cec_f4_zero,20263013,0.0,0.0,
cec_f4_zero,20263014,0.0,0.0,
cec_f4_zero,20263015,0.0,0.0,
cec_f4_zero,20263016,0.0,0.0,
cec_f4_zero,20263017,0.0,0.0,
cec_f4_zero,20263018,0.0,0.0,
cec_f4_zero,20263019,0.0,0.0,
cec_f4_zero,20263020,0.0,0.0,
cec_f4_zero,20263021,0.0,0.0,
cec_f4_zero,20263022,0.0,0.0,
cec_f4_zero,20263023,0.0,0.0,
cec_f4_zero,20263024,0.0,0.0,
cec_f4_zero,20263025,0.0,0.0,
cec_f4_zero,20263026,0.0,0.0,
cec_f4_zero,20263027,0.0,0.0,
cec_f4_zero,20263028,0.0,0.0,
cec_f4_zero,20263029,0.0,0.0,
cec_f4_shifted,20263000,21.37932586669922,17.619548797607422,0.824139587350222
cec_f4_shifted,20263001,54.580116271972656,24.473712921142575,0.4483997945183937
cec_f4_shifted,20263002,30.81475830078125,13.097862243652344,0.42505159754312505
cec_f4_shifted,20263003,27.945396423339844,15.803543090820312,0.56551507988705
cec_f4_shifted,20263004,23.38158416748047,18.12085723876953,0.7750055389306063
cec_f4_shifted,20263005,48.63927459716797,38.447410583496094,0.7904601970715801
cec_f4_shifted,20263006,29.21577453613281,15.30474853515625,0.5238522263453258
cec_f4_shifted,20263007,55.23444366455078,22.729877471923828,0.41151636486042426
cec_f4_shifted,20263008,14.0770263671875,13.659210205078123,0.9703192882352429
cec_f4_shifted,20263009,45.65901184082031,25.5595703125,0.5597924545894157
cec_f4_shifted,20263010,38.87509536743164,25.51874542236328,0.656429140074653
cec_f4_shifted,20263011,17.51080322265625,11.613460540771484,0.6632168949135056
cec_f4_shifted,20263012,16.298965454101562,16.298965454101562,1.0
cec_f4_shifted,20263013,30.81571578979492,15.325447082519531,0.4973256888485057
cec_f4_shifted,20263014,20.51879119873047,19.116065979003903,0.9316370440080625
cec_f4_shifted,20263015,5.9173583984375,5.9173583984375,1.0
cec_f4_shifted,20263016,18.10277557373047,12.37371826171875,0.683526026786448
cec_f4_shifted,20263017,12.777328491210938,9.439979553222656,0.738806986117331
cec_f4_shifted,20263018,45.73833084106445,23.086883544921875,0.5047600802299977
cec_f4_shifted,20263019,37.783935546875,18.404563903808597,0.48710023552141024
cec_f4_shifted,20263020,55.76206207275391,35.946136474609375,0.644634275319835
cec_f4_shifted,20263021,45.046836853027344,29.98944854736328,0.6657392758832047
cec_f4_shifted,20263022,22.28779602050781,16.88599395751953,0.7576340855767935
cec_f4_shifted,20263023,40.14807891845703,23.556575775146484,0.5867422902847031
cec_f4_shifted,20263024,18.40716552734375,16.59259033203125,0.9014201728877291
cec_f4_shifted,20263025,43.70873641967773,32.83855438232422,0.7513041344187718
cec_f4_shifted,20263026,66.17015075683594,49.813209533691406,0.7528048366815195
cec_f4_shifted,20263027,28.86676788330078,20.983203887939453,0.7268982787670554
cec_f4_shifted,20263028,22.45391082763672,11.776359558105469,0.5244680825761048
cec_f4_shifted,20263029,41.434326171875,24.88518524169922,0.6005934581504286
cec_f5_zero,20263000,0.0,0.0,
cec_f5_zero,20263001,0.0,0.0,
cec_f5_zero,20263002,0.0,0.0,
cec_f5_zero,20263003,0.0,0.0,
cec_f5_zero,20263004,0.0,0.0,
cec_f5_zero,20263005,0.0,0.0,
cec_f5_zero,20263006,0.0,0.0,
cec_f5_zero,20263007,0.0,0.0,
cec_f5_zero,20263008,0.0,0.0,
cec_f5_zero,20263009,0.0,0.0,
cec_f5_zero,20263010,0.0,0.0,
cec_f5_zero,20263011,0.0,0.0,
cec_f5_zero,20263012,0.0,0.0,
cec_f5_zero,20263013,0.0,0.0,
cec_f5_zero,20263014,0.0,0.0,
cec_f5_zero,20263015,0.0,0.0,
cec_f5_zero,20263016,0.0,0.0,
cec_f5_zero,20263017,0.0,0.0,
cec_f5_zero,20263018,0.0,0.0,
cec_f5_zero,20263019,0.0,0.0,
cec_f5_zero,20263020,0.0,0.0,
cec_f5_zero,20263021,0.0,0.0,
cec_f5_zero,20263022,0.0,0.0,
cec_f5_zero,20263023,0.0,0.0,
cec_f5_zero,20263024,0.0,0.0,
cec_f5_zero,20263025,0.0,0.0,
cec_f5_zero,20263026,0.0,0.0,
cec_f5_zero,20263027,0.0,0.0,
cec_f5_zero,20263028,0.0,0.0,
cec_f5_zero,20263029,0.0,0.0,
cec_f5_shifted,20263000,20.616273880004883,6.883012771606445,0.3338630836817742
cec_f5_shifted,20263001,21.00754451751709,4.43914794921875,0.2113120810248517
cec_f5_shifted,20263002,25.95418930053711,7.1884613037109375,0.276967283411244
cec_f5_shifted,20263003,26.633688926696777,7.895645141601562,0.2964533063118873
cec_f5_shifted,20263004,36.21611547470093,22.78241539001465,0.629068443464885
cec_f5_shifted,20263005,21.315221786499023,4.222774505615234,0.19811074676642224
cec_f5_shifted,20263006,29.312728881835938,9.28717803955078,0.31683089203290504
cec_f5_shifted,20263007,22.004993438720703,5.633790969848633,0.256023296963826
cec_f5_shifted,20263008,28.924768447875977,9.585681915283203,0.33140047197118033
cec_f5_shifted,20263009,20.346614837646484,4.755338668823242,0.23371645390488444
cec_f5_shifted,20263010,26.316893577575684,11.055237770080566,0.42008141034930524
cec_f5_shifted,20263011,18.125154495239254,5.2105560302734375,0.28747650298054234
cec_f5_shifted,20263012,21.399628162384037,10.579790115356444,0.4943913060112628
cec_f5_shifted,20263013,19.58271598815918,6.403049468994141,0.3269745357521289
cec_f5_shifted,20263014,16.89258575439453,3.961738586425781,0.23452529080073795
cec_f5_shifted,20263015,21.10356903076172,6.778913497924805,0.32122118718608633
cec_f5_shifted,20263016,35.07833433151245,20.64582347869873,0.5885633931070569
cec_f5_shifted,20263017,17.545913696289062,3.661298751831055,0.2086695976742103
cec_f5_shifted,20263018,19.07678985595703,4.745630264282227,0.2487646139688606
cec_f5_shifted,20263019,35.60766553878784,26.270001888275143,0.7377625432832412
cec_f5_shifted,20263020,20.67288589477539,4.373750686645508,0.21156943006931003
cec_f5_shifted,20263021,27.54146957397461,6.226219177246094,0.2260670644506776
cec_f5_shifted,20263022,21.61777687072754,7.10931396484375,0.3288642494256852
cec_f5_shifted,20263023,22.42861557006836,7.58802604675293,0.3383189668148475
cec_f5_shifted,20263024,21.900989532470703,4.893167495727539,0.22342221060253295
cec_f5_shifted,20263025,20.06416130065918,5.850030899047852,0.29156618168015114
cec_f5_shifted,20263026,13.691965103149414,3.350162982940674,0.24468094665024176
cec_f5_shifted,20263027,36.50969982147217,18.787601470947266,0.5145920553391639
cec_f5_shifted,20263028,25.994821548461918,8.542081832885742,0.3286070580234919
cec_f5_shifted,20263029,21.08519554138184,4.114025115966797,0.19511439236561048
cec_f6_zero,20263000,0.0,0.0,
cec_f6_zero,20263001,0.0,0.0,
cec_f6_zero,20263002,0.0,0.0,
cec_f6_zero,20263003,0.0,0.0,
cec_f6_zero,20263004,0.0,0.0,
cec_f6_zero,20263005,0.0,0.0,
cec_f6_zero,20263006,0.0,0.0,
cec_f6_zero,20263007,0.0,0.0,
cec_f6_zero,20263008,0.0,0.0,
cec_f6_zero,20263009,0.0,0.0,
cec_f6_zero,20263010,0.0,0.0,
cec_f6_zero,20263011,0.0,0.0,
cec_f6_zero,20263012,0.0,0.0,
cec_f6_zero,20263013,0.0,0.0,
cec_f6_zero,20263014,0.0,0.0,
cec_f6_zero,20263015,0.0,0.0,
cec_f6_zero,20263016,0.0,0.0,
cec_f6_zero,20263017,0.0,0.0,
cec_f6_zero,20263018,0.0,0.0,
cec_f6_zero,20263019,0.0,0.0,
cec_f6_zero,20263020,0.0,0.0,
cec_f6_zero,20263021,0.0,0.0,
cec_f6_zero,20263022,0.0,0.0,
cec_f6_zero,20263023,0.0,0.0,
cec_f6_zero,20263024,0.0,0.0,
cec_f6_zero,20263025,0.0,0.0,
cec_f6_zero,20263026,0.0,0.0,
cec_f6_zero,20263027,0.0,0.0,
cec_f6_zero,20263028,0.0,0.0,
cec_f6_zero,20263029,0.0,0.0,
cec_f6_shifted,20263000,1.3837814331054688,0.7589149475097656,0.5484355616815989
cec_f6_shifted,20263001,0.9204139709472656,0.7326431274414062,0.7959930537423171
cec_f6_shifted,20263002,2.0417585372924805,1.047649383544922,0.5131113030310533
cec_f6_shifted,20263003,1.3479290008544922,0.9489631652832032,0.7040156897593474
cec_f6_shifted,20263004,1.4081535339355469,1.0324077606201172,0.7331642010191283
cec_f6_shifted,20263005,1.1687164306640625,0.956695556640625,0.8185865549071064
cec_f6_shifted,20263006,0.7265567779541016,0.6808013916015625,0.9370243486250575
cec_f6_shifted,20263007,1.0606441497802734,0.6168413162231445,0.5815723552059675
cec_f6_shifted,20263008,0.6655311584472656,0.57861328125,0.8694007394033187
cec_f6_shifted,20263009,1.1809749603271484,0.5700969696044922,0.4827341719815689
cec_f6_shifted,20263010,0.7703351974487305,0.7703351974487305,1.0
cec_f6_shifted,20263011,3.2645702362060547,1.958292007446289,0.5998621153031565
cec_f6_shifted,20263012,0.1714124679565429,0.1714124679565429,1.0
cec_f6_shifted,20263013,2.042691230773926,1.8955316543579104,0.9279579927700281
cec_f6_shifted,20263014,0.9246292114257812,0.9246292114257812,1.0
cec_f6_shifted,20263015,0.6411781311035156,0.5060043334960938,0.7891790267787555
cec_f6_shifted,20263016,2.173184394836426,0.7269916534423828,0.33452828723128347
cec_f6_shifted,20263017,0.6447582244873047,0.573089599609375,0.8888441866175205
cec_f6_shifted,20263018,1.1596736907958984,0.8415718078613281,0.7256970771525798
cec_f6_shifted,20263019,1.8203086853027344,1.4976520538330078,0.8227462000951417
cec_f6_shifted,20263020,0.9284286499023438,0.5332717895507812,0.5743810142081173
cec_f6_shifted,20263021,1.764963150024414,1.0893211364746094,0.6171919999913547
cec_f6_shifted,20263022,1.257976531982422,0.9770908355712892,0.7767162667426789
cec_f6_shifted,20263023,1.3839073181152344,0.8723831176757812,0.6303768368418586
cec_f6_shifted,20263024,1.8266544342041016,1.2673053741455078,0.6937849603160929
cec_f6_shifted,20263025,0.2666034698486328,0.2666034698486328,1.0
cec_f6_shifted,20263026,1.1243438720703125,0.7411460876464844,0.6591809730610029
cec_f6_shifted,20263027,2.020004272460937,0.9040164947509766,0.4475319716277771
cec_f6_shifted,20263028,1.2265901565551758,0.5193719863891602,0.42342748603803687
cec_f6_shifted,20263029,0.285552978515625,0.2242536544799804,0.7853311691781552
