suite,fid,instance,method,n,mean,std,median,minimum,maximum
cec2017,10,1,anchor_only,10,52728200.64811613,83811303.11519462,19549138.843796656,1578140.9464474588,279326827.5703803
cec2017,10,1,cma_es,10,804678.669515721,1020622.6976555898,316471.8914507175,73740.39229296627,3214927.02268194
cec2017,10,1,de,10,9611029.409876551,10422642.385163115,5043906.449863795,876932.40198717,28355336.248274
cec2017,10,1,full,10,4306032.626461003,5931602.766929401,2185221.279130728,351622.60308088764,19346690.6613415
cec2017,10,1,gp_ei,10,859098.2225207661,1243890.619398975,337928.6824934477,81421.76155920292,4141161.731924369
cec2017,10,1,random,10,19648931.485390328,16546707.62552785,14930705.096841866,212876.3432796487,55973999.72980091
cec2017,10,1,surr_rlde,10,4364494.052508806,4630740.057187035,2983521.3066538554,93999.23865529089,12731411.59553275
cec2017,11,1,anchor_only,10,1741048141.8294659,1404357193.155328,1531523381.7318075,178775412.70695037,4284737106.72743
cec2017,11,1,cma_es,10,143435859.6967776,163290795.0842541,69416035.80432211,37301532.38155382,496897797.2020174
cec2017,11,1,de,10,630032941.2223575,473455760.8121639,472123577.0087416,178775412.70695043,1715122442.6622486
cec2017,11,1,full,10,228637756.9139583,257998340.18540964,149305964.01641512,51687372.19584781,890390886.0265799
cec2017,11,1,gp_ei,10,18797236.784106135,11618272.793427475,16024998.00132602,3749955.188845047,45898054.11901477
cec2017,11,1,random,10,1642792264.3822613,913808461.647755,1564614937.8761806,222917935.94754708,3487100778.075739
cec2017,11,1,surr_rlde,10,255852625.08836263,314924205.2743683,118893009.6782879,11016156.49235488,899503205.0238267
cec2017,12,1,anchor_only,10,866760556.7377989,638323321.4533904,633183825.1702702,238337885.5868529,2263285508.121005
cec2017,12,1,cma_es,10,7972290.320941782,8863795.568119144,3741829.561652143,1085540.892091477,28319390.25562252
cec2017,12,1,de,10,225288325.12744075,149545529.21855313,208665124.48292118,78376174.55781947,617181366.88126
cec2017,12,1,full,10,62338823.03491412,55914266.03222185,46370350.54098287,6178918.059814815,172689786.6222731
cec2017,12,1,gp_ei,10,1228915.920571652,1073445.8094670747,764011.3909857996,209400.2340425103,3559188.813766629
cec2017,12,1,random,10,456072372.7405319,383109197.42302704,336783838.3540407,32230042.473894484,1135715183.8600163
cec2017,12,1,surr_rlde,10,63984049.32975324,65359868.7673655,40603773.83750029,6341702.757779797,209459642.8307245
cec2017,13,1,anchor_only,10,477529.83177769947,689711.558468316,287328.0965073093,47120.54181330793,2331233.795530308
cec2017,13,1,cma_es,10,56848.91481121094,37308.142437734205,48127.4520787257,26984.788275121336,157136.20095897882
cec2017,13,1,de,10,70939.10982405621,26321.38508690218,71070.64759993867,26022.208582139712,114462.82079167356
cec2017,13,1,full,10,39028.53309075567,20389.313966627455,33385.88753698814,14325.274824714945,76233.73815250433
cec2017,13,1,gp_ei,10,18981.826237764213,9170.688278343383,16537.370043814957,6819.595095093251,37307.160712994
cec2017,13,1,random,10,249192.48745321244,241763.35419240998,200684.60771008395,28671.890702520188,793559.1086471457
cec2017,13,1,surr_rlde,10,46050.7900144741,22403.28397668585,42307.984016182396,15454.741501490926,91180.08566724624
cec2017,14,1,anchor_only,10,68088578.28429,70433420.98653337,42050429.71309799,7060054.167120727,207003831.4759124
cec2017,14,1,cma_es,10,1682385.7054143413,1279599.558417155,1196761.4652615474,34228.62967155721,3594371.4774198774
cec2017,14,1,de,10,26936489.39964187,24973048.710632376,18530461.29955561,240912.70021999255,77796634.80230507
cec2017,14,1,full,10,5154513.574540487,4506368.077046754,3999205.838231827,777465.8161810592,14711571.748226268
cec2017,14,1,gp_ei,10,1109144.0330889146,1111990.5266898754,819700.1396867117,45316.183521453095,3007238.776793881
cec2017,14,1,random,10,44484819.02195257,38993143.17219466,31833514.13269676,6998944.520351927,117606578.3179453
cec2017,14,1,surr_rlde,10,1311029.0745726274,926811.5474342606,1474089.2819141804,159914.41222727363,2771032.761657233
cec2017,15,1,anchor_only,10,5526925.583489795,11993699.543168796,753094.9115818813,162719.00356093454,38818751.84581722
cec2017,15,1,cma_es,10,45670.17689254936,39830.55778956947,32606.15189780268,9505.459461898568,134209.423988149
cec2017,15,1,de,10,463987.3120629241,479647.80889698863,327804.1556752134,30362.00091901245,1568904.7723120486
cec2017,15,1,full,10,573509.317704234,930800.7336970194,302314.874375436,36152.76085841512,3135770.3435638226
cec2017,15,1,gp_ei,10,148416.8562811638,145900.83722446577,93808.73546377594,28987.8347012042,496252.0328226043
cec2017,15,1,random,10,3748294.398024462,8323125.595096747,799380.2832941008,88871.7406753935,27075702.397779487
cec2017,15,1,surr_rlde,10,42468.32220954013,23252.621916336157,45602.980522421276,8105.734035200966,82466.66078820686
cec2017,16,1,anchor_only,10,4834112181.545603,8213066773.052485,155962967.0785402,1777279.073977784,19843976701.23604
cec2017,16,1,cma_es,10,67519.48825149871,43916.49824112162,69986.41957706363,5226.733161250338,136959.8459912242
cec2017,16,1,de,10,12805464.114945771,27872973.148817178,639248.3839333782,13373.909352960098,89481133.85696638
cec2017,16,1,full,10,5663410.090174701,10580593.472301414,1088602.439934504,38176.730688250886,34248251.00648171
cec2017,16,1,gp_ei,10,21194668.301668838,54406136.580823354,339389.7505445856,6124.08407740271,174747366.45031992
cec2017,16,1,random,10,152580572.76779425,237464108.88616204,1411072.705683835,43304.17207205744,673254498.3400593
cec2017,16,1,surr_rlde,10,26730.917609387445,20226.490694962446,24109.276439893794,7752.014220772672,80543.04378100592
cec2017,17,1,anchor_only,10,86524156.56071597,89716232.46507892,76799490.8869207,6435172.30163887,309373659.01263934
cec2017,17,1,cma_es,10,2432390.38766173,2325076.516162688,1554106.1221278086,462098.94547062606,7925773.274364376
cec2017,17,1,de,10,26483743.27279987,27796124.365753174,10554604.113106353,647525.61089601,79376751.23373647
cec2017,17,1,full,10,10694647.589238953,15675843.380855033,4465036.523161823,466267.1324762034,49733278.24775184
cec2017,17,1,gp_ei,10,137904.15638086112,83408.01346725081,133081.24094433594,47594.941101807446,311195.34046304994
cec2017,17,1,random,10,67832116.37692268,60896034.01928714,56202413.66831653,2226534.5390715543,161829880.19819388
cec2017,17,1,surr_rlde,10,1380805.9069292382,2611601.4275187296,631599.0043013002,121832.1571485366,8745559.867412098
cec2017,18,1,anchor_only,10,11484399333.011585,16674399794.514246,5434302242.401798,298204632.1635455,57198472554.52368
cec2017,18,1,cma_es,10,2880022409.4669037,7425714455.294565,363111960.4144133,1073293.4471828656,23906896898.454525
cec2017,18,1,de,10,3673698472.953679,5584358553.567041,1763332252.761811,298204632.1635449,18875425983.20217
cec2017,18,1,full,10,6416002573.565154,7121072055.852656,2995802686.3700156,298204632.1635455,21409590161.21891
cec2017,18,1,gp_ei,10,6979096626.450426,16352414075.189144,1091742228.150079,139668592.5232648,53200264155.88232
cec2017,18,1,random,10,2772829936.2347903,3728468035.742261,870032429.0512431,64805044.26329057,9719452315.23781
cec2017,18,1,surr_rlde,10,534158518.8754387,1222866519.3050494,7891742.269596511,38056.86813073084,3772502918.2285256
cec2017,19,1,anchor_only,10,4053.332571571612,708.5423891555743,4088.8564541096484,2689.0362913704957,5303.982642475397
cec2017,19,1,cma_es,10,2523.7054819270847,343.99012962296644,2505.146482659169,2073.6199172507245,2957.487661012551
cec2017,19,1,de,10,3653.3367819425375,680.6505946307249,3793.1009474912044,2578.047776676349,4451.347586921413
cec2017,19,1,full,10,2916.0781830544693,304.88670450673976,2950.5975280516664,2419.1507627297524,3430.3725442379737
cec2017,19,1,gp_ei,10,2801.76158147982,380.8715404198824,2775.465910068756,2339.434592452724,3365.922444462381
cec2017,19,1,random,10,4053.417336827257,916.2587249759011,3916.662629134496,2986.66612680426,6294.852332593287
cec2017,19,1,surr_rlde,10,2733.0319594033076,291.7434870936547,2710.2983942730557,2183.5364295802774,3249.6753012371214
cec2017,20,1,anchor_only,10,10715.500664119254,3633.7254783268786,9836.701060123034,6599.41191063319,17566.938873677216
cec2017,20,1,cma_es,10,3060.8767608136477,1017.354801570542,2663.037574412792,2358.3415448016985,5313.293122417978
cec2017,20,1,de,10,5586.034864134688,1292.2403337238948,4863.937109061901,4165.764467950762,7663.491366079446
cec2017,20,1,full,10,6074.161299286731,3947.2131607668184,4752.466097875784,2847.3320037644094,14757.427296246024
cec2017,20,1,gp_ei,10,2521.7721128360745,446.2414499684876,2373.488068521722,2310.0539489106864,3779.8120545487145
cec2017,20,1,random,10,6650.318008972654,1474.0106359745312,6964.277207687832,4253.151222734745,8389.10342731099
cec2017,20,1,surr_rlde,10,4016.9636076999655,911.8866414775255,3856.1783000411124,2935.4755635430297,5578.014132657532
cec2017,21,1,anchor_only,10,2338.121827561389,65.79729327838723,2304.2035938615804,2276.542872164355,2469.853575138271
cec2017,21,1,cma_es,10,2218.815310745311,2.634867862628228,2218.5420109365086,2215.2915456057,2224.569033458958
cec2017,21,1,de,10,2250.031828102883,18.02520471157641,2244.6177574674925,2230.605087835612,2291.080565279807
cec2017,21,1,full,10,2237.438201272179,12.529363062903618,2234.7663455314496,2222.6945177844377,2264.517264061886
cec2017,21,1,gp_ei,10,2218.3064677026186,1.251891772759896,2218.5384345023303,2216.26051428118,2220.842433860381
cec2017,21,1,random,10,2293.4311805975717,21.62672827539353,2298.300504237148,2254.5519050107314,2321.9505590155677
cec2017,21,1,surr_rlde,10,2243.624546941569,12.303186091594313,2238.9901252607015,2225.920401824012,2270.611428658214
cec2017,22,1,anchor_only,10,6534.033187430526,1246.842130722512,6307.6018167780985,4645.255357332655,8350.314191191484
cec2017,22,1,cma_es,10,3103.786790800797,120.29239766578063,3072.9263489758737,2882.517698415906,3264.006703913245
cec2017,22,1,de,10,4510.077427461727,591.3632742942083,4287.5216848856035,3882.7696138422575,5773.01899532505
cec2017,22,1,full,10,3895.2420387210304,500.0782206756939,3745.534007281599,3379.931205047587,5063.686169064607
cec2017,22,1,gp_ei,10,2726.8043953341244,71.97217372565419,2721.57358379931,2630.3185066018896,2836.910633021793
cec2017,22,1,random,10,5730.9129402821745,921.4828714020789,5665.829317933562,4711.164322392033,6992.175578754127
cec2017,22,1,surr_rlde,10,3941.041898280764,412.1495245837143,3830.551501929631,3455.578866029618,4611.051798821204
cec2017,23,1,anchor_only,10,10117.707121233645,1093.2900502011746,10094.11875822266,8320.486845080304,11824.972199780172
cec2017,23,1,cma_es,10,3813.123585045454,607.4375177751149,4134.259001503136,2895.7420749771336,4434.273475821515
cec2017,23,1,de,10,7247.168046735902,999.3085813432426,7269.362015776475,5653.579828449705,8643.440584135615
cec2017,23,1,full,10,7590.313598735396,963.5843492424245,7623.172675912669,5771.055397133643,8971.11746456867
cec2017,23,1,gp_ei,10,3173.2145394733225,101.18738786904952,3183.53908335794,2930.165594242412,3282.667892543902
cec2017,23,1,random,10,8743.018963919516,1835.9470734057636,8238.693621027953,6711.112690911517,12434.881446103094
cec2017,23,1,surr_rlde,10,5745.798106840584,817.9351824934029,5602.9864688569,4593.17572210596,7613.202871061669
cec2017,24,1,anchor_only,10,3472.313266931445,185.4364667887823,3420.5332177576643,3278.0068515273924,3907.709408772485
cec2017,24,1,cma_es,10,2960.73420486174,45.721450391081596,2954.25284369617,2900.6938114160034,3018.583422373089
cec2017,24,1,de,10,3354.5005947849036,171.12787148301254,3347.770414407909,3127.003327296364,3704.5024751767614
cec2017,24,1,full,10,3185.3540156353697,78.79101669861126,3178.471142063069,3064.295383130635,3362.881912554346
cec2017,24,1,gp_ei,10,2950.8653119026803,108.53709607208458,2919.662320315204,2895.3136100589304,3256.717189312636
cec2017,24,1,random,10,3691.35398772793,245.44665035002566,3685.119992655191,3351.794376618529,4076.4513807481344
cec2017,24,1,surr_rlde,10,3161.569869669786,74.45256017906874,3180.8707856515043,3045.5101566312005,3264.4024380931905
cec2017,25,1,anchor_only,10,3709.586336303216,392.5445286401712,3645.5748757403117,3214.45648757279,4421.523087507492
cec2017,25,1,cma_es,10,3002.8066585540923,22.707352300932527,3001.9009356106344,2983.044936633992,3062.627659072704
cec2017,25,1,de,10,3234.048648635941,83.1747645244665,3234.6194904600834,3111.1437975589347,3354.086908145513
cec2017,25,1,full,10,3135.513376718084,111.6658133477204,3097.552551321237,3014.563275025944,3346.6274141501262
cec2017,25,1,gp_ei,10,3004.4998435057005,30.48957299310401,2998.257475614083,2977.8620372294668,3086.898299970877
cec2017,25,1,random,10,3604.7008979432308,179.45896735405577,3589.940392301774,3316.9868548992417,3896.104826450882
cec2017,25,1,surr_rlde,10,3167.222641296636,91.76033074247472,3149.005871609039,3042.213805893501,3359.3234008792674
cec2017,26,1,anchor_only,10,3377.167200677294,140.73267074841797,3396.6575235291984,3075.991519653285,3560.654609366881
cec2017,26,1,cma_es,10,3023.4691993554925,24.14680219104747,3018.132356298519,3008.26291244163,3091.049659519359
cec2017,26,1,de,10,3167.4540731823554,64.0704816680365,3160.1035942637263,3075.991519653285,3275.9745709385693
cec2017,26,1,full,10,3113.158170499819,62.70813424089566,3097.767741523205,3026.875205231649,3199.601170478299
cec2017,26,1,gp_ei,10,3004.8142194980182,2.6410189940155795,3005.8077221419853,2999.1470100113183,3008.055454911569
cec2017,26,1,random,10,3231.8063837499603,65.44272347880614,3219.9004651226587,3146.807845467008,3352.109333309564
cec2017,26,1,surr_rlde,10,3100.761692194418,34.649908412207104,3106.910552540782,3014.650369798821,3149.7922035127617
cec2017,27,1,anchor_only,10,3689.5620551200554,230.01611366492466,3690.9671902259884,3362.77828150789,3958.080492904672
cec2017,27,1,cma_es,10,3050.2904128023583,118.30736935575553,2997.373732171332,2891.638471656745,3219.171803649692
cec2017,27,1,de,10,3398.9894781158664,159.78636184825135,3392.51072233012,3147.911813166804,3620.2818205395774
cec2017,27,1,full,10,3335.110532008667,155.35646757269973,3341.9159567795045,3028.3110099959385,3586.098918607905
cec2017,27,1,gp_ei,10,3020.1937643859346,124.04318832608567,3023.6118103323606,2891.187628071113,3194.49593511885
cec2017,27,1,random,10,3542.4041278428545,159.31057595641684,3507.092788699024,3351.386960407089,3788.791822181875
cec2017,27,1,surr_rlde,10,3267.6174376145063,95.22806432332668,3287.6027562071135,3097.045030509081,3359.976435009175
cec2017,28,1,anchor_only,10,1502721722015.8945,3001485390834.1313,236942435338.821,33053863.919488467,9588473847535.002
cec2017,28,1,cma_es,10,3820422.856767836,7411546.574840358,1061456.5434937205,88329.98064274275,24284571.10332241
cec2017,28,1,de,10,144748402.6413518,150193663.76034355,96942672.66896231,16579760.459781626,508748000.3071354
cec2017,28,1,full,10,9340172455.44914,14763920538.577187,788783589.7998192,5709930.736074368,44266740729.02039
cec2017,28,1,gp_ei,10,27491060.42059523,28983289.246134393,11943254.773287555,10746.399145522584,71930232.25574711
cec2017,28,1,random,10,971812387.066699,1499396529.799295,375113371.0487569,6735209.994663741,4899419424.64259
cec2017,28,1,surr_rlde,10,8461520.93978564,12182295.218951551,2273290.097737783,406392.8830833309,38106075.254097134
cec2017,29,1,anchor_only,10,6205702037.81735,7077432039.780914,4862138390.408054,533944826.6954402,23645530643.30467
cec2017,29,1,cma_es,10,154640107.87670025,80212210.2790669,150951392.56141403,10179479.019472122,274937474.1374228
cec2017,29,1,de,10,1074672889.9683037,735979936.8398864,849357044.2970597,51802962.65018833,2398877344.470741
cec2017,29,1,full,10,1954764253.4687366,1513952453.4594126,1535582865.6961389,201125707.02717412,4509890595.899052
cec2017,29,1,gp_ei,10,1501316994.5989356,1264803761.1919718,1404223595.7759676,104091341.10963914,4210553811.213615
cec2017,29,1,random,10,1800996081.7331996,818417566.3790027,1684504591.9911857,514268286.6446805,3420461447.917152
cec2017,29,1,surr_rlde,10,481046195.03155434,615716627.2911175,258946270.94866392,18303327.6300592,1785619949.8884742
coco,1,101,anchor_only,10,5.271607606436974,6.704464045347455,7.630867851147581,-7.743208280535152,12.693591396654227
coco,1,101,cma_es,10,-22.636238094570295,0.8361086066248283,-22.860044356253642,-23.40239321712927,-20.72401881814357
coco,1,101,de,10,-2.365887105556456,5.040628009224387,-3.387676114276344,-12.041749072680096,5.738599245976889
coco,1,101,full,10,-9.944729959757385,4.3347087365087855,-10.412744527277928,-15.62599099783175,-3.7732776609978806
coco,1,101,gp_ei,10,-22.91217654463805,0.5080657685790034,-23.08376976583649,-23.28621452970275,-21.522234376645542
coco,1,101,random,10,4.170614854112218,9.732574132885988,4.52800248883403,-11.841143901102813,17.213740528620065
coco,1,101,surr_rlde,10,-9.142214511788103,5.0116907667084405,-10.803118421459136,-15.206352190122669,1.9741953166095385
coco,1,102,anchor_only,10,1035.9463279830502,10.101805770508438,1034.9163515544958,1016.9887021400676,1048.4350256313992
coco,1,102,cma_es,10,1002.1023895822491,1.3823075614908815,1001.5974284297426,1000.615236427678,1004.1240743174992
coco,1,102,de,10,1017.7868291854189,4.867185389524596,1017.8836472180534,1009.6344862014154,1025.4734066230706
coco,1,102,full,10,1013.3428995998705,8.000088558812793,1010.5629034721005,1004.526614383698,1027.0383576959434
coco,1,102,gp_ei,10,1000.4997052551337,0.09550613995841896,1000.493261535808,1000.3372254588406,1000.637741672031
coco,1,102,random,10,1029.2113129013328,9.873616257876515,1032.3774770391503,1011.8450191325884,1040.3189863767243
coco,1,102,surr_rlde,10,1011.9082759531233,5.409271950766618,1012.6629295412946,1005.4632859515513,1022.9376622703966
coco,2,101,anchor_only,10,509602.3923341632,229372.23061914407,467035.45017623005,220318.0259139753,1015391.7548685372
coco,2,101,cma_es,10,47411.97779556621,43034.43116502685,36464.64921871793,10955.872817435988,160676.44042021807
coco,2,101,de,10,140075.97440881174,62549.79920969754,155187.3918558621,42492.56526414023,252265.70877439092
coco,2,101,full,10,52080.08010810205,25722.250633305826,47598.42789725367,26748.2224227609,106769.9814725136
coco,2,101,gp_ei,10,2565.4434142458026,731.4147179027486,2305.8422026452517,1732.8897914700108,3797.553719979133
coco,2,101,random,10,248852.68360476024,128321.64327842857,235621.60945169302,30960.58017804817,515745.92279831454
coco,2,101,surr_rlde,10,71815.90825546454,64171.382534486635,34854.141564148566,20208.65358355674,179939.65358380284
coco,2,102,anchor_only,10,324848.3157498996,175008.4052622146,273700.5442392214,132893.61929282564,631221.3609124956
coco,2,102,cma_es,10,38466.87706144449,15749.56612301399,35921.26658246088,17645.054567289237,58477.31125957291
coco,2,102,de,10,128314.28147390822,73092.5786000708,109158.94499345019,37129.72991651246,282592.3841277633
coco,2,102,full,10,74590.70541342809,106871.15288654795,39011.86148835592,9011.319462944972,367918.7648199431
coco,2,102,gp_ei,10,3482.913623333197,2018.3944896047071,2717.1362117435942,1579.3770857590546,7533.238984759431
coco,2,102,random,10,263062.42633922026,129059.7008666177,280262.062954812,46683.357614847024,438992.8494281061
coco,2,102,surr_rlde,10,48522.61949048666,30486.969797215315,41901.298343936294,14718.809741763069,122187.77453017296
coco,3,101,anchor_only,10,304.96647069467696,27.850653319344396,316.19755775276064,264.97747230186377,333.19089844120083
coco,3,101,cma_es,10,199.974726104403,12.304512251755455,201.09265998641962,174.89378489150914,216.28201427520565
coco,3,101,de,10,271.1016832547527,28.09124155122108,274.49600804862564,215.0670343015731,301.1118876992849
coco,3,101,full,10,216.25124150985874,25.262538301159676,215.54700590834352,175.85859942474465,257.4433936622297
coco,3,101,gp_ei,10,213.04090194648066,18.287698820847698,215.5607844950747,190.43651613058023,239.08516904278963
coco,3,101,random,10,288.18863845674133,40.832002085996514,276.5578536136027,236.39654605457736,378.9188227715268
coco,3,101,surr_rlde,10,233.9197329654594,19.738169673863315,237.44670068933272,196.18322473825447,261.84658353312784
coco,3,102,anchor_only,10,296.045329285876,26.5638576469881,294.6199668508542,254.4853646682336,346.6765879220159
coco,3,102,cma_es,10,179.36238275166386,15.411386408413861,176.71355154484135,158.1309845394258,207.13868802533196
coco,3,102,de,10,270.0373083882609,30.453984122277536,262.29869486417533,226.4691623800248,321.32611312525904
coco,3,102,full,10,219.40391974624563,20.84784102905134,222.08920708073111,196.36169931842252,265.55454927690704
coco,3,102,gp_ei,10,212.6457207495524,23.98345917514288,204.64507395224018,188.3404683553199,249.4425467314117
coco,3,102,random,10,292.05383051422353,35.39630926317964,296.25787906863616,206.38912670098625,336.53498061920646
coco,3,102,surr_rlde,10,234.81862785979848,35.09380030396271,231.49163011964043,184.84873076461423,294.4516263119428
coco,4,101,anchor_only,10,398.52769610446455,32.90696304336514,402.7177765507163,326.9541904022849,436.6365387843107
coco,4,101,cma_es,10,217.80021064486033,17.01040142189907,214.57515334955994,191.47206955482585,245.1241891185167
coco,4,101,de,10,335.81063006914394,39.92805164157593,332.7201598256065,278.91973883288074,397.0153370711057
coco,4,101,full,10,346.1151541584857,40.33464748385936,357.01851265859784,285.5796933675172,404.1387714008986
coco,4,101,gp_ei,10,257.96347373790684,42.22198801381464,238.93864749550625,214.14531803993617,337.3202221522069
coco,4,101,random,10,372.10609960737514,70.53881857816356,368.64175440802245,267.3622943490835,464.19791527441583
coco,4,101,surr_rlde,10,286.7602534782268,45.76303828376581,277.3477561049724,222.32396553794493,360.9258896477298
coco,4,102,anchor_only,10,353.17733973957354,34.095509616857996,359.5589804022277,309.7903154697177,400.9559460179733
coco,4,102,cma_es,10,196.1078301792248,13.47862529476383,197.1397390559634,174.2327437332859,215.68483213018197
coco,4,102,de,10,306.0753913751422,22.557243599304456,309.41142704501857,269.5785620967137,340.808162434817
coco,4,102,full,10,281.7362774584896,37.00119387568145,279.69591454398915,229.5170493641692,331.4096218145441
coco,4,102,gp_ei,10,228.66832721661586,23.293904863067805,224.34360106277785,190.53376018420727,266.1164757818493
coco,4,102,random,10,349.9580724223583,55.73954147446389,344.6346569606942,271.2510991226452,440.0281349869357
coco,4,102,surr_rlde,10,253.2363027303499,34.72011039207487,257.9813934187516,194.6661375000949,303.17163133760323
coco,5,101,anchor_only,10,-906.710376588102,15.036778855731416,-904.7745828829995,-938.7046702609944,-891.1720479207523
coco,5,101,cma_es,10,-987.5359849916389,5.377539938369903,-987.6627395702271,-994.6255992693216,-976.208690765941
coco,5,101,de,10,-930.3308773489196,7.799130248418863,-929.852473840357,-940.1051901826556,-916.6101779923204
coco,5,101,full,10,-958.7648929774326,15.422768062664638,-963.664844011114,-978.4678231299716,-934.8280048471491
coco,5,101,gp_ei,10,-1000.0,0.0,-1000.0,-1000.0,-1000.0
coco,5,101,random,10,-922.144235438737,8.418866109706062,-921.3541980123707,-935.3491474462892,-909.0019764937192
coco,5,101,surr_rlde,10,-951.5997282454493,10.082405410618877,-955.3930479519054,-963.4007060658528,-935.332077145511
coco,5,102,anchor_only,10,-8.508590265133577,14.525118111432123,-7.375407761948985,-31.511544309067943,10.966222801951432
coco,5,102,cma_es,10,-91.91225778370232,4.623402075677806,-92.56834115335698,-99.44096072143373,-85.04366086616855
coco,5,102,de,10,-30.560310516151322,9.306988576764903,-28.148092104815618,-46.97882490219804,-17.491306148381312
coco,5,102,full,10,-62.94785111909802,9.73167655724411,-64.6229627470654,-75.19993655930885,-44.68435909549655
coco,5,102,gp_ei,10,-104.03,0.0,-104.03,-104.03,-104.03
coco,5,102,random,10,-13.657845763969018,9.863699364674362,-13.541966331073638,-33.31234438333128,0.7917207869104459
coco,5,102,surr_rlde,10,-53.49768489102657,10.696454682698146,-54.44173985444939,-64.50105997847398,-29.52540290290257
coco,6,101,anchor_only,10,120985.69950050456,38891.766841293196,118099.58705609979,64507.80328669078,196356.83415438276
coco,6,101,cma_es,10,467.05367511525276,657.5237803750407,67.34259434399519,10.8075336554453,1930.2739775862915
coco,6,101,de,10,59367.5696569448,23297.985247155357,61845.72429330766,17965.27034527882,89351.67020951238
coco,6,101,full,10,31521.62845487324,34399.0599755402,15135.317138699109,917.2986001636314,107753.36022309931
coco,6,101,gp_ei,10,18.50510932190832,12.450318828837956,16.841988256972336,5.515601258055302,37.68422370126902
coco,6,101,random,10,78996.44515648256,38420.34297444302,75031.9883604831,16391.00469946036,132830.40620651326
coco,6,101,surr_rlde,10,33463.21682612931,21490.889191878487,25366.158916590022,5923.326498757134,65653.75880585273
coco,6,102,anchor_only,10,23292.374887588783,13304.169656626385,21974.77061968574,413.34026877891046,44286.72858913107
coco,6,102,cma_es,10,74.34891425607381,28.157065530857516,78.10521398821797,37.22779151213858,126.88054047402674
coco,6,102,de,10,4195.298132645099,7644.286822437471,1047.5959922635354,75.65594053432164,24854.41505131089
coco,6,102,full,10,814.2036772587146,1501.7829496096601,104.70590580239164,68.63671432939314,3682.919423721129
coco,6,102,gp_ei,10,79.5790047648808,19.111404229549077,73.84263723110169,60.20968016928639,117.86981872387229
coco,6,102,random,10,23185.623357484998,14853.333459907268,16390.656982883258,6301.203528589162,48204.705631749945
coco,6,102,surr_rlde,10,3542.5780103843717,7602.982832269206,132.03968184534858,41.58819688349871,24651.50960533846
coco,7,101,anchor_only,10,-119.13269458372854,22.066238867993444,-116.13380655792807,-157.09743021129697,-90.7946400799574
coco,7,101,cma_es,10,-197.33515354603696,8.387669878902958,-200.55636778662026,-203.92827740828025,-175.5986732431138
coco,7,101,de,10,-145.80960676549313,22.766126332915608,-136.85213716778446,-180.7465242439797,-114.08067337569491
coco,7,101,full,10,-162.8432797467436,23.35729537910745,-162.62571848620667,-196.1898500628936,-130.81611765476532
coco,7,101,gp_ei,10,-212.02521715732172,0.7333632176296926,-211.96945317866255,-213.13817910779528,-210.79731068322528
coco,7,101,random,10,-82.20053998531469,53.36156303527144,-73.17575593965616,-159.45547409707746,22.246795084662157
coco,7,101,surr_rlde,10,-163.3922514340481,17.811048747364985,-164.1242207407306,-199.05713078412705,-141.2060634526266
coco,7,102,anchor_only,10,-191.4840867753149,38.90086237365573,-185.56521676468384,-239.20290913239936,-124.77229259831682
coco,7,102,cma_es,10,-309.67229311588045,5.097324699054188,-310.9438194235011,-316.1329661135676,-300.1552128169513
coco,7,102,de,10,-217.76679684487104,33.73320527974564,-210.877494638775,-280.10061557174186,-165.6153885094108
coco,7,102,full,10,-254.41489692380773,28.364577615581435,-264.4429176331092,-279.6629915447401,-184.01053962340845
coco,7,102,gp_ei,10,-316.7711336026651,2.6530025452964625,-317.7211488923517,-319.6551642663491,-311.8150746175484
coco,7,102,random,10,-156.0837456162143,38.3034182457322,-159.70059883375149,-231.42984596880848,-94.1215750091476
coco,7,102,surr_rlde,10,-263.8272473234986,31.348291683460996,-272.70594344918516,-297.0205643752636,-200.52189138090893
coco,8,101,anchor_only,10,9836.347288906512,3468.7434728708104,9111.148323560905,4273.324337036866,16984.827753881127
coco,8,101,cma_es,10,245.5671608463355,198.09402328793325,160.56979617662108,81.28344010533142,647.6080410380533
coco,8,101,de,10,7425.636841033241,3895.5808976094395,7157.153977200153,2001.180074612508,14888.139662372658
coco,8,101,full,10,2823.036176788142,2284.701050020733,2109.5691726647883,352.95950462424685,6242.516218493205
coco,8,101,gp_ei,10,315.14661645071527,231.70738537117083,250.52609340296587,111.12041858070812,739.1730815749638
coco,8,101,random,10,14048.256876416475,6135.164421693138,14974.68217077618,5110.525280325488,24168.972072967077
coco,8,101,surr_rlde,10,4416.489873135562,5232.537113703844,2334.373090544648,919.2253857524798,17943.659369872104
coco,8,102,anchor_only,10,10221.057803587037,2745.312516099461,9095.363367072398,7287.093818899637,15266.235022892888
coco,8,102,cma_es,10,280.16874598710496,216.92170268176017,172.3528549809357,107.7080877589952,775.3103307611523
coco,8,102,de,10,7541.327707349857,3644.2918409442286,8151.791229476676,2427.23538980014,11684.620460637749
coco,8,102,full,10,2160.929713125184,1198.0648732397033,1879.0559395749815,556.1941875650032,3664.3010206889135
coco,8,102,gp_ei,10,525.5862104468664,805.375219421745,224.78300426159382,147.440655504205,2758.806700683071
coco,8,102,random,10,15115.61441741612,7145.8006802078835,12897.77966743544,7009.541952051166,28831.48242827427
coco,8,102,surr_rlde,10,2572.417018228815,1658.175341743383,2323.8552332152626,693.051095495378,5114.1667782402255
coco,9,101,anchor_only,10,-72.72886053952564,0.7047556666009973,-72.44103676073209,-74.52259028385546,-72.21467098429568
coco,9,101,cma_es,10,-80.47145777023539,32.13281109016806,-87.36954752734843,-115.2902056203074,-23.26836354216709
coco,9,101,de,10,4691.440322750585,3476.3882198391893,2901.4073482705435,2054.263028424738,12272.057729965383
coco,9,101,full,10,-76.53011313162922,2.8029413746036846,-76.70643438900214,-79.78155643817165,-72.73892701901896
coco,9,101,gp_ei,10,294.7827546322443,447.45470432837607,111.02867980218232,-28.20560043959888,1456.6263081142406
coco,9,101,random,10,11000.243630154384,4287.104589583538,12343.804052148962,3779.117863084135,17362.983168530616
coco,9,101,surr_rlde,10,3543.0740929237277,2622.716586566212,3292.5755327473903,273.600933144707,8152.116906575752
coco,9,102,anchor_only,10,552.2234893084685,0.3523915937838952,552.2281395943207,551.408527235981,552.7896212381596
coco,9,102,cma_es,10,554.2419612697865,38.92801266347534,538.6996020500272,518.6438445160542,640.3033558783567
coco,9,102,de,10,6569.320233778315,4521.140648759398,5992.739175752139,1185.5914918109347,15680.0782703836
coco,9,102,full,10,549.3463843187453,2.392474425161416,549.7355475545843,545.4538468885062,552.392329727423
coco,9,102,gp_ei,10,756.0458926325235,159.57623644804423,726.2371720020369,585.8009388162577,1032.537403285258
coco,9,102,random,10,8189.53625805985,2256.6850438711285,7780.517810674722,5062.872368590788,11281.722316299109
coco,9,102,surr_rlde,10,3446.1906090017205,2010.2126323956047,3181.2503539441245,1297.2322392803894,7782.46668830634
coco,10,101,anchor_only,10,281078.97989488504,147747.6206012457,258278.12364199583,79011.30967189065,531631.6542750527
coco,10,101,cma_es,10,54244.957547922386,21625.259647474664,58315.63402284417,19379.874715526657,82166.77013215731
coco,10,101,de,10,230449.14142164713,124130.9072383469,248867.27845415805,79011.30967189065,462842.8541998728
coco,10,101,full,10,164691.84606676124,116930.00551451111,128813.54906161301,69028.88760600444,451146.4598778383
coco,10,101,gp_ei,10,10405.131007925176,6116.212174464255,9316.867818669705,3143.8581839378367,23426.59195261396
coco,10,101,random,10,251576.7630737961,124223.86234144718,232221.02797047363,95868.98585245595,492415.9480568017
coco,10,101,surr_rlde,10,94392.94932892369,62270.8111131041,87630.65676241551,18184.140468415982,211479.11226996648
coco,10,102,anchor_only,10,609545.2327322662,287612.3538008921,560612.7447931155,200937.84220270652,1039418.5031090396
coco,10,102,cma_es,10,57288.32621667697,54455.90676694853,31444.00621574474,18132.837913883654,160859.97420551113
coco,10,102,de,10,263176.93808322883,102690.54030321242,281286.60623459873,84931.54367836125,409248.2720560201
coco,10,102,full,10,147527.25561082578,113951.45283535146,116763.53249583373,51549.980888764825,441311.3615479182
coco,10,102,gp_ei,10,13832.160290042473,6417.302672805735,12199.840405499406,6271.709789986457,24583.622516015697
coco,10,102,random,10,265217.95532174443,90981.7608389511,250514.6981790916,133501.3679115064,426105.2352908757
coco,10,102,surr_rlde,10,203168.5989395979,154906.91677365,132789.97270570148,44438.921283796335,474530.9838075555
coco,11,101,anchor_only,10,1385.3306768332138,2441.6976537503847,325.7905854531157,97.35125960218764,8075.838552808583
coco,11,101,cma_es,10,167.57748197877248,82.83401378125627,155.93896584779444,70.27856948779696,315.414077125326
coco,11,101,de,10,232.01672476285376,146.78842275644456,199.11663127026344,97.35125960218764,611.2778435530992
coco,11,101,full,10,410.44616606091415,374.81914786268436,272.77401682458327,48.84876156482214,1060.059903098084
coco,11,101,gp_ei,10,113.52423182227035,43.30335563220377,100.36236934410823,55.385609031977296,180.9321515055066
coco,11,101,random,10,322.16457271205593,171.05208057311924,292.7182263413025,88.75488836769644,573.1661374975888
coco,11,101,surr_rlde,10,240.61925612876962,209.66550915498206,183.6210759499226,71.18587784449721,808.2484096008068
coco,11,102,anchor_only,10,1448.6451072716736,2796.040239015199,638.6582391524344,-590.6837198241047,8805.539081388017
coco,11,102,cma_es,10,-638.6204112141671,74.07819906364418,-654.6290892282827,-717.5386475439852,-498.51704608046754
coco,11,102,de,10,-585.3394059986701,144.05795124892435,-642.9889851364085,-681.994884843125,-200.50448252146623
coco,11,102,full,10,-553.0021235527342,290.1014239681903,-685.2351082927327,-727.9922757306193,212.73579635687963
coco,11,102,gp_ei,10,-632.7655255966857,70.33712773986508,-654.6471105494509,-697.5560826484443,-467.8028632971885
coco,11,102,random,10,-403.6989113798477,527.0226207898686,-589.0735997647869,-676.5580467991211,1034.875233749432
coco,11,102,surr_rlde,10,-647.9672422209392,65.82576362268578,-657.2472182149406,-732.0087813672071,-502.48009395323
coco,12,101,anchor_only,10,27713580.8387662,10258142.865594124,27030055.579394884,13091947.575975385,47828885.82347561
coco,12,101,cma_es,10,761776.1040384962,517746.435178896,758045.5899147526,109356.10501972651,1662036.081335933
coco,12,101,de,10,17676027.37029242,8119147.684011654,15870104.658853285,7894489.077031243,35813075.37938365
coco,12,101,full,10,14875960.297934506,6651341.112845722,12915338.5133489,7170322.66239643,27775797.828149103
coco,12,101,gp_ei,10,13747270.086344693,6068277.340539552,10918452.978054803,5377590.382896878,23290202.17649695
coco,12,101,random,10,31307392.475512337,7972331.1504813405,29013083.426905833,23116201.448351137,43519976.32162441
coco,12,101,surr_rlde,10,10942692.678344456,6669555.853909682,9252172.587493178,3885965.583891914,22757188.88119024
coco,12,102,anchor_only,10,48213299.11849834,18689229.89007774,46564808.45079449,24310743.588794667,77147724.6979866
coco,12,102,cma_es,10,2161247.7109133536,3244160.770505812,708924.6395797769,179606.8868442851,9952248.21148767
coco,12,102,de,10,19158707.97007401,12699717.678920966,15223326.54899857,7047072.544362217,46134687.401152976
coco,12,102,full,10,16288306.94883952,6785257.945073007,15991369.47313466,4523379.578091916,25146940.8829077
coco,12,102,gp_ei,10,14836723.495850231,7717582.809286972,11805905.715225227,6394662.741788336,27059117.47603397
coco,12,102,random,10,34397727.28905181,9875115.29485969,35817313.51049157,20734457.578271743,50922522.132186025
coco,12,102,surr_rlde,10,12321070.23538524,7122537.532426064,13565356.83930338,3119617.720009033,23604080.711228244
coco,13,101,anchor_only,10,1070.2507929563562,122.66190818380971,1097.8390433926406,842.4370210564382,1214.496705729057
coco,13,101,cma_es,10,261.73807508360886,91.08549484451122,265.44226222962743,155.86110109129237,425.0559793144964
coco,13,101,de,10,794.4884426506493,166.05305532720865,747.7092527039681,548.2044297310874,1087.79814999749
coco,13,101,full,10,560.4339711869973,112.72611482627447,538.9655271278782,366.3854676893173,794.4308663812245
coco,13,101,gp_ei,10,138.386427821427,18.90803742375232,133.77458928993502,113.07574578225947,171.64837712783992
coco,13,101,random,10,1083.6540518608385,136.09756146079627,1101.4258999279082,814.4983841644712,1262.9290839193782
coco,13,101,surr_rlde,10,656.0572960282723,111.8294722689148,639.3887122246738,469.0744993900714,805.9926243343417
coco,13,102,anchor_only,10,926.1593657827045,130.26794351709216,914.5613195818975,734.05353300782,1115.6264060111382
coco,13,102,cma_es,10,254.99758939719314,83.99240509259364,256.8332282742997,157.6571285076343,438.56849442634825
coco,13,102,de,10,793.3799484329486,114.39287655960406,781.8358046688236,637.1446646004176,980.9560025818738
coco,13,102,full,10,633.5544079385535,151.28905779709115,631.1369859815754,417.473406126812,925.7314876602104
coco,13,102,gp_ei,10,240.73983124283941,112.15887954194488,206.7018303039452,174.67462330305122,555.1698967810967
coco,13,102,random,10,947.685063435552,102.60331649835919,944.8906018384769,793.7517496219536,1125.0248115250383
coco,13,102,surr_rlde,10,594.6438897153672,101.03152886504022,609.5633726858487,394.7607835173396,746.5331497638406
coco,14,101,anchor_only,10,-72.7764495638666,5.797199437394483,-72.29976831353252,-80.99205556952053,-64.50015897279498
coco,14,101,cma_es,10,-87.34087507073589,0.9994228094511821,-87.23969406267777,-88.79532664813368,-86.191980706612
coco,14,101,de,10,-81.36573174342904,2.616556435138831,-81.17050426163647,-86.55917707399942,-77.54361892949078
coco,14,101,full,10,-81.1288222647681,3.9325468568504762,-81.50326318001405,-85.58856062465784,-72.0912369228963
coco,14,101,gp_ei,10,-88.45534669993015,0.09560688689082099,-88.44393335517788,-88.62532799131922,-88.31523971606923
coco,14,101,random,10,-74.51181476085324,4.442191007445744,-75.40173131563199,-82.37066134202298,-68.96613066615824
coco,14,101,surr_rlde,10,-81.96251418608719,3.7864391294435293,-82.57854738517975,-86.10636288562353,-74.16636453573359
coco,14,102,anchor_only,10,-323.75705891909223,2.2284413551600504,-323.7689605642563,-327.5586141766437,-320.78628646636906
coco,14,102,cma_es,10,-334.0663381188882,0.6246058303073404,-334.2063954656381,-334.77429339863664,-332.68956252434293
coco,14,102,de,10,-326.630097740804,2.5125453180679944,-327.17468523561706,-329.6763634337969,-321.36665414323204
coco,14,102,full,10,-328.1974655165679,1.8707717695020458,-328.1506082295364,-331.2156223936512,-324.6429698856149
coco,14,102,gp_ei,10,-333.51039076251834,2.111660433390171,-334.3854969714996,-334.79948762650133,-327.89151880114866
coco,14,102,random,10,-323.52488606467824,2.536836812692784,-322.85309938635817,-327.99922560948204,-319.16523283563464
coco,14,102,surr_rlde,10,-329.16379419709455,2.997968445816231,-330.48296658156005,-332.04200042512366,-322.88280386834515
coco,15,101,anchor_only,10,1194.4141706464552,42.778818584943835,1189.1578547170923,1141.2432777224697,1303.9270963588024
coco,15,101,cma_es,10,1076.7281011576401,14.012911858005003,1081.040430638903,1044.1207424706254,1091.9774658991685
coco,15,101,de,10,1152.6405891069742,30.40937062564008,1160.4758886713048,1092.8326562450084,1192.409716059345
coco,15,101,full,10,1095.9289954590565,21.96471845796996,1091.2244235917042,1071.4635336846432,1153.560529641897
coco,15,101,gp_ei,10,1099.845331941328,21.204989227049754,1099.577111815424,1062.172566882108,1132.9536027977902
coco,15,101,random,10,1199.085051820977,31.198991460606045,1202.5027692445506,1147.105922983327,1247.738883954497
coco,15,101,surr_rlde,10,1127.452574656103,23.42324374547887,1127.7184535937276,1081.1674225423776,1158.413242948299
coco,15,102,anchor_only,10,-132.40804538826447,56.54715101473149,-142.1647538001924,-238.23517040148167,-43.80381185453086
coco,15,102,cma_es,10,-276.42532598589594,12.67272049063908,-277.81076087528254,-299.70488570625366,-257.7920197813471
coco,15,102,de,10,-199.57802020945832,25.139643459233923,-192.16945404002163,-238.23517040148167,-169.55187227318038
coco,15,102,full,10,-233.3895716498151,42.67159362353322,-244.0570845326372,-273.452877976874,-129.74601663862643
coco,15,102,gp_ei,10,-265.5596792726788,22.106331047400662,-264.989739520097,-293.8250269404213,-215.82268216129216
coco,15,102,random,10,-142.1541465881201,45.5258594638727,-142.27148243673014,-213.9454104679468,-76.75221189311355
coco,15,102,surr_rlde,10,-240.6661940845539,27.989959266215653,-242.10057827435236,-284.37299159573854,-176.35580407813745
coco,16,101,anchor_only,10,-63.95224188177904,7.710969771014603,-63.724619024190844,-75.07512332605852,-51.27449079550699
coco,16,101,cma_es,10,-65.91119196704528,4.350806763895253,-65.42956966958629,-72.69357489573892,-59.89644810538519
coco,16,101,de,10,-67.73489666187342,4.8042899251416085,-67.90320396096351,-75.07512332606287,-59.20129881289539
coco,16,101,full,10,-66.66228263736309,5.988583552591277,-65.58185461113726,-76.06216492264402,-57.03516996684952
coco,16,101,gp_ei,10,-71.80873721121112,7.00884397160309,-72.53578323929,-81.54511989751038,-56.0685970287875
coco,16,101,random,10,-65.23949674772801,5.683670897972507,-65.4281622824942,-77.82436532576028,-55.238036749365214
coco,16,101,surr_rlde,10,-71.39650081763666,5.631509710570879,-72.15065534790332,-79.74854915529272,-63.00382394390356
coco,16,102,anchor_only,10,33.57702380874735,4.293281699754608,34.87806649288509,24.523624746490214,37.70057362364841
coco,16,102,cma_es,10,27.876204841479485,5.235518645366717,26.91824743352488,22.1038762879546,36.53651776574049
coco,16,102,de,10,28.47317797449416,3.962724606126242,28.004012448397877,23.182390054489616,36.16754743995335
coco,16,102,full,10,27.802105608038012,5.2402832486344,29.21788005432511,18.500068333973665,33.235462710183455
coco,16,102,gp_ei,10,22.79624484649019,3.087372192553195,22.216675317037076,19.804493107608828,26.9609937731811
coco,16,102,random,10,26.621167355216063,6.920562013271024,25.06216126444097,16.904392228058818,36.91706437538747
coco,16,102,surr_rlde,10,29.55781686663506,5.31950079442363,27.77277420107296,22.294683126062647,37.61168084312487
coco,17,101,anchor_only,10,44.73225348630284,0.9722059616373729,44.43474530999743,43.69782755449999,46.19849518972899
coco,17,101,cma_es,10,37.63180167194956,0.9216168312791039,37.61081686825551,36.585051301363855,39.637715227204026
coco,17,101,de,10,42.63308368699959,1.298584241816701,42.560430957823385,39.85546097008436,44.20874350998857
coco,17,101,full,10,40.87096371057082,0.9377178659796909,41.027472500610955,39.07864063591232,41.96604851067099
coco,17,101,gp_ei,10,38.705786031194634,1.2515205615777736,38.372212932517044,37.17083062737592,40.95564330516234
coco,17,101,random,10,41.632928811805236,1.3826902547490825,41.86188917235914,39.20586685445016,43.53286015594591
coco,17,101,surr_rlde,10,41.021515920905834,0.8912930928830399,41.00185639185676,39.86705355170686,42.4122625733095
coco,17,102,anchor_only,10,-52.18994860316843,2.1161984398767664,-51.87465259922957,-56.23441816110479,-49.421031089609
coco,17,102,cma_es,10,-60.2497556198262,0.947511338726641,-60.51576013067195,-61.09819490781384,-58.30978748329409
coco,17,102,de,10,-55.124245728122034,1.4546545543157057,-55.13771011061593,-57.28096000148936,-52.65726780554834
coco,17,102,full,10,-56.12622068314406,1.209809014884496,-56.088038633214595,-57.62115706973824,-53.26661820685342
coco,17,102,gp_ei,10,-58.560638862447036,1.4661551397845194,-58.74316817394755,-60.32692851961098,-55.45559285467417
coco,17,102,random,10,-52.680865098706775,2.0581003216701066,-52.70384246350364,-55.86101618986737,-49.47648150260128
coco,17,102,surr_rlde,10,-56.2956086577125,1.0195786240489029,-56.26321269099182,-58.009299955796784,-54.65174381627794
coco,18,101,anchor_only,10,68.41218391775031,6.435690979216878,70.46504194606237,55.27220102849823,75.78688740863262
coco,18,101,cma_es,10,42.76666416281155,3.6562582860814197,41.9632519687692,39.685119557791104,52.8322460347172
coco,18,101,de,10,58.804576814945506,4.104565866717789,59.051946392007395,51.996859187598986,63.8960095904246
coco,18,101,full,10,54.82908275113992,5.0337436560263145,54.93854436192021,47.34861114594174,63.089481902664375
coco,18,101,gp_ei,10,47.965173796022235,4.719747421985354,47.19280086234082,41.3486713249516,56.48795046640585
coco,18,101,random,10,59.9707578669108,7.798416672543863,60.702657830863785,48.56282463019478,74.89029684256067
coco,18,101,surr_rlde,10,56.52139274489514,4.694700068024097,56.60920914646011,51.36434951023127,65.77306214494192
coco,18,102,anchor_only,10,-16.770379060771145,8.472988221494388,-13.696676015101438,-36.54840869393823,-7.687717148434601
coco,18,102,cma_es,10,-52.49028260580675,3.45666233311115,-53.36708304467637,-57.19680836217238,-45.93272684992526
coco,18,102,de,10,-36.97135612478692,6.5272273334296464,-37.75619710281931,-46.05589879904269,-26.060403479833155
coco,18,102,full,10,-34.48541266657061,9.034171718845027,-34.06316965905625,-46.37634884811367,-21.732452602381716
coco,18,102,gp_ei,10,-49.883021264376715,4.9972213534460135,-50.676168630773745,-55.22603984948336,-39.2331521503599
coco,18,102,random,10,-26.466640507494255,8.420748963843511,-26.12883485559972,-38.97355999468651,-9.49923393324611
coco,18,102,surr_rlde,10,-42.90908520620135,7.032875319969299,-43.556706404037286,-52.17025994031344,-26.1350859737662
coco,19,101,anchor_only,10,181.80311086814592,0.11390204046898782,181.8024501121709,181.65881554806748,181.9447896012084
coco,19,101,cma_es,10,185.97647262579454,0.7527154217287796,186.1471438387033,184.34447146990644,186.6950005370819
coco,19,101,de,10,191.09557151127086,2.0419358048501457,190.57522437681126,188.8074817935831,194.827271416908
coco,19,101,full,10,181.80311086814592,0.11390204046898782,181.8024501121709,181.65881554806748,181.9447896012084
coco,19,101,gp_ei,10,187.82143476951904,0.7365931805479062,187.8965968757364,186.575904957659,188.85051847962072
coco,19,101,random,10,192.59970253300298,1.620866004087861,192.61504980834837,189.96056606679875,194.7470953120375
coco,19,101,surr_rlde,10,188.24233823602313,1.22414287205113,188.5704504408036,185.9010655604208,189.83338040604
coco,19,102,anchor_only,10,-7.982186855923521,0.11292673146739979,-8.019807717058157,-8.103324290125833,-7.731050989316024
coco,19,102,cma_es,10,-3.9354580988613157,0.5983514336755307,-3.861637063954093,-4.800733364593689,-2.9290738730040404
coco,19,102,de,10,0.857896696810827,1.6218155506416412,0.7047738639655057,-0.9991548501459278,3.3099210794185634
coco,19,102,full,10,-7.982186855923521,0.11292673146739979,-8.019807717058157,-8.103324290125833,-7.731050989316024
coco,19,102,gp_ei,10,-1.8405376433140017,1.9080468771404677,-1.558215878577069,-5.275342384115584,0.4501409580699
coco,19,102,random,10,2.0045474508086,2.054852804306584,2.2855310796480675,-0.5238962152938909,4.594114217318625
coco,19,102,surr_rlde,10,-1.4969767435806944,1.3406122264700178,-1.1427020971298818,-4.58175462452324,-0.2267312418679665
coco,20,101,anchor_only,10,1092.59282780265,761.8575067617214,671.2910504771023,566.0804176589277,2378.607518444672
coco,20,101,cma_es,10,564.6222671946399,0.26153404189374757,564.6341836728604,564.0819860584999,564.9543358257312
coco,20,101,de,10,1783.1832947600524,1180.0798627997078,1357.3406786805758,706.4644325324277,4217.072653321817
coco,20,101,full,10,579.4917881062299,39.59133205358107,566.16096562951,564.6604010098886,691.7985860403686
coco,20,101,gp_ei,10,564.4977104811177,0.31435547019041765,564.5013398575593,563.8549543844367,565.0515874508983
coco,20,101,random,10,5781.332651723626,2433.2049765921233,5537.621559812518,693.8287218188351,10276.963709626338
coco,20,101,surr_rlde,10,1446.8354821367798,1297.8421758966938,818.9384018898882,565.1884079312608,4354.688247243894
coco,20,102,anchor_only,10,1683.969272457547,1294.53741231635,1370.8356250628044,-57.75759511691224,3413.157295584581
coco,20,102,cma_es,10,-64.18972019329316,0.22859682593565178,-64.27867007369744,-64.51045492848435,-63.68616552908804
coco,20,102,de,10,2562.851555081013,1857.2412737238042,2234.2426799632594,-60.95685937741242,6498.880838849127
coco,20,102,full,10,108.18485735940916,191.94326370492405,47.218421130851155,-64.01054396178098,381.8328052695568
coco,20,102,gp_ei,10,-64.2774085462237,0.20254142601885186,-64.27083560138904,-64.68385717386975,-64.02692002786443
coco,20,102,random,10,5571.075646125735,3024.759019784814,4797.267847996056,469.4422489018713,9956.116324790048
coco,20,102,surr_rlde,10,1058.6772362215374,1370.563598272005,430.8049480046916,-62.20932209680673,4245.5637555851645
coco,21,101,anchor_only,10,207.61430593511471,12.996878351352896,212.8602118659364,187.68496157942533,220.60071233515464
coco,21,101,cma_es,10,167.96647753565048,7.342860388929162,168.24276584309047,158.2400776841827,181.7617764872211
coco,21,101,de,10,202.19690009978197,10.608852573456335,201.815691168233,187.68496157942533,217.882514216726
coco,21,101,full,10,190.0144518759799,11.766798757083103,186.89310149982433,177.37848502229843,209.1038153898876
coco,21,101,gp_ei,10,169.31092701594508,8.441650537598163,167.8385649844347,156.0998623295855,184.4921920434581
coco,21,101,random,10,201.34635315221368,10.670410763453647,201.0819398564742,186.25823638600525,215.4725743846357
coco,21,101,surr_rlde,10,183.94272964349906,11.130753717721083,182.83596971665702,168.21866324752176,205.12357747072352
coco,21,102,anchor_only,10,-121.0555318959318,5.3366797144170315,-120.84003054534642,-128.5569303241828,-113.88922723517416
coco,21,102,cma_es,10,-172.5101085931803,5.138354152374552,-173.0748103008957,-176.42766027866816,-159.05541040103952
coco,21,102,de,10,-134.57876913224254,9.95430727447072,-136.58669304429776,-150.52659117758304,-115.55942589913307
coco,21,102,full,10,-146.6102478249996,12.737339864633364,-147.64733533114924,-163.5822120751505,-129.50047167515226
coco,21,102,gp_ei,10,-164.18803259419676,12.66946072628273,-165.5359293957634,-176.2486450795549,-131.76982210324178
coco,21,102,random,10,-136.0558058586942,17.991884620420276,-130.66111640283304,-167.74962280994603,-116.5553967582035
coco,21,102,surr_rlde,10,-151.58363202822233,8.676709972835571,-150.5785386058654,-167.50892056338094,-137.77754586654245
coco,22,101,anchor_only,10,71.28866481042641,7.576574762588321,73.53501944425494,52.02750016713601,77.74549026749617
coco,22,101,cma_es,10,12.091001012355772,2.003762698014337,11.5683508022911,9.777374168104537,16.352365619500468
coco,22,101,de,10,48.89384590568049,17.021670473463505,49.003964962342145,18.37399885485224,70.80099623977175
coco,22,101,full,10,48.709034980308346,12.287927021462767,46.70850234658989,33.91245207731601,73.9134765007567
coco,22,101,gp_ei,10,15.178992215064259,7.317689284076901,12.815531190421545,9.24138518382058,31.878947932680408
coco,22,101,random,10,60.082304942323404,10.1685816812573,60.81987339535126,39.2668979223979,71.51050219015714
coco,22,101,surr_rlde,10,40.800351315188564,11.765771902828245,38.435022955973636,23.28949993627529,57.945012941875376
coco,22,102,anchor_only,10,-40.98996317530482,13.718685105394952,-37.01874136483377,-66.5591242424847,-26.61790691272637
coco,22,102,cma_es,10,-85.26727357424679,20.037524768794373,-95.1087163977414,-98.609262466966,-48.437425156831374
coco,22,102,de,10,-58.015787621745844,15.036582653516838,-62.04165881191818,-80.34458143623024,-30.95330029586233
coco,22,102,full,10,-65.17712800630464,12.916280915400348,-69.38186189877746,-78.92003704569292,-42.97393877948141
coco,22,102,gp_ei,10,-93.27265487741097,4.60675450020313,-92.60834401270932,-99.36262157482756,-85.64137846441082
coco,22,102,random,10,-42.14988550715736,9.308640551052209,-38.76870426164564,-58.68111367956758,-33.0370387547067
coco,22,102,surr_rlde,10,-72.33652074614358,16.24356831978371,-74.31977540108402,-90.21182885766493,-34.080406588961935
coco,23,101,anchor_only,10,-131.81462142453557,0.7944109026544512,-131.7174021722562,-133.22743547466845,-130.3465667221659
coco,23,101,cma_es,10,-132.2249464886195,0.9803641692334378,-132.4842039382994,-133.31917587725118,-130.84028223912506
coco,23,101,de,10,-132.30095591050767,0.6999201256441161,-132.13475495830932,-133.22743547466845,-131.3361086585722
coco,23,101,full,10,-132.1256815405116,0.6001560253074737,-132.21275465606652,-133.22743547466845,-131.20693398853194
coco,23,101,gp_ei,10,-132.19007064902635,0.7372052922805996,-132.2727058788936,-133.18361129054256,-130.66612145947238
coco,23,101,random,10,-131.8184433172134,0.6926421573102703,-131.76890326640813,-133.22668049773,-130.67022832485944
coco,23,101,surr_rlde,10,-132.63313375883504,0.9305572849326974,-132.65995259124017,-134.5165943005606,-131.3361086585725
coco,23,102,anchor_only,10,-398.34173343378006,0.4183087808216107,-398.3454169564917,-399.0703044326399,-397.4043203252138
coco,23,102,cma_es,10,-398.55414967066355,1.0465814568481597,-398.0124531197617,-400.4841411011901,-397.37669781813065
coco,23,102,de,10,-398.6359177980454,0.39196831552802075,-398.55422400379143,-399.5127708398404,-398.01585628872846
coco,23,102,full,10,-398.5132759109507,0.47483518292792853,-398.5112191306754,-399.13671579189975,-397.5808325569888
coco,23,102,gp_ei,10,-398.64675778051605,0.5618549361139298,-398.857020657881,-399.399826495623,-397.8122627754467
coco,23,102,random,10,-398.46217429349207,0.586242497801056,-398.52806979021614,-399.2492475627275,-397.6025313886341
coco,23,102,surr_rlde,10,-398.7085308084639,0.5690072069116398,-398.699208302045,-399.4051377722132,-397.58830126845777
coco,24,101,anchor_only,10,1141.3001127165228,18.48633683616976,1142.9729464966751,1116.1444896760115,1162.3092207289335
coco,24,101,cma_es,10,1071.9281965823543,6.586006763880724,1071.4174225878037,1062.7710072876507,1083.2175972336595
coco,24,101,de,10,1129.1003194291784,10.141027192207746,1130.286795820201,1112.8397066420323,1140.3817905119329
coco,24,101,full,10,1091.6865553660818,10.5474454656413,1091.310577511416,1079.1189225558276,1110.6216185891135
coco,24,101,gp_ei,10,1089.9792630855138,23.854613620372994,1090.5764173688883,1069.3022079064249,1149.957008261127
coco,24,101,random,10,1166.3188319768174,22.645456753326336,1166.387812721289,1126.9536693885543,1202.53452465566
coco,24,101,surr_rlde,10,1127.7641835291538,20.225115154432544,1128.667091355359,1093.3544073518665,1158.9459937710903
coco,24,102,anchor_only,10,148.8104116013445,11.18581280162649,149.18598449639006,132.25366133460773,162.74202979054533
coco,24,102,cma_es,10,82.00987807907136,10.362316966104693,80.64234516249606,65.4154305677912,99.8314628227717
coco,24,102,de,10,148.5770231999159,10.73467919747747,147.28473162273343,127.56680059090344,167.08119105389264
coco,24,102,full,10,93.3588840218032,14.975747734240837,95.16405498463375,60.49803555812671,116.92421636196862
coco,24,102,gp_ei,10,101.1019415319807,8.149565240270292,98.86371063654924,92.36773174386056,119.71165224751016
coco,24,102,random,10,152.7609356565197,20.288392670035925,162.19074504647458,119.98376805039808,173.87744783749477
coco,24,102,surr_rlde,10,120.36995813418837,17.89630491731074,118.34087691815205,89.7614436521423,144.79364419995105
