suite,fid,instance,full,anchor_only,cma_es,de,random,gp_ei,surr_rlde
cec2017,10,1,3.0,7.0,1.0,5.0,6.0,2.0,4.0
cec2017,11,1,3.0,7.0,2.0,5.0,6.0,1.0,4.0
cec2017,12,1,3.0,7.0,2.0,5.0,6.0,1.0,4.0
cec2017,13,1,2.0,7.0,4.0,5.0,6.0,1.0,3.0
cec2017,14,1,4.0,7.0,3.0,5.0,6.0,1.0,2.0
cec2017,15,1,5.0,7.0,2.0,4.0,6.0,3.0,1.0
cec2017,16,1,3.0,7.0,2.0,4.0,6.0,5.0,1.0
cec2017,17,1,4.0,7.0,3.0,5.0,6.0,1.0,2.0
cec2017,18,1,5.0,7.0,3.0,4.0,2.0,6.0,1.0
cec2017,19,1,4.0,6.0,1.0,5.0,7.0,3.0,2.0
cec2017,20,1,5.0,7.0,2.0,4.0,6.0,1.0,3.0
cec2017,21,1,3.0,7.0,2.0,5.0,6.0,1.0,4.0
cec2017,22,1,3.0,7.0,2.0,5.0,6.0,1.0,4.0
cec2017,23,1,5.0,7.0,2.0,4.0,6.0,1.0,3.0
cec2017,24,1,4.0,6.0,2.0,5.0,7.0,1.0,3.0
cec2017,25,1,3.0,7.0,1.0,5.0,6.0,2.0,4.0
cec2017,26,1,4.0,7.0,2.0,5.0,6.0,1.0,3.0
cec2017,27,1,4.0,7.0,2.0,5.0,6.0,1.0,3.0
cec2017,28,1,6.0,7.0,1.0,4.0,5.0,3.0,2.0
cec2017,29,1,6.0,7.0,1.0,3.0,5.0,4.0,2.0
coco,1,101,3.0,7.0,2.0,5.0,6.0,1.0,4.0
coco,1,102,4.0,7.0,2.0,5.0,6.0,1.0,3.0
coco,2,101,3.0,7.0,2.0,5.0,6.0,1.0,4.0
coco,2,102,4.0,7.0,2.0,5.0,6.0,1.0,3.0
coco,3,101,3.0,7.0,1.0,5.0,6.0,2.0,4.0
coco,3,102,3.0,7.0,1.0,5.0,6.0,2.0,4.0
coco,4,101,5.0,7.0,1.0,4.0,6.0,2.0,3.0
coco,4,102,4.0,7.0,1.0,5.0,6.0,2.0,3.0
coco,5,101,3.0,7.0,2.0,5.0,6.0,1.0,4.0
coco,5,102,3.0,7.0,2.0,5.0,6.0,1.0,4.0
coco,6,101,3.0,7.0,2.0,5.0,6.0,1.0,4.0
coco,6,102,3.0,7.0,1.0,5.0,6.0,2.0,4.0
coco,7,101,4.0,6.0,2.0,5.0,7.0,1.0,3.0
coco,7,102,4.0,6.0,2.0,5.0,7.0,1.0,3.0
coco,8,101,3.0,6.0,1.0,5.0,7.0,2.0,4.0
coco,8,102,3.0,6.0,1.0,5.0,7.0,2.0,4.0
coco,9,101,2.0,3.0,1.0,6.0,7.0,4.0,5.0
coco,9,102,1.0,2.0,3.0,6.0,7.0,4.0,5.0
coco,10,101,4.0,7.0,2.0,5.0,6.0,1.0,3.0
coco,10,102,3.0,7.0,2.0,5.0,6.0,1.0,4.0
coco,11,101,6.0,7.0,2.0,3.0,5.0,1.0,4.0
coco,11,102,5.0,7.0,2.0,4.0,6.0,3.0,1.0
coco,12,101,4.0,6.0,1.0,5.0,7.0,3.0,2.0
coco,12,102,4.0,7.0,1.0,5.0,6.0,3.0,2.0
coco,13,101,3.0,6.0,2.0,5.0,7.0,1.0,4.0
coco,13,102,4.0,6.0,2.0,5.0,7.0,1.0,3.0
coco,14,101,5.0,7.0,2.0,4.0,6.0,1.0,3.0
coco,14,102,4.0,6.0,1.0,5.0,7.0,2.0,3.0
coco,15,101,2.0,6.0,1.0,5.0,7.0,3.0,4.0
coco,15,102,4.0,7.0,1.0,5.0,6.0,2.0,3.0
coco,16,101,4.0,7.0,5.0,3.0,6.0,1.0,2.0
coco,16,102,3.0,7.0,4.0,5.0,2.0,1.0,6.0
coco,17,101,3.0,7.0,1.0,6.0,5.0,2.0,4.0
coco,17,102,4.0,7.0,1.0,5.0,6.0,2.0,3.0
coco,18,101,3.0,7.0,1.0,5.0,6.0,2.0,4.0
coco,18,102,5.0,7.0,1.0,4.0,6.0,2.0,3.0
coco,19,101,1.5,1.5,3.0,6.0,7.0,4.0,5.0
coco,19,102,1.5,1.5,3.0,6.0,7.0,4.0,5.0
coco,20,101,3.0,4.0,2.0,6.0,7.0,1.0,5.0
coco,20,102,3.0,5.0,2.0,6.0,7.0,1.0,4.0
coco,21,101,4.0,7.0,1.0,6.0,5.0,2.0,3.0
coco,21,102,4.0,7.0,1.0,6.0,5.0,2.0,3.0
coco,22,101,4.0,7.0,1.0,5.0,6.0,2.0,3.0
coco,22,102,4.0,7.0,2.0,5.0,6.0,1.0,3.0
coco,23,101,5.0,7.0,3.0,2.0,6.0,4.0,1.0
coco,23,102,5.0,7.0,4.0,3.0,6.0,2.0,1.0
coco,24,101,3.0,6.0,1.0,5.0,7.0,2.0,4.0
coco,24,102,2.0,6.0,1.0,5.0,7.0,3.0,4.0
