suite,fid,instance,comparator,n,difference,ci_low,ci_high,wins,ties,losses
cec2017,10,1,gp_ei,10,3446934.403940237,247745.35957157728,7423189.164593496,2,0,8
cec2017,11,1,gp_ei,10,209840520.1298522,87221371.64004256,369372710.10727215,0,0,10
cec2017,12,1,gp_ei,10,61109907.11434247,29631468.35480301,95411031.28865887,0,0,10
cec2017,13,1,gp_ei,10,20046.706852991454,5803.239102262277,34120.4484716982,2,0,8
cec2017,14,1,gp_ei,10,4045369.5414515724,1510176.1375746673,6713609.943873934,2,0,8
cec2017,15,1,gp_ei,10,425092.46142307017,20564.20120179816,1062343.180919318,3,0,7
cec2017,16,1,gp_ei,10,-15531258.211494137,-52132320.50851119,8703230.5335649,5,0,5
cec2017,17,1,gp_ei,10,10556743.43285809,3066207.037412004,21015555.775655556,0,0,10
cec2017,18,1,gp_ei,10,-563094052.8852736,-12134934886.13054,7915415297.751229,4,0,6
cec2017,19,1,gp_ei,10,114.31660157464921,-275.0787067138729,482.6442436285343,4,0,6
cec2017,20,1,gp_ei,10,3552.3891864506572,1703.3359331513034,5966.905601385341,0,0,10
cec2017,21,1,gp_ei,10,19.13173356956049,12.241586635891888,27.10374540300691,0,0,10
cec2017,22,1,gp_ei,10,1168.437643386906,913.2660157232825,1485.9188911744852,0,0,10
cec2017,23,1,gp_ei,10,4417.099059262075,3818.610055859504,4957.795496657513,0,0,10
cec2017,24,1,gp_ei,10,234.48870373268943,149.4085402801942,310.75739413537707,1,0,9
cec2017,25,1,gp_ei,10,131.0135332123835,58.44083810717302,207.31120440053672,1,0,9
cec2017,26,1,gp_ei,10,108.34395100180014,71.75594854462534,147.30744813201142,0,0,10
cec2017,27,1,gp_ei,10,314.9167676227329,244.43615795883093,383.1093934567387,0,0,10
cec2017,28,1,gp_ei,10,9312681395.028545,1949823086.6031334,18639403863.55152,1,0,9
cec2017,29,1,gp_ei,10,453447258.86980104,-639444742.7623172,1445459129.991902,4,0,6
coco,1,101,gp_ei,10,12.967446584880667,10.279536273117783,15.536185924759852,0,0,10
coco,1,102,gp_ei,10,12.84319434473698,8.48128706214139,17.795620501846695,0,0,10
coco,10,101,gp_ei,10,154286.7150588361,94425.61756309545,231343.61461840812,0,0,10
coco,10,102,gp_ei,10,133695.0953207833,77208.44453628745,207054.50560068004,0,0,10
coco,11,101,gp_ei,10,296.92193423864376,80.66136354935425,537.3842167868719,3,0,7
coco,11,102,gp_ei,10,79.76340204395146,-64.39277727913606,287.56341933566785,6,0,4
coco,12,101,gp_ei,10,1128690.2115898142,-5289078.79106914,7760566.540554369,5,0,5
coco,12,102,gp_ei,10,1451583.4529892835,-5073491.43272347,6736583.944281049,3,0,7
coco,13,101,gp_ei,10,422.0475433655703,358.7103654994418,491.9137236490365,0,0,10
coco,13,102,gp_ei,10,392.81457669571404,268.51069351722333,510.105324901169,1,0,9
coco,14,101,gp_ei,10,7.326524435162035,5.308907225445782,9.907846534198386,0,0,10
coco,14,102,gp_ei,10,5.312925245950504,3.628890545592487,6.920353351196075,1,0,9
coco,15,101,gp_ei,10,-3.916336482271299,-24.678596584785883,23.021222527067074,7,0,3
coco,15,102,gp_ei,10,32.17010762286367,7.780539722982517,61.4310033106745,2,0,8
coco,16,101,gp_ei,10,5.146454573848024,0.41324528823526746,9.238891684762017,2,0,8
coco,16,102,gp_ei,10,5.005860761547821,1.3105325450015957,8.632130516305258,3,0,7
coco,17,101,gp_ei,10,2.1651776793761877,1.482949140565378,2.8780475306288347,1,0,9
coco,17,102,gp_ei,10,2.434418179302983,1.2110629125684775,3.782771337571154,1,0,9
coco,18,101,gp_ei,10,6.863908955117692,2.6655545989514566,10.908935473081458,2,0,8
coco,18,102,gp_ei,10,15.397608597806103,9.141256640919758,21.60699029972811,1,0,9
coco,19,101,gp_ei,10,-6.018323901373108,-6.435547384449317,-5.574545746338152,10,0,0
coco,19,102,gp_ei,10,-6.14164921260952,-7.21611047259391,-4.997748054421878,10,0,0
coco,2,101,gp_ei,10,49514.63669385625,35803.21664047273,65445.97177453048,0,0,10
coco,2,102,gp_ei,10,71107.7917900949,25690.646881783152,142734.637697939,0,0,10
coco,20,101,gp_ei,10,14.994077625112151,1.2067054909903503,40.470764578661495,1,0,9
coco,20,102,gp_ei,10,172.46226590563285,63.397684919245826,285.7056111109166,0,0,10
coco,21,101,gp_ei,10,20.703524860034772,12.788577518045406,28.354127896595,1,0,9
coco,21,102,gp_ei,10,17.577784769197162,4.616298607804015,29.18757274794955,2,0,8
coco,22,101,gp_ei,10,33.53004276524409,24.900314457192223,41.35386918691457,0,0,10
coco,22,102,gp_ei,10,28.095526871106323,19.397326116474378,37.67201820480281,0,0,10
coco,23,101,gp_ei,10,0.0643891085147402,-0.5081835892791311,0.5584480613378024,5,0,5
coco,23,102,gp_ei,10,0.1334818695653155,-0.17306055376162335,0.49276056939170715,4,0,6
coco,24,101,gp_ei,10,1.7072922805680946,-15.10482075293837,15.716349907540284,4,0,6
coco,24,102,gp_ei,10,-7.743057510177499,-18.821024175728027,1.6817138305767385,7,0,3
coco,3,101,gp_ei,10,3.2103395633781076,-16.3464431114257,25.070061061781907,6,0,4
coco,3,102,gp_ei,10,6.758198996693227,-15.747368812646114,29.62114260592705,4,0,6
coco,4,101,gp_ei,10,88.15168042057883,44.57395304045032,128.47221913900862,2,0,8
coco,4,102,gp_ei,10,53.06795024187377,28.460291268981333,75.9473719294671,2,0,8
coco,5,101,gp_ei,10,41.23510702256734,32.44409121516821,50.78038378603418,0,0,10
coco,5,102,gp_ei,10,41.08214888090198,35.81629615339107,47.026428748312966,0,0,10
coco,6,101,gp_ei,10,31503.123345551332,13973.768767684653,53678.76391011007,0,0,10
coco,6,102,gp_ei,10,734.6246724938338,10.380583415187461,1810.3475811905962,2,0,8
coco,7,101,gp_ei,10,49.18193741057813,35.88398132688558,62.746894703668204,0,0,10
coco,7,102,gp_ei,10,62.356236678857385,48.26513994524514,80.02995471984589,0,0,10
coco,8,101,gp_ei,10,2507.8895603374267,1152.6960380641326,3972.744868759343,0,0,10
coco,8,102,gp_ei,10,1635.343502678318,630.6538871804867,2542.689932037456,1,0,9
coco,9,101,gp_ei,10,-371.31286776387356,-665.9213306281017,-164.7028293335428,10,0,0
coco,9,102,gp_ei,10,-206.69950831377832,-303.79782804927345,-118.19742761613757,10,0,0
