dimension,fid,instance,budget,method,n,mean,std,median,minimum,maximum
20,1,101,300,anchor_only,10,77.56561951119343,5.595916400210067,78.14774750307046,67.0888237482026,84.59955206362199
20,1,101,300,cma_es,10,-9.162895966932343,7.8771511065149955,-9.292789490245625,-20.80463991998561,3.2292680785934
20,1,101,300,de,10,45.83619026587108,14.118176187582257,45.19583849117211,27.11275626670755,67.66346833836971
20,1,101,300,full,10,39.525118862710166,13.880591519808807,42.302499234804515,10.86454521385714,56.88338711711992
20,1,101,300,full_transferred_residual,10,39.87664138827904,13.842631916512714,42.571690969385614,11.375437029681898,57.00875297435653
20,1,101,300,no_residual,10,39.50184239114824,14.078506353167155,42.24073470225934,10.02437102466716,57.08460382766193
20,1,101,600,anchor_only,10,77.56561951119343,5.595916400210069,78.14774750307046,67.0888237482026,84.59955206362199
20,1,101,600,cma_es,10,-22.13544826629039,1.0337714166617038,-22.174555166220586,-23.42280156479454,-20.295918309939758
20,1,101,600,de,10,20.128174146277996,10.079936525407645,19.13251771603241,8.587638050098732,33.878034156125935
20,1,101,600,full,10,29.074215077625333,14.432562764671312,23.773063354091544,13.777502789916989,55.970923026151006
20,1,101,600,full_transferred_residual,10,29.419491471370566,13.48766277297747,25.949318723773935,14.331089289095864,56.29859274354694
20,1,101,600,no_residual,10,28.996701165891004,14.592544292910965,24.55488490096978,12.79641721304639,55.970923026151006
20,1,102,300,anchor_only,10,1126.8218279703574,10.858962909348334,1130.2681405046783,1111.2654714516011,1142.3538809621073
20,1,102,300,cma_es,10,1014.9520112527429,3.535127998422207,1014.0471508920276,1010.3526450725196,1020.648323406794
20,1,102,300,de,10,1087.5405721423372,20.395596305453477,1094.360503778878,1054.8434894048646,1109.896282427389
20,1,102,300,full,10,1077.63987772256,17.081170417584055,1074.4048911387536,1053.868014454588,1104.854047532247
20,1,102,300,full_transferred_residual,10,1077.6626495378728,16.883178966326287,1074.5950780871635,1053.8680748468184,1104.629424184099
20,1,102,300,no_residual,10,1077.308142651714,16.691541807688584,1074.5221628106763,1054.0687654316118,1104.854047532247
20,1,102,600,anchor_only,10,1126.8218279703574,10.858962909348334,1130.2681405046783,1111.2654714516011,1142.3538809621073
20,1,102,600,cma_es,10,1001.9008905870799,1.0367852855614519,1001.5799367466986,1000.8660506752672,1004.1604459233596
20,1,102,600,de,10,1050.8655642487024,16.12119006754839,1049.9169675975177,1028.569611353499,1080.607769138589
20,1,102,600,full,10,1064.583324097609,22.131123958035374,1060.751592086291,1041.0634932616274,1107.5965231261714
20,1,102,600,full_transferred_residual,10,1064.559725334117,22.367248145965224,1059.8759851613886,1036.8106948307568,1107.5965231261714
20,1,102,600,no_residual,10,1064.583324097609,22.131123958035374,1060.751592086291,1041.0634932616274,1107.5965231261714
20,2,101,300,anchor_only,10,1922526.3875066899,415764.40675884654,1858176.8243333665,1216205.6970725,2565362.9368691253
20,2,101,300,cma_es,10,462016.1396098559,251741.43088802695,461173.84683912876,95065.52509008808,1006877.8828163744
20,2,101,300,de,10,1063967.727873122,287873.08018920035,1133827.0276986938,497300.7091317854,1465882.659353773
20,2,101,300,full,10,880311.5214214096,455375.13913315785,767448.7185187825,366942.6158301997,1663009.0661974095
20,2,101,300,full_transferred_residual,10,863541.8416729303,476646.0536387709,749923.6887332258,340459.84469946986,1663009.0661974095
20,2,101,300,no_residual,10,873992.5761054403,476754.7812310043,748541.82027571,368383.7793726315,1725188.1381552117
20,2,101,600,anchor_only,10,1922526.3875066899,415764.40675884654,1858176.8243333665,1216205.6970725,2565362.9368691253
20,2,101,600,cma_es,10,196848.83925057604,115506.40806041002,171381.1275100984,88188.19677137885,476078.9123612472
20,2,101,600,de,10,435895.4765059388,154688.28126216625,409084.0830766112,290097.3599691943,806385.556351831
20,2,101,600,full,10,766198.0322252739,377859.2754715433,729493.8469723384,306841.9389797157,1637872.411611328
20,2,101,600,full_transferred_residual,10,765408.3831482738,379294.30001465086,729493.8469723384,299120.3530969899,1637872.411611328
20,2,101,600,no_residual,10,765408.3831482738,379294.30001465086,729493.8469723384,299120.3530969899,1637872.411611328
20,2,102,300,anchor_only,10,2419234.766621278,1233562.084915711,2299684.632795319,682801.1950918444,5042860.583166716
20,2,102,300,cma_es,10,508991.4793209679,175707.76629709074,510092.46057403204,272728.9374005328,734216.6076450542
20,2,102,300,de,10,1134089.5135065732,410423.4561651566,1203319.385462972,396001.3965530683,1705556.4689168483
20,2,102,300,full,10,518141.4061092831,232171.3798935059,426336.6752079452,257232.60569432128,851683.7678074302
20,2,102,300,full_transferred_residual,10,519573.06673379696,208075.54278260766,469408.641332131,237533.7249099791,864532.3256263105
20,2,102,300,no_residual,10,537253.0960567085,220422.8026592076,500721.72713745997,232899.9270582764,857793.3273493339
20,2,102,600,anchor_only,10,2419234.766621278,1233562.084915711,2299684.632795319,682801.1950918444,5042860.583166716
20,2,102,600,cma_es,10,266614.71328439825,150507.21947143684,213812.0731424246,113539.26305816745,556079.9562527973
20,2,102,600,de,10,525353.885151847,184469.3256292464,515921.17246721487,237060.3588984669,836659.9496058518
20,2,102,600,full,10,632148.8196683916,310576.25022264465,580541.1616800574,252305.3615442445,1213846.6957381645
20,2,102,600,full_transferred_residual,10,646411.2999032612,284043.7615241798,613665.1831853768,256987.138137543,1179499.1016520865
20,2,102,600,no_residual,10,647989.4458068323,281707.71725045395,606390.1397352284,300378.3679696234,1179499.1016520865
20,3,101,300,anchor_only,10,794.7831627397402,79.17170725000128,801.7486335797558,692.0728574695452,912.4240601476226
20,3,101,300,cma_es,10,368.66847536958426,41.62413307144212,356.1736656308373,324.7357907930488,438.44940282221273
20,3,101,300,de,10,608.402039618423,70.11135147168919,624.5039601541685,464.7474338046672,685.2814142204113
20,3,101,300,full,10,565.5877090620081,119.29563582470608,592.0864723873765,400.1678573896276,719.2697618048
20,3,101,300,full_transferred_residual,10,559.3744538259498,126.34231165637867,544.6102766401118,393.73820862996416,759.9153883490831
20,3,101,300,no_residual,10,572.5079317070677,113.29864808843648,590.2377408030611,400.1678573896276,719.2697618048
20,3,101,600,anchor_only,10,794.7831627397402,79.17170725000128,801.7486335797558,692.0728574695452,912.4240601476226
20,3,101,600,cma_es,10,297.43888832652294,23.8713991536525,293.9438514248669,270.5477483351343,336.31758499531657
20,3,101,600,de,10,467.68971763865363,53.93408819689509,462.02849657281024,394.2224545435818,574.6805697969858
20,3,101,600,full,10,555.7666917985014,108.96538673517198,556.2145390860308,388.8366222505472,698.2088871582916
20,3,101,600,full_transferred_residual,10,553.3849928567387,110.60394449541445,556.2145390860308,388.8366222505472,698.2088871582916
20,3,101,600,no_residual,10,555.7666917985014,108.96538673517198,556.2145390860308,388.8366222505472,698.2088871582916
20,3,102,300,anchor_only,10,698.3729623944399,41.3007237574579,691.0442004590859,642.484024601633,776.8305010849729
20,3,102,300,cma_es,10,340.177181077236,38.50863840691838,344.18885913413936,284.3343423119706,408.4601194114248
20,3,102,300,de,10,612.4642025104247,82.42476345120784,617.8910990250259,510.0775098332069,743.7802934991381
20,3,102,300,full,10,548.6881212358978,53.73632366134403,552.0797201933028,458.34402069042864,622.6992171834383
20,3,102,300,full_transferred_residual,10,546.4778609225614,50.64198865578317,544.6235061588998,477.8163165137249,614.3757214438721
20,3,102,300,no_residual,10,550.1066977366984,52.971121293296484,552.0797201933028,458.34402069042864,622.6992171834383
20,3,102,600,anchor_only,10,698.3729623944399,41.3007237574579,691.0442004590859,642.484024601633,776.8305010849729
20,3,102,600,cma_es,10,283.82656801722004,26.09250940400805,283.6940184540815,239.9178663791516,324.6290958780627
20,3,102,600,de,10,503.51123157129257,62.82251838803921,502.6194855867904,400.0475291856294,647.6697483995422
20,3,102,600,full,10,530.7936723700786,54.61183670050735,518.603636501259,451.5722785627179,599.9474677804127
20,3,102,600,full_transferred_residual,10,530.7936723700786,54.61183670050735,518.603636501259,451.5722785627179,599.9474677804127
20,3,102,600,no_residual,10,530.7936723700786,54.61183670050735,518.603636501259,451.5722785627179,599.9474677804127
20,4,101,300,anchor_only,10,727.2970088428128,13.543200109497871,729.1285074487585,699.6235724869118,747.0798723044552
20,4,101,300,cma_es,10,474.1286928441821,54.39324268859694,470.12811394854486,408.4591791954872,564.5102753343747
20,4,101,300,de,10,757.7328694442848,80.42737642474042,768.0942710419672,611.8055658849614,901.692833624992
20,4,101,300,full,10,655.5288259686139,26.66404398079124,648.6216053194595,618.8401167501119,689.6082591618729
20,4,101,300,full_transferred_residual,10,656.0241490145843,35.05050552332877,662.901294224262,584.910915797018,707.7496829010631
20,4,101,300,no_residual,10,664.7795116292621,27.01576607486323,656.6276561678908,623.7737180673638,711.3386618005254
20,4,101,600,anchor_only,10,727.2970088428128,13.543200109497871,729.1285074487585,699.6235724869118,747.0798723044552
20,4,101,600,cma_es,10,354.5518248415816,33.94706417499318,340.41104575348254,323.5377851928071,420.7897662056045
20,4,101,600,de,10,657.0246533953047,67.18973775839855,670.8954828183728,548.8174459523595,760.3313892783251
20,4,101,600,full,10,629.5297137708283,24.541286802756133,636.7227416628683,594.6651736912646,659.1482435018997
20,4,101,600,full_transferred_residual,10,629.5297137708283,24.541286802756133,636.7227416628683,594.6651736912646,659.1482435018997
20,4,101,600,no_residual,10,629.5297137708283,24.541286802756133,636.7227416628683,594.6651736912646,659.1482435018997
20,4,102,300,anchor_only,10,733.8847009665857,29.029946451974126,734.7315160565294,687.8384403084565,774.5618607791615
20,4,102,300,cma_es,10,469.72411007377025,105.30307430496228,450.8059478427967,322.03720926193284,658.8095399620961
20,4,102,300,de,10,723.9956006328806,68.07314538219525,720.2123880462216,620.2618595146563,884.193766480232
20,4,102,300,full,10,654.8724486172525,40.54853801006722,650.5048071870874,602.3047183661064,728.6810078868874
20,4,102,300,full_transferred_residual,10,654.1190823792325,36.32734316958725,644.1322144263751,607.8165092118471,725.6112804612443
20,4,102,300,no_residual,10,650.4652740260833,40.36144385522884,644.1322144263751,602.3047183661064,728.6810078868874
20,4,102,600,anchor_only,10,733.8847009665857,29.029946451974126,734.7315160565294,687.8384403084565,774.5618607791615
20,4,102,600,cma_es,10,341.98321074616706,36.824429293358264,324.7193246182611,301.2629182006873,410.1258005719726
20,4,102,600,de,10,573.8008065459115,68.01159866023366,590.6318530357046,472.6090719430661,669.3218035992323
20,4,102,600,full,10,620.1978364912536,32.67037923560497,613.7070764356467,567.5159398169935,676.4733577721776
20,4,102,600,full_transferred_residual,10,620.1978364912536,32.67037923560497,613.7070764356467,567.5159398169935,676.4733577721776
20,4,102,600,no_residual,10,620.1978364912536,32.67037923560497,613.7070764356467,567.5159398169935,676.4733577721776
20,5,101,300,anchor_only,10,-752.006683232561,21.59248138424662,-751.4995910120283,-794.2999664158076,-722.7966609226672
20,5,101,300,cma_es,10,-933.0076968771673,12.1960970871082,-931.5753433159837,-950.362870641938,-910.6237346331728
20,5,101,300,de,10,-787.3277752378868,19.704403468219535,-789.7700727238882,-830.06311339649,-757.8988304738144
20,5,101,300,full,10,-858.768455509968,21.392381131959404,-862.1598633503704,-896.3558166371079,-822.6736139768243
20,5,101,300,full_transferred_residual,10,-858.8325675450151,21.425500372829433,-862.364890674036,-896.3558166371079,-822.6736139768243
20,5,101,300,no_residual,10,-858.7409408982579,21.40309744767487,-862.1162836670248,-896.3558166371079,-822.6736139768243
20,5,101,600,anchor_only,10,-752.006683232561,21.59248138424662,-751.4995910120283,-794.2999664158076,-722.7966609226672
20,5,101,600,cma_es,10,-977.0775576947959,9.805742446669754,-978.819790022636,-988.6273874534354,-959.9075408709396
20,5,101,600,de,10,-834.238688511767,13.522381960431327,-834.0488495848851,-860.3579464097547,-814.5224996346495
20,5,101,600,full,10,-892.1140767349509,30.030636699924727,-897.330451841205,-925.5298237862976,-835.0646885993316
20,5,101,600,full_transferred_residual,10,-892.0851655996178,30.071613635930767,-897.2267134856538,-925.6162217121692,-835.0646885993316
20,5,101,600,no_residual,10,-891.909017079236,29.887855437182946,-897.330451841205,-925.5298237862976,-834.901329511415
20,5,102,300,anchor_only,10,131.91510148110675,13.511454297199123,131.9757608797761,111.05792959886222,149.87612420413706
20,5,102,300,cma_es,10,-23.215230831025863,18.47002407009119,-23.39873534429625,-51.38636352394201,13.202298703735565
20,5,102,300,de,10,98.44561215500013,12.404326570255572,100.39418056587246,71.87133587532034,112.6399898573633
20,5,102,300,full,10,26.86941448385601,33.954787120342345,27.2490851050797,-18.973674824590542,79.98176579084125
20,5,102,300,full_transferred_residual,10,26.80806015978002,33.94428023878765,27.2490851050797,-18.7767364679132,79.98176579084125
20,5,102,300,no_residual,10,26.63335071090342,33.94103973562623,26.58348445075876,-18.7767364679132,79.98176579084125
20,5,102,600,anchor_only,10,131.91510148110675,13.511454297199123,131.9757608797761,111.05792959886222,149.87612420413706
20,5,102,600,cma_es,10,-75.64239718739815,8.535500004735962,-74.62251378256367,-88.08699291724582,-59.88474304722332
20,5,102,600,de,10,64.48670434431719,9.745362153305853,64.01487019183196,49.65311702876741,82.38273796125287
20,5,102,600,full,10,-2.2880012236692138,24.438830632418405,-6.600603528915492,-37.37165634037403,40.81471466813318
20,5,102,600,full_transferred_residual,10,-1.5823630095092198,23.478942298239023,-7.4017557195470545,-29.30821827754633,40.68378735546804
20,5,102,600,no_residual,10,-7.557115750575846,26.555689602378756,-16.727393987980122,-41.34147325372949,40.34969017379075
20,6,101,300,anchor_only,10,230200.38923610724,74144.56076797721,258418.90778516204,122698.37129038353,330289.5552693916
20,6,101,300,cma_es,10,466.83307484586675,380.02668309329914,304.0052091196037,215.51966573857945,1261.379834959106
20,6,101,300,de,10,83135.70719183722,44481.47878240393,74406.66592873032,20377.94897094857,176163.62858765924
20,6,101,300,full,10,64437.6776753301,35910.72286708888,62778.65395295508,15131.72215384406,112818.3093943105
20,6,101,300,full_transferred_residual,10,67584.06509702445,33083.61435514418,63052.83520169925,15131.72215384406,112818.3093943105
20,6,101,300,no_residual,10,66106.54465602615,34343.93017192349,62000.91863253755,15131.72215384406,112818.3093943105
20,6,101,600,anchor_only,10,230200.38923610724,74144.56076797721,258418.90778516204,122698.37129038353,330289.5552693916
20,6,101,600,cma_es,10,174.70233514735787,60.91833111298044,154.03959477958975,113.30848339812655,279.15684395332084
20,6,101,600,de,10,31578.36676375525,12778.976163230614,33198.69695541984,9819.743017509643,54640.1483586308
20,6,101,600,full,10,36697.8499962104,24432.142405388357,35373.379959626705,6776.785164009957,64685.2127919787
20,6,101,600,full_transferred_residual,10,34507.55145263755,21901.806992855567,32475.545076652532,6776.785164009957,64685.2127919787
20,6,101,600,no_residual,10,34258.09820599176,22153.94147962225,32475.545076652532,6776.785164009957,64685.2127919787
20,6,102,300,anchor_only,10,329719.5767904405,102684.26795488744,350530.66364388325,133845.4315096346,449004.3316248538
20,6,102,300,cma_es,10,225.16658399295156,30.5324361372954,221.98895033069795,189.7386061816368,302.90164475285275
20,6,102,300,de,10,186404.16800379657,62135.666850076326,181491.34464279847,124111.84161101376,298067.283396342
20,6,102,300,full,10,164703.54936778572,80093.79904445575,164249.66282108886,19980.686174145438,313499.61855270225
20,6,102,300,full_transferred_residual,10,161203.3592830534,83265.05275488453,164249.66282108886,19980.686174145438,313499.61855270225
20,6,102,300,no_residual,10,164506.14910128148,80279.63210931765,164249.66282108886,19980.686174145438,313499.61855270225
20,6,102,600,anchor_only,10,329719.5767904405,102684.26795488744,350530.66364388325,133845.4315096346,449004.3316248538
20,6,102,600,cma_es,10,136.64347295312228,28.00458458585935,129.86964194694855,90.59608066913258,201.66185401719517
20,6,102,600,de,10,63546.16700749033,15546.3745799909,64170.317354859246,35816.13385745007,96869.178804951
20,6,102,600,full,10,122753.85999415834,59699.489474687376,126950.99509656095,22595.44657826424,218135.44498583625
20,6,102,600,full_transferred_residual,10,120279.192392718,64365.04002425595,126950.99509656095,7779.271798422231,218135.44498583625
20,6,102,600,no_residual,10,120279.192392718,64365.04002425595,126950.99509656095,7779.271798422231,218135.44498583625
20,7,101,300,anchor_only,10,532.3758706643633,285.23052120339946,469.2937386018224,173.90808275061303,1091.6817632342716
20,7,101,300,cma_es,10,-83.73092786257345,59.328815908232194,-105.02998617032293,-142.85945303805286,24.54308315497096
20,7,101,300,de,10,209.240721119969,119.99737771601995,216.9871213759211,4.545311290260855,353.5582262927636
20,7,101,300,full,10,123.11481642726895,215.02709665740016,30.973721058633686,-72.52458585810442,624.4903981157731
20,7,101,300,full_transferred_residual,10,133.7986207535384,211.33125498305566,68.02009947580595,-72.52458585810442,624.4903981157731
20,7,101,300,no_residual,10,113.51503451977464,209.41397952894056,22.32782843248677,-72.52458585810442,584.7899172890291
20,7,101,600,anchor_only,10,532.3758706643633,285.23052120339946,469.2937386018224,173.90808275061303,1091.6817632342716
20,7,101,600,cma_es,10,-169.1786920214054,21.59499609729787,-174.77691959432647,-192.25322787541316,-128.776884635353
20,7,101,600,de,10,37.241075527920785,46.102055855410384,38.0020190474407,-36.69587980186191,99.24117589453223
20,7,101,600,full,10,197.26014784209332,239.61209109934404,162.5378177429414,-58.83258947233003,774.4073338324441
20,7,101,600,full_transferred_residual,10,180.00257988172547,248.05368759288658,117.60743932178676,-30.395323019383568,774.4073338324441
20,7,101,600,no_residual,10,168.6520371059699,250.17469568741143,57.98791399879899,-36.510896656320085,774.4073338324441
20,7,102,300,anchor_only,10,405.30369385922774,107.44731410737307,401.97824945874174,234.59820723836756,556.5002842590476
20,7,102,300,cma_es,10,-182.27862895498134,75.5444021845623,-186.3578165587109,-266.205554394515,-15.721073363439077
20,7,102,300,de,10,90.12693766606964,118.63460098442455,79.40497032519781,-78.87207256762557,262.0734278273508
20,7,102,300,full,10,-17.82457251312069,109.04899716830624,-32.392263973583,-172.05334368278906,164.09221404492035
20,7,102,300,full_transferred_residual,10,-15.017013919628132,108.01167822844222,-20.71607394151286,-167.97774334550877,164.09221404492035
20,7,102,300,no_residual,10,-22.03121748740396,101.60221634196772,-32.392263973583,-174.03319313363116,140.4229888546053
20,7,102,600,anchor_only,10,405.30369385922774,107.44731410737307,401.97824945874174,234.59820723836756,556.5002842590476
20,7,102,600,cma_es,10,-267.74483150392047,29.197634973856868,-273.66831910385486,-297.00464358285745,-194.40921832175667
20,7,102,600,de,10,-31.551274073233248,62.35344269983383,-37.065749625443345,-109.71793373607284,85.16075859243944
20,7,102,600,full,10,21.406968895962812,129.19153714496758,-14.344247380223408,-159.52900834695456,228.47712256537957
20,7,102,600,full_transferred_residual,10,23.819709145921156,107.88538195568972,13.219046930942993,-107.8768637647708,231.0460238473712
20,7,102,600,no_residual,10,36.23408976968279,111.05846543271053,19.96744345887828,-102.11020500376408,231.0460238473712
20,8,101,300,anchor_only,10,69671.27895784745,11037.253484622945,68247.4366594865,55939.89161547478,84295.06053594296
20,8,101,300,cma_es,10,3032.4605127419536,1305.300743776179,3609.7097877584756,920.6171489136312,4309.967695301773
20,8,101,300,de,10,90670.73390768687,28370.674009157894,85169.93196785104,57310.15438016001,138727.8595993324
20,8,101,300,full,10,37253.94997558986,6024.334715475014,37572.734169047864,27443.92088324708,47105.3490589649
20,8,101,300,full_transferred_residual,10,36862.1408449149,5219.76682476259,36909.53739329245,28207.004995389205,44628.266817381766
20,8,101,300,no_residual,10,41193.63055783007,4036.6259461838386,40252.570740823096,34552.783972648016,47105.3490589649
20,8,101,600,anchor_only,10,69671.27895784745,11037.253484622946,68247.4366594865,55939.89161547478,84295.06053594296
20,8,101,600,cma_es,10,422.78888296699415,255.10084204760122,431.13363642347326,89.48162300116142,849.4515114386791
20,8,101,600,de,10,27954.19315875692,9712.912683736475,27803.198342711963,10274.624830453047,41700.73609490608
20,8,101,600,full,10,30089.537205719032,6449.295197659561,30007.900974034463,19141.481366961376,43290.419848132165
20,8,101,600,full_transferred_residual,10,30332.943072047325,6021.963817899335,30007.900974034463,21575.540030244272,43290.419848132165
20,8,101,600,no_residual,10,30327.281102808694,6022.6091937785395,29979.59112784131,21575.540030244272,43290.419848132165
20,8,102,300,anchor_only,10,45445.83393552593,6735.868719782256,44624.124864402605,37412.81715405321,57915.60548702383
20,8,102,300,cma_es,10,2501.1341392876025,1440.2215092167423,2356.8951396440307,722.4463769957322,5430.410579353304
20,8,102,300,de,10,51297.73660161132,17160.254541387054,49304.586263822246,28724.2832300264,82899.79862448509
20,8,102,300,full,10,19948.632064935482,6825.040798514622,19584.56341473559,9071.95891821578,30816.719782535434
20,8,102,300,full_transferred_residual,10,19982.828794642137,7032.50208949722,19998.48371220417,8710.61589191196,30846.56101894544
20,8,102,300,no_residual,10,21572.20526521352,9310.19924979749,19882.292328355445,10177.011915960764,38447.56807660496
20,8,102,600,anchor_only,10,45445.83393552593,6735.868719782256,44624.124864402605,37412.81715405321,57915.60548702383
20,8,102,600,cma_es,10,315.4010845368903,195.33113236147673,239.00878833199423,134.2182440431821,702.4442220152437
20,8,102,600,de,10,23478.950504978806,9388.617540314326,22926.882251793744,11227.681783646123,39521.796324624105
20,8,102,600,full,10,13235.070835131002,7322.866669316323,11236.120229053187,6040.697105701436,29906.29152573986
20,8,102,600,full_transferred_residual,10,13335.121076395353,7226.246843804873,11236.120229053187,6040.697105701436,29906.29152573986
20,8,102,600,no_residual,10,13335.121076395353,7226.246843804873,11236.120229053187,6040.697105701436,29906.29152573986
20,9,101,300,anchor_only,10,-7.155010178223425,0.10846290532020063,-7.115257494873774,-7.369454906400264,-7.047522894173923
20,9,101,300,cma_es,10,431.1971500685909,252.12711015055748,379.5270411307838,126.3733435708432,871.8334945903825
20,9,101,300,de,10,34733.47682411189,11058.096165800032,39317.84866051309,14598.172082602789,48199.96979513434
20,9,101,300,full,10,-9.461017191526826,1.9307342712913875,-9.438523466933965,-12.87564281087566,-7.095542893345225
20,9,101,300,full_transferred_residual,10,-9.682089443719178,1.9756622724274793,-9.550322505373586,-12.539438737955052,-7.105311648668319
20,9,101,300,no_residual,10,-9.123130870999821,1.6700153653172267,-8.94533936617566,-11.688052465461496,-7.1520833012650655
20,9,101,600,anchor_only,10,-7.155010178223425,0.10846290532020063,-7.115257494873774,-7.369454906400264,-7.047522894173923
20,9,101,600,cma_es,10,-42.26899181198382,38.960308625288484,-47.78752810686315,-100.42462715949532,19.680367420358834
20,9,101,600,de,10,18900.302561127246,6893.7875384999,17082.511867697765,10542.415027444358,32758.632572985734
20,9,101,600,full,10,-11.753727917245188,3.81055415687492,-10.922516067240856,-17.83748243028805,-7.049995336861088
20,9,101,600,full_transferred_residual,10,-11.89034199590489,4.156461113503586,-10.266598424101382,-17.45580131790375,-7.049995336861088
20,9,101,600,no_residual,10,-11.27848399705359,3.4929017286551214,-10.20611074995788,-17.43012794376307,-7.049995336861088
20,9,102,300,anchor_only,10,617.8912414515703,0.0651338411359834,617.9067383326883,617.782880326029,617.9702994297012
20,9,102,300,cma_es,10,1173.488334609614,362.4291787410719,1101.311512481098,671.8734743979977,1778.4391072060555
20,9,102,300,de,10,39332.82836856866,17126.86046726197,35954.12606750315,15708.683573800012,66924.05664337751
20,9,102,300,full,10,615.2747063868292,1.5701135796513808,615.3370838601534,612.3856351914957,617.9590597667582
20,9,102,300,full_transferred_residual,10,615.3554966187867,1.3031762850990085,615.1196855603589,613.9439401029709,617.782880326029
20,9,102,300,no_residual,10,616.3899068310665,1.1461651504205332,616.0824679616894,615.0627527959525,617.9702994297012
20,9,102,600,anchor_only,10,617.8912414515703,0.0651338411359834,617.9067383326883,617.782880326029,617.9702994297012
20,9,102,600,cma_es,10,578.8876149960004,58.22914069037297,553.07062233635,546.1881696861883,727.2548053666104
20,9,102,600,de,10,23968.936779084637,10497.631526872545,23334.860050481293,9664.639321058625,42353.81183062672
20,9,102,600,full,10,613.7172242501974,3.4657060128637767,614.4244599627697,607.4761535131765,617.9175445357405
20,9,102,600,full_transferred_residual,10,614.0558178992908,3.3849961610250694,614.4846226538804,607.5958814910015,617.9175445357405
20,9,102,600,no_residual,10,613.9376040777321,3.3390686531948885,614.4244599627697,607.4761535131765,617.9175445357405
20,10,101,300,anchor_only,10,2888841.524906422,780038.6060451163,2846978.757788053,1145081.0500230026,3946321.936606147
20,10,101,300,cma_es,10,511415.72821405565,262900.73776734824,411008.5443505951,234470.68947587305,1103262.3444249523
20,10,101,300,de,10,1352718.5225893375,659644.0586604099,1164300.5507954375,656147.1553449604,2800100.576376796
20,10,101,300,full,10,812064.1225096263,278650.3264617313,728443.9659303433,423673.9793176647,1332772.6536699673
20,10,101,300,full_transferred_residual,10,829565.754487351,355614.17252962943,709125.7855347826,423673.9793176647,1570349.3013524455
20,10,101,300,no_residual,10,834644.8593059903,321207.33396135195,744229.0068030076,531862.503444835,1569203.21506481
20,10,101,600,anchor_only,10,2888841.524906422,780038.6060451163,2846978.757788053,1145081.0500230026,3946321.936606147
20,10,101,600,cma_es,10,222560.0713652236,105007.74997942611,184586.20003518663,80029.0022669226,430537.7353070162
20,10,101,600,de,10,795509.7011048319,341129.7744760875,677522.0702737801,456567.45651906,1629681.7120984003
20,10,101,600,full,10,689032.888902839,494405.0576278585,448583.13643104606,262905.7322801769,1807787.0250657497
20,10,101,600,full_transferred_residual,10,697437.2982477025,514815.3662856868,519473.0086532207,261624.82157961497,1911702.9894269083
20,10,101,600,no_residual,10,692195.7063160011,517204.1724423893,454579.1498210755,266308.8506571644,1911702.9894269083
20,10,102,300,anchor_only,10,3856642.0405413406,1964164.5505630863,3530590.2423773124,1201025.6753585327,7506070.722259998
20,10,102,300,cma_es,10,490431.8340737053,205354.75779658477,521019.18689212,147084.3081756417,732451.7089729611
20,10,102,300,de,10,1868042.6719381525,953053.8767688532,1473000.5910925416,991923.1807398718,3532172.936135566
20,10,102,300,full,10,1294816.722638814,802505.4814602189,1023344.5509021794,547204.2504893277,2744657.4420431065
20,10,102,300,full_transferred_residual,10,1250949.2394182212,827967.6344199656,1022434.4392257051,359454.2330810873,2744657.4420431065
20,10,102,300,no_residual,10,1290039.6714719457,799086.7318977306,968220.0387925754,366867.5087556047,2744657.4420431065
20,10,102,600,anchor_only,10,3856642.0405413406,1964164.5505630863,3530590.2423773124,1201025.6753585327,7506070.722259998
20,10,102,600,cma_es,10,208366.31369411273,95615.70838885516,188911.74984271947,108577.60053439625,436436.14316649945
20,10,102,600,de,10,1102078.385553514,583418.8218577108,1012061.2028500412,464459.19208967045,2145386.5476531056
20,10,102,600,full,10,798604.8524113249,469787.31877627544,746200.7083311352,182137.29953990207,1784737.2881227082
20,10,102,600,full_transferred_residual,10,790347.926039542,456535.75437345024,749976.7442675892,182137.29953990207,1721070.264329588
20,10,102,600,no_residual,10,832765.2086010994,501316.8456535281,687564.504119607,248950.3896822652,1721070.264329588
20,11,101,300,anchor_only,10,3860.244092476269,3659.457244290618,2250.0192345770265,303.93081053653094,9457.350612100132
20,11,101,300,cma_es,10,350.2687074339346,127.71166038670292,338.7295797251342,186.80765107190228,637.0266406971814
20,11,101,300,de,10,858.6148524266407,864.9179944080493,495.39191190118424,303.93081053653793,3178.040431679464
20,11,101,300,full,10,697.2501274774122,533.6081358177933,547.6452104163218,184.75434842501303,1872.4345993281916
20,11,101,300,full_transferred_residual,10,697.2501274774122,533.6081358177933,547.6452104163218,184.75434842501303,1872.4345993281916
20,11,101,300,no_residual,10,699.4719650955444,535.2618077111277,547.6452104163218,184.75434842501303,1872.4345993281916
20,11,101,600,anchor_only,10,3860.244092476269,3659.457244290618,2250.0192345770265,303.93081053653094,9457.350612100132
20,11,101,600,cma_es,10,264.9481679668886,68.22905066832547,256.0151377118932,182.22492741147312,413.3037705786522
20,11,101,600,de,10,337.31304698217104,86.07778336049643,355.8245345599737,162.89739336761068,457.5888232390719
20,11,101,600,full,10,327.3814415184113,157.12545070463946,283.91985581209246,166.60563313919175,747.0285580182361
20,11,101,600,full_transferred_residual,10,279.35024290722833,54.42824932295664,272.9658358118262,166.60563313919175,362.6485812401044
20,11,101,600,no_residual,10,333.40429920466005,197.4332115472955,263.1764984745654,191.78043045133535,747.0285580182361
20,11,102,300,anchor_only,10,6377.522426389858,12824.896091075681,160.03009229558018,-452.9623001292524,36228.88658954373
20,11,102,300,cma_es,10,-428.2199588116823,175.468087078214,-493.0847493805504,-588.7749751944656,-10.037560031718613
20,11,102,300,de,10,-301.14337701629427,225.93952301150628,-393.43619800776037,-579.5726974770791,18.100294084929374
20,11,102,300,full,10,-72.32565842965165,519.1779381703861,-262.797257884108,-583.0817387589557,1089.18660781341
20,11,102,300,full_transferred_residual,10,-151.23926321280032,514.2723434727133,-338.6893980963048,-583.0817387589557,1089.18660781341
20,11,102,300,no_residual,10,359.44976857151323,1871.9189678232253,-338.6893980963048,-583.0817387589557,5512.168329245288
20,11,102,600,anchor_only,10,6377.522426389858,12824.896091075681,160.03009229558018,-452.9623001292524,36228.88658954373
20,11,102,600,cma_es,10,-518.5045873652347,41.43867969070818,-503.16694650484067,-588.7749751944656,-474.9677530435976
20,11,102,600,de,10,-491.3097268298087,51.45156040631623,-491.52976361467154,-579.5726974770791,-402.0920019290512
20,11,102,600,full,10,-411.84372454660354,149.34850142035936,-413.9872301474149,-605.6402595979948,-171.87442648050876
20,11,102,600,full_transferred_residual,10,-429.44211500862923,178.27927414528793,-484.5418555107169,-605.6402595979948,-86.12634319239669
20,11,102,600,no_residual,10,-298.1397011724797,426.107679756107,-449.3878155904598,-563.867265700662,859.8188581305728
20,12,101,300,anchor_only,10,146166039.64247775,18322266.681089055,140663521.22664863,122374882.04805364,173814706.6280944
20,12,101,300,cma_es,10,13319514.799210012,8074252.999343198,10555320.020818513,5701600.810814025,29374219.5808468
20,12,101,300,de,10,83260125.00569034,17382140.37542485,83512540.36759084,45108276.88677874,108896147.21863474
20,12,101,300,full,10,63050371.7938141,18437363.252903726,59292287.88811356,37131133.83783945,100535091.5547028
20,12,101,300,full_transferred_residual,10,62428439.524238154,16253941.019384844,59747182.539684154,37554842.9830409,96378640.3331987
20,12,101,300,no_residual,10,64333388.54478319,16694021.720951002,62024067.60259624,41056151.91812164,100535091.5547028
20,12,101,600,anchor_only,10,146166039.64247775,18322266.681089055,140663521.22664863,122374882.04805364,173814706.6280944
20,12,101,600,cma_es,10,1279391.0650486806,976685.8176237118,945457.2527180414,324811.4485282497,3186005.0900428896
20,12,101,600,de,10,60996227.74052985,10331729.705202362,62110241.68086802,45108276.88677874,73867107.93274073
20,12,101,600,full,10,52033094.54041101,16118677.550850552,57062997.4254625,24878479.6140273,69815779.54703276
20,12,101,600,full_transferred_residual,10,52245762.06526508,16204561.8889163,58780277.62047696,25211674.989954483,69642236.03054467
20,12,101,600,no_residual,10,51616872.37620136,15988282.129192557,57746353.80544004,25211674.989954483,69642236.03054467
20,12,102,300,anchor_only,10,86544865.65451223,3240802.642652031,87229570.07606512,80384666.76783258,90225162.69929393
20,12,102,300,cma_es,10,8329756.067540599,2562377.3682055944,8549344.501668992,3775171.106697888,12016163.150783503
20,12,102,300,de,10,84766625.3115837,17510487.851054773,80271828.87270172,63258330.97489539,114741784.92139275
20,12,102,300,full,10,70248896.86344457,3871502.9668440036,71140987.08985461,64520833.38992398,75252002.79900573
20,12,102,300,full_transferred_residual,10,70272266.28005114,3567754.1931239394,71850002.93119386,64520833.38992398,74172207.96668693
20,12,102,300,no_residual,10,70640194.11402307,4095783.925754237,71816698.34763809,64533673.47281359,75252002.79900573
20,12,102,600,anchor_only,10,86544865.65451223,3240802.642652031,87229570.07606512,80384666.76783258,90225162.69929393
20,12,102,600,cma_es,10,502833.52830172796,273776.96480515826,414507.79793993593,217582.30344002857,1076609.9399488154
20,12,102,600,de,10,63658262.60240595,18534944.983216807,61149720.7865639,36633146.83586868,96831101.8853826
20,12,102,600,full,10,50796873.24323587,4032088.4819384366,50158173.81844881,42776829.66450779,57550099.55189692
20,12,102,600,full_transferred_residual,10,50796873.24323587,4032088.4819384366,50158173.81844881,42776829.66450779,57550099.55189692
20,12,102,600,no_residual,10,50796873.24323587,4032088.4819384366,50158173.81844881,42776829.66450779,57550099.55189692
20,13,101,300,anchor_only,10,2042.771272311046,202.84332423928157,2098.4250259615037,1678.2150339531618,2268.954862584904
20,13,101,300,cma_es,10,729.5888369958083,131.89086955567848,683.3741276850308,523.6089684574208,975.1919827665092
20,13,101,300,de,10,1595.0727415857325,147.75934972754058,1641.146943368175,1326.3329374158243,1785.6588774973582
20,13,101,300,full,10,1458.5599941834319,222.81252850557792,1471.6461549559997,1134.396821826038,1898.260344558466
20,13,101,300,full_transferred_residual,10,1459.8026628368054,223.09635991152456,1471.6461549559997,1134.396821826038,1898.260344558466
20,13,101,300,no_residual,10,1459.3527346521382,221.86298660832935,1471.6461549559997,1134.396821826038,1898.260344558466
20,13,101,600,anchor_only,10,2042.771272311046,202.84332423928157,2098.4250259615037,1678.2150339531618,2268.954862584904
20,13,101,600,cma_es,10,314.7928055194985,106.15692178831729,316.36508781706556,153.04176071998893,536.4377835069279
20,13,101,600,de,10,1290.7685168590592,150.49864592744515,1284.1344256594066,1089.6590146487854,1555.975740849355
20,13,101,600,full,10,1338.749762607092,237.89923179408535,1239.355587789416,1097.654446762589,1756.2935419344053
20,13,101,600,full_transferred_residual,10,1339.2199036380907,238.0117713798993,1239.355587789416,1097.654446762589,1756.2935419344053
20,13,101,600,no_residual,10,1338.749762607092,237.89923179408535,1239.355587789416,1097.654446762589,1756.2935419344053
20,13,102,300,anchor_only,10,2101.6704427537106,122.53292391461572,2107.8680319169007,1857.5676021537024,2244.0519783826185
20,13,102,300,cma_es,10,758.9068502308603,102.7211191143774,772.6723787656124,631.6052829260997,928.9268729590852
20,13,102,300,de,10,1668.5140903365268,120.6802520037959,1709.7181983355367,1403.4194662043544,1836.7463378550492
20,13,102,300,full,10,1457.0662894661223,171.26787397852837,1513.645233522176,1112.3945697613212,1661.2358389117849
20,13,102,300,full_transferred_residual,10,1457.0662894661223,171.26787397852837,1513.645233522176,1112.3945697613212,1661.2358389117849
20,13,102,300,no_residual,10,1457.0662894661223,171.26787397852837,1513.645233522176,1112.3945697613212,1661.2358389117849
20,13,102,600,anchor_only,10,2101.6704427537106,122.53292391461572,2107.8680319169007,1857.5676021537024,2244.0519783826185
20,13,102,600,cma_es,10,342.46097977424284,58.97222454797409,338.84345137878677,240.9104779900885,426.82442172507535
20,13,102,600,de,10,1397.409649467033,139.62528349449647,1389.1084702518997,1189.131629275154,1664.0532661764446
20,13,102,600,full,10,1237.9108396323606,145.11920234245005,1197.8955399245779,1062.61796090931,1517.5843347447446
20,13,102,600,full_transferred_residual,10,1238.576379654391,144.04216553608836,1197.8955399245779,1062.61796090931,1516.740493414294
20,13,102,600,no_residual,10,1238.0466824440068,145.04711603005165,1197.8955399245779,1062.61796090931,1517.5843347447446
20,14,101,300,anchor_only,10,-47.96565002172146,9.85679591414955,-46.151484963751756,-62.96854029017987,-34.27677897342565
20,14,101,300,cma_es,10,-81.54533633987602,3.06141490231711,-81.59751216224656,-85.83929139029239,-75.76558104180943
20,14,101,300,de,10,-62.18128867922818,8.955275945822745,-61.62962206067148,-74.05507080565836,-47.68182127685616
20,14,101,300,full,10,-73.28452489858338,5.129368403470785,-71.31491781934363,-80.59539132674087,-67.52866143399933
20,14,101,300,full_transferred_residual,10,-72.043935582345,5.281281436156335,-71.09140979832415,-80.74159836176959,-64.57212844603652
20,14,101,300,no_residual,10,-73.64859512283029,5.592485891975973,-72.37832371100842,-81.89190240077981,-65.41200667609525
20,14,101,600,anchor_only,10,-47.96565002172146,9.856795914149549,-46.151484963751756,-62.96854029017987,-34.27677897342565
20,14,101,600,cma_es,10,-87.34624399821385,1.1682140032697306,-87.54520952899597,-88.6390061614999,-85.16156572523367
20,14,101,600,de,10,-71.71099025618832,3.4446759370629105,-72.99778186338038,-75.81440413668216,-65.3790499510225
20,14,101,600,full,10,-70.56542122361041,5.264558419991814,-70.74783568093045,-80.14371389675534,-61.19326279333556
20,14,101,600,full_transferred_residual,10,-70.93768866077036,5.8677397477265805,-71.77308030291422,-80.15093579386286,-61.04824441239914
20,14,101,600,no_residual,10,-70.98799572561673,5.589805198779187,-71.88396412002942,-80.12098653606856,-61.5184851841413
20,14,102,300,anchor_only,10,-294.52260050742984,5.911074875532587,-294.90995988778025,-305.8903981449544,-286.6298233681617
20,14,102,300,cma_es,10,-329.1754408345495,1.6967980361728323,-329.044873784655,-332.38112801179307,-326.83956646985297
20,14,102,300,de,10,-310.6211828352849,5.352885533859731,-309.0821772967007,-318.55019908192,-303.46296531578764
20,14,102,300,full,10,-316.1766610997368,5.6493557683641065,-315.2121686932394,-325.4157393149504,-308.7877603185663
20,14,102,300,full_transferred_residual,10,-316.1148718202924,5.773996950599033,-314.74896093424996,-325.4157393149504,-308.836327596342
20,14,102,300,no_residual,10,-315.91421758980624,6.172160581309115,-315.0209297088396,-325.4157393149504,-308.7877603185663
20,14,102,600,anchor_only,10,-294.52260050742984,5.911074875532587,-294.90995988778025,-305.8903981449544,-286.6298233681617
20,14,102,600,cma_es,10,-334.36039928143697,0.4349373729401738,-334.4266520621069,-335.0107581039543,-333.6060277947731
20,14,102,600,de,10,-317.82263777749324,2.92575305897195,-318.49173703995575,-321.24662985775024,-311.3957252778073
20,14,102,600,full,10,-321.41138460915084,3.907367675696846,-321.0264508684329,-328.4166828899481,-314.28859596007453
20,14,102,600,full_transferred_residual,10,-321.0282309323021,4.001322433959089,-320.58712760652327,-328.2823228754005,-314.28859596007453
20,14,102,600,no_residual,10,-320.83889777951157,3.1044751210381514,-321.02820029064986,-325.71792200998453,-314.28859596007453
20,15,101,300,anchor_only,10,1720.3076032233093,116.55230212665555,1720.9851705852466,1504.4202013501892,1880.537514319464
20,15,101,300,cma_es,10,1253.6699797126616,50.126509021694524,1263.6820484277919,1181.0003942950243,1317.484774011658
20,15,101,300,de,10,1524.7439009356333,71.45295161372668,1516.7377042280277,1400.7698747735778,1633.2349819695778
20,15,101,300,full,10,1521.7994814122708,156.84359514686187,1493.7968262908025,1318.9758468919028,1764.2925505647602
20,15,101,300,full_transferred_residual,10,1535.4185736636082,154.3857213664922,1525.6090028004169,1318.9758468919028,1764.2925505647602
20,15,101,300,no_residual,10,1521.7994814122708,156.84359514686187,1493.7968262908025,1318.9758468919028,1764.2925505647602
20,15,101,600,anchor_only,10,1720.3076032233093,116.55230212665555,1720.9851705852466,1504.4202013501892,1880.537514319464
20,15,101,600,cma_es,10,1180.1859322310659,20.831930399069407,1182.1646770056961,1150.5170233054398,1212.269329938575
20,15,101,600,de,10,1424.2686192515505,45.49823743908305,1412.6315833360113,1367.95433873282,1509.3698403988403
20,15,101,600,full,10,1462.3746204096326,92.62380164245074,1466.3080719448326,1303.2554777606756,1596.8285471431604
20,15,101,600,full_transferred_residual,10,1459.9188091033075,92.25068672148704,1454.6275311645586,1303.2554777606756,1596.8285471431604
20,15,101,600,no_residual,10,1462.3746204096326,92.62380164245074,1466.3080719448326,1303.2554777606756,1596.8285471431604
20,15,102,300,anchor_only,10,345.29236469291743,110.32571783475593,386.6055623788858,131.1594782276096,463.5510676176674
20,15,102,300,cma_es,10,-112.96379269004197,35.40171584297948,-113.41458253812537,-160.94247583012094,-49.15360828283593
20,15,102,300,de,10,156.78126621110462,42.51391101502325,155.02933360446664,98.43090063771189,220.9664146845157
20,15,102,300,full,10,133.57460719211588,79.54181606536122,129.9729890760882,-15.339779851377555,271.9189073679556
20,15,102,300,full_transferred_residual,10,130.82140015231818,90.82831154722963,142.89436052346645,-55.24656719404163,274.331307965516
20,15,102,300,no_residual,10,138.5925156225506,79.62181179862641,142.89436052346645,-15.339779851377555,271.9189073679556
20,15,102,600,anchor_only,10,345.29236469291743,110.32571783475593,386.6055623788858,131.1594782276096,463.5510676176674
20,15,102,600,cma_es,10,-181.51580785717675,24.42062074625679,-184.63017935584259,-224.5928511104559,-137.63877340145697
20,15,102,600,de,10,48.01896860823298,74.15949344207823,17.74630577594621,-31.666684561404736,220.9664146845157
20,15,102,600,full,10,86.67138931344621,97.99940318830255,68.44421202030222,-22.566505651156547,233.2752475268969
20,15,102,600,full_transferred_residual,10,89.9838821174955,95.7291616077977,70.83649870686659,-15.221243648095935,233.2752475268969
20,15,102,600,no_residual,10,89.80436483337421,95.81067241509243,70.83649870686659,-21.31231017203561,233.2752475268969
20,16,101,300,anchor_only,10,-48.361531097569795,4.967133929260471,-49.58190529251469,-54.13801503747103,-40.57241032580888
20,16,101,300,cma_es,10,-55.15193567038868,3.111894788613845,-55.07521919349719,-60.360326243815024,-49.61049294690711
20,16,101,300,de,10,-56.07629120633078,5.601051564867598,-54.212797754996224,-66.28014477989579,-50.720677331598544
20,16,101,300,full,10,-54.15329315282818,6.982646824208885,-54.96047027505373,-61.91707833239608,-40.57241032580888
20,16,101,300,full_transferred_residual,10,-52.980231821755794,7.334254450457144,-53.40980872544809,-61.91707833239608,-40.57241032580888
20,16,101,300,no_residual,10,-54.31779512385582,8.383792298298877,-54.96047027505373,-65.57024751690939,-40.57241032580888
20,16,101,600,anchor_only,10,-48.361531097569795,4.967133929260471,-49.58190529251469,-54.13801503747103,-40.57241032580888
20,16,101,600,cma_es,10,-56.535946368525025,4.237207796006797,-56.30396026773039,-62.51358043708906,-49.61049294690711
20,16,101,600,de,10,-58.131428359914594,5.05810750861822,-56.17465488810516,-66.28014477989579,-52.72560440353652
20,16,101,600,full,10,-60.84991154847667,6.36506834945579,-61.10074069438164,-68.99051521886352,-48.78557023854974
20,16,101,600,full_transferred_residual,10,-60.64182199067449,6.654806594289834,-61.7614692701936,-69.45578469905944,-48.78557023854974
20,16,101,600,no_residual,10,-60.78828800764684,6.279911277297553,-61.10074069438164,-68.73599403735295,-48.78557023854974
20,16,102,300,anchor_only,10,44.67977706682169,5.8286922659823,46.419274967140126,36.03161889212089,53.03367552245341
20,16,102,300,cma_es,10,40.35787547167983,5.19797186146511,39.32447560095616,34.482032855750994,48.44777168478337
20,16,102,300,de,10,41.46862531692973,3.9055039069376303,39.79211404626468,36.03161889212286,47.67961424163765
20,16,102,300,full,10,37.54138048954469,6.94083484855063,38.67869286559082,25.294751252894024,46.0920308227546
20,16,102,300,full_transferred_residual,10,37.89028134083536,7.2684564464746755,38.67869286559082,25.294751252894024,46.0920308227546
20,16,102,300,no_residual,10,37.560471188416535,7.435081806590773,38.67869286559082,25.294751252894024,46.0920308227546
20,16,102,600,anchor_only,10,44.67977706682169,5.8286922659823,46.419274967140126,36.03161889212089,53.03367552245341
20,16,102,600,cma_es,10,37.5304632719929,5.115736747845361,36.92084213817938,30.800806959533965,48.44777168478337
20,16,102,600,de,10,37.65640323103172,1.88203304674484,38.079249588097085,34.25960303275036,40.19322054273984
20,16,102,600,full,10,39.621682101339175,7.2172059325002325,41.78902435082681,26.98286592506305,48.42832473132192
20,16,102,600,full_transferred_residual,10,39.16610767925931,6.72664895588592,41.78902435082681,26.98286592506305,46.63435079271831
20,16,102,600,no_residual,10,39.621682101339175,7.2172059325002325,41.78902435082681,26.98286592506305,48.42832473132192
20,17,101,300,anchor_only,10,52.681821444157926,3.2127573906823303,52.56703540579728,48.121152358627775,57.58032456820027
20,17,101,300,cma_es,10,40.78029456425496,1.5236371638461013,40.150057661529395,39.26379076026717,44.340532730843385
20,17,101,300,de,10,47.15211720338491,2.055920585219194,47.676477771499975,43.05459612671003,49.94649048738211
20,17,101,300,full,10,46.57250995487377,4.559682964682742,45.591193264316466,42.23932299808169,57.19656083742159
20,17,101,300,full_transferred_residual,10,46.690992018986414,4.261758983592174,45.725703336427905,42.468604125369644,56.58776440829274
20,17,101,300,no_residual,10,46.555498067277696,4.573388141875564,45.591193264316466,42.14983376334658,57.19656083742159
20,17,101,600,anchor_only,10,52.681821444157926,3.2127573906823303,52.56703540579728,48.121152358627775,57.58032456820027
20,17,101,600,cma_es,10,38.16511294125286,0.946335797486855,38.36798273233518,36.80764559970383,39.53920348787938
20,17,101,600,de,10,43.89176609629029,1.3170716373689078,43.33511702137132,42.64374338047888,46.3866853236152
20,17,101,600,full,10,45.33623015471376,1.74504111694906,45.5415844403261,42.76334277530308,47.25798881719274
20,17,101,600,full_transferred_residual,10,45.61297396912926,1.498089600529297,45.846786687256454,43.52336277593609,47.50560164925561
20,17,101,600,no_residual,10,45.52744917925323,1.711954930099621,46.09225530636613,42.76334277530308,47.25798881719274
20,17,102,300,anchor_only,10,-49.37700903906345,1.4112583882683958,-49.00323394617971,-52.07314556662784,-47.42818353590189
20,17,102,300,cma_es,10,-56.78841678527626,1.130518616743014,-56.6161529455743,-58.33512462950325,-55.12171095140242
20,17,102,300,de,10,-51.39780270565503,1.3096012172048381,-51.31246956857569,-53.888696643723975,-49.18794928800936
20,17,102,300,full,10,-53.7973982631698,1.3515936291947805,-53.887177696997355,-55.95626930607047,-51.855509297735
20,17,102,300,full_transferred_residual,10,-53.71236631830053,1.300623689971974,-53.85740634184853,-55.95626930607047,-51.855509297735
20,17,102,300,no_residual,10,-53.98636468839878,1.3860768716089091,-53.93831197121748,-56.23560384532287,-51.855509297735
20,17,102,600,anchor_only,10,-49.37700903906345,1.4112583882683958,-49.00323394617971,-52.07314556662784,-47.42818353590189
20,17,102,600,cma_es,10,-58.934437480157065,1.1395588776801928,-59.04559771462229,-60.585215764940784,-56.56886394768676
20,17,102,600,de,10,-53.69717159768699,1.7694368146722883,-53.99614239600075,-56.03861138485801,-50.36586017460823
20,17,102,600,full,10,-54.125748947230136,1.3465971242390902,-54.43643501850562,-56.10840274161471,-52.257275847479605
20,17,102,600,full_transferred_residual,10,-54.05699747878002,1.3967439919527798,-54.4637157533039,-55.72931756134139,-50.99060368531788
20,17,102,600,no_residual,10,-54.11682116703023,1.3830468441695567,-54.519001384764096,-56.43866297181226,-51.95208113640884
20,18,101,300,anchor_only,10,98.12747263536335,12.649897171117702,96.16756789746303,84.08743446545134,126.10565909468276
20,18,101,300,cma_es,10,56.857319228252706,5.413660015134636,57.46849198574466,49.22777656571064,66.97904550471331
20,18,101,300,de,10,80.10735054480037,7.280821583739164,81.82361582371094,70.07004798254647,89.08789592638274
20,18,101,300,full,10,72.3438706706277,4.456765684381915,71.76924178124284,64.0696606374792,79.69581453665842
20,18,101,300,full_transferred_residual,10,72.89396207754753,6.121526803624605,72.47863998528922,61.04112098737736,81.50848432235297
20,18,101,300,no_residual,10,70.72175712323583,6.4744476031223686,71.29751482021271,58.489409935820206,79.69581453665842
20,18,101,600,anchor_only,10,98.12747263536335,12.649897171117702,96.16756789746303,84.08743446545134,126.10565909468276
20,18,101,600,cma_es,10,45.60099329757926,3.253097992624711,44.67292084220645,41.81385998324186,49.637259261750685
20,18,101,600,de,10,67.23931906031677,3.5114193796707998,67.8729236404717,60.07923331726603,72.87489189270937
20,18,101,600,full,10,65.65628839097928,3.7540853450092446,66.2168799936594,59.83015801310363,72.99236580362412
20,18,101,600,full_transferred_residual,10,64.74852958690522,4.440911965704904,65.75804178727958,59.49392046824552,72.99236580362412
20,18,101,600,no_residual,10,65.91432640439008,4.263785362686967,65.78406580829012,60.64192501617323,72.99236580362412
20,18,102,300,anchor_only,10,-13.35674743658269,3.943313363114422,-13.645270191693609,-18.873157592355767,-6.495997812342097
20,18,102,300,cma_es,10,-43.49021847435809,5.580687739049314,-44.360985326403295,-49.69911854015727,-31.3489025554312
20,18,102,300,de,10,-20.119786072757243,6.457345109538887,-19.9757164211332,-29.03926196608568,-11.08921400933123
20,18,102,300,full,10,-26.790621678374556,3.713814650585362,-26.6473410645606,-31.8313019387518,-20.25929428430606
20,18,102,300,full_transferred_residual,10,-27.870619251828902,5.2307528796328775,-25.90045180230546,-37.79313741448474,-21.393932067794005
20,18,102,300,no_residual,10,-27.421974763022963,5.182568862191409,-26.598379222816604,-37.79313741448474,-20.397727319388142
20,18,102,600,anchor_only,10,-13.35674743658269,3.943313363114422,-13.645270191693609,-18.873157592355767,-6.495997812342097
20,18,102,600,cma_es,10,-52.593381918370234,3.705807543696673,-53.69037650055656,-57.235073179336815,-44.91665785990027
20,18,102,600,de,10,-28.91173969357168,6.481031316130021,-29.475816929904838,-38.91973739822558,-17.385224526460036
20,18,102,600,full,10,-29.404890757906855,3.314732026476759,-29.09843341322136,-34.61348860037069,-25.39516967707068
20,18,102,600,full_transferred_residual,10,-28.167322020052858,3.959354875072935,-27.802169084309334,-34.61348860037069,-23.744308752947624
20,18,102,600,no_residual,10,-28.842352422394402,3.1599265695666308,-30.457235089406545,-33.0442628072041,-23.91160397573342
20,19,101,300,anchor_only,10,181.68312613666882,0.013121318818063362,181.6782850037772,181.66246115535225,181.6999895883688
20,19,101,300,cma_es,10,188.69341761522807,1.0352481782364997,188.63027126105817,186.76367811529929,189.99615245442564
20,19,101,300,de,10,195.8399354472165,2.3408597010118855,196.23878956190288,192.66798064206495,198.78070777500943
20,19,101,300,full,10,181.68312613666882,0.013121318818063362,181.6782850037772,181.66246115535225,181.6999895883688
20,19,101,300,full_transferred_residual,10,181.68312613666882,0.013121318818063362,181.6782850037772,181.66246115535225,181.6999895883688
20,19,101,300,no_residual,10,181.68312613666882,0.013121318818063362,181.6782850037772,181.66246115535225,181.6999895883688
20,19,101,600,anchor_only,10,181.68312613666882,0.013121318818063362,181.6782850037772,181.66246115535225,181.6999895883688
20,19,101,600,cma_es,10,187.82244010377735,0.5489904023722864,187.85881504641785,186.76367811529929,188.6238791664157
20,19,101,600,de,10,193.08139470344182,0.9961259050860285,193.1122673226451,191.4446967847406,194.88034343263575
20,19,101,600,full,10,181.68312613666882,0.013121318818063362,181.6782850037772,181.66246115535225,181.6999895883688
20,19,101,600,full_transferred_residual,10,181.68312613666882,0.013121318818063362,181.6782850037772,181.66246115535225,181.6999895883688
20,19,101,600,no_residual,10,181.68312613666882,0.013121318818063362,181.6782850037772,181.66246115535225,181.6999895883688
20,19,102,300,anchor_only,10,-8.078286489157382,0.01742886171936207,-8.07607894858327,-8.099523942509954,-8.048371496773958
20,19,102,300,cma_es,10,-1.7022605273555207,1.114419842159249,-1.5862373111053554,-3.761428927060657,0.0506347542376275
20,19,102,300,de,10,5.562819152359147,2.3871387063435066,4.766133570275629,2.912926178627938,9.114738331225054
20,19,102,300,full,10,-8.078286489157382,0.01742886171936207,-8.07607894858327,-8.099523942509954,-8.048371496773958
20,19,102,300,full_transferred_residual,10,-8.078286489157382,0.01742886171936207,-8.07607894858327,-8.099523942509954,-8.048371496773958
20,19,102,300,no_residual,10,-8.078286489157382,0.01742886171936207,-8.07607894858327,-8.099523942509954,-8.048371496773958
20,19,102,600,anchor_only,10,-8.078286489157382,0.017428861719362195,-8.07607894858327,-8.099523942509954,-8.048371496773958
20,19,102,600,cma_es,10,-2.2865453502090736,0.7788416275692486,-2.2683282907743805,-3.761428927060657,-1.2987943044982249
20,19,102,600,de,10,2.288814724145136,1.6630986098610838,1.816151379158181,-0.1380586544575184,5.2788438204637576
20,19,102,600,full,10,-8.078286489157382,0.017428861719362195,-8.07607894858327,-8.099523942509954,-8.048371496773958
20,19,102,600,full_transferred_residual,10,-8.078286489157382,0.017428861719362195,-8.07607894858327,-8.099523942509954,-8.048371496773958
20,19,102,600,no_residual,10,-8.078286489157382,0.017428861719362195,-8.07607894858327,-8.099523942509954,-8.048371496773958
20,20,101,300,anchor_only,10,11126.62623692238,3224.729956913691,10850.254557287779,6561.5349304814345,16305.835891042016
20,20,101,300,cma_es,10,2463.946893746081,5446.060577470752,579.0342919499901,565.5262179804222,17915.135582522234
20,20,101,300,de,10,18234.343098407913,6066.477895162773,18253.788512719824,9642.663843420734,30126.815172875657
20,20,101,300,full,10,3395.6777688157817,2025.7109476384592,2394.6216158414304,1883.9843546094187,8119.576132938999
20,20,101,300,full_transferred_residual,10,3854.369114324372,1825.7634012834742,3757.2062485899232,1932.119938348162,8180.983938669653
20,20,101,300,no_residual,10,3675.516166767754,2125.4025189475674,3350.313409492541,708.6280972424116,8110.021458819246
20,20,101,600,anchor_only,10,11126.62623692238,3224.729956913691,10850.254557287779,6561.5349304814345,16305.835891042016
20,20,101,600,cma_es,10,712.5694702738217,466.71581606869523,564.9951963343226,564.7881453809355,2040.8659105307988
20,20,101,600,de,10,8145.628971492452,5562.196978756031,7644.050396868186,1604.62548576858,15907.83559009158
20,20,101,600,full,10,1718.59297326578,973.8888787104507,1772.9553634184942,565.7853307728958,3465.6964770241884
20,20,101,600,full_transferred_residual,10,1735.3981561466887,944.4659377249287,1742.9569772102188,668.7050463098938,3465.6964770241884
20,20,101,600,no_residual,10,1733.5506844826498,948.6389272944472,1742.9569772102188,565.9622072690269,3465.6964770241884
20,20,102,300,anchor_only,10,10866.67617665992,3062.9122433975353,11511.652799380197,4484.408027984116,15974.575767880197
20,20,102,300,cma_es,10,849.5649574193251,2647.9271898831566,-12.707567653268578,-63.244215724164,8380.986831764742
20,20,102,300,de,10,19122.541758359082,8572.336258720627,18552.314820799424,5636.78623637964,35190.144507944475
20,20,102,300,full,10,1748.2315378896335,1262.1008518155995,1344.5715153925908,237.23086750584645,3667.9197102993503
20,20,102,300,full_transferred_residual,10,2210.3738480496627,1565.639752586894,2188.062963643538,434.78165789504885,5527.308701414069
20,20,102,300,no_residual,10,2126.7120741758313,1354.9453476020028,1696.856780571804,434.78165789504885,4298.8967650454815
20,20,102,600,anchor_only,10,10866.67617665992,3062.9122433975353,11511.652799380197,4484.408027984116,15974.575767880197
20,20,102,600,cma_es,10,-63.77387219035038,0.3748565852518898,-63.901835370181416,-64.05855585407316,-62.86796778907865
20,20,102,600,de,10,8551.200147881336,6350.380618918555,6629.662081848728,826.8926049816122,22782.04702685309
20,20,102,600,full,10,904.1020241606691,843.1268903741085,898.5336810751842,-61.74911449100754,2514.4524560965874
20,20,102,600,full_transferred_residual,10,894.7799465604219,849.8125561031297,898.5336810751842,-62.87412626249183,2514.4524560965874
20,20,102,600,no_residual,10,886.6567319452533,857.451166374069,898.5336810751842,-62.87412626249183,2514.4524560965874
20,21,101,300,anchor_only,10,233.1525168731179,3.289483390102152,233.73264952468708,226.4503240399871,237.30078286735855
20,21,101,300,cma_es,10,179.48234694081816,11.603306151054987,177.7995607485535,163.3814987640696,204.16457418512505
20,21,101,300,de,10,228.19759342978463,2.709827431190675,228.46831259422459,224.03715074706508,231.9036215647876
20,21,101,300,full,10,228.4999077772246,4.879398727908061,229.0981504796983,219.56572876038427,235.5342055477222
20,21,101,300,full_transferred_residual,10,228.5839095577483,4.69682579533149,229.20513896631257,220.3614803665908,235.34795413995124
20,21,101,300,no_residual,10,227.8060316610321,5.668041093957451,229.0981504796983,219.0650426977132,235.4835017963969
20,21,101,600,anchor_only,10,233.1525168731179,3.289483390102152,233.73264952468708,226.4503240399871,237.30078286735855
20,21,101,600,cma_es,10,167.02284842058512,9.499209569929876,164.2960396622188,156.1602507323201,185.78352946723732
20,21,101,600,de,10,227.35342423086257,2.51840618469913,227.1377453865282,224.03715074706508,231.9036215647876
20,21,101,600,full,10,217.60652358589246,8.729828433674687,217.23935445590695,202.4129200957981,228.05873351779096
20,21,101,600,full_transferred_residual,10,217.64569892805903,9.134955303042606,219.09652942096628,200.2794811962152,228.05873351779096
20,21,101,600,no_residual,10,217.6209602895937,8.468573405597567,217.24798723828036,202.4129200957981,228.05873351779096
20,21,102,300,anchor_only,10,-101.77253842502279,2.29414171019551,-101.06991139727523,-106.62623175219012,-98.74498754959068
20,21,102,300,cma_es,10,-153.30937585360635,8.774067267033326,-155.57495924812844,-163.88103572667976,-138.47556464896292
20,21,102,300,de,10,-106.39712350501756,3.4014039323646816,-105.31988605577479,-111.962480250134,-101.31597790196976
20,21,102,300,full,10,-108.05551536085991,4.134957824622357,-107.36823385432817,-117.2989112708612,-101.65415927261384
20,21,102,300,full_transferred_residual,10,-108.06497402187692,3.8649007050494046,-108.21002751671392,-116.271864929044,-101.71583191009002
20,21,102,300,no_residual,10,-108.05684412698292,4.1346792609402305,-107.37487768494326,-117.2989112708612,-101.65415927261384
20,21,102,600,anchor_only,10,-101.77253842502279,2.294141710195515,-101.06991139727523,-106.62623175219012,-98.74498754959068
20,21,102,600,cma_es,10,-167.898704766716,1.1292287391754872,-168.15843820864205,-169.30382391892138,-165.17660075341325
20,21,102,600,de,10,-111.15437710499938,7.848107616650483,-109.4122039802391,-132.54843419400245,-104.85495766793105
20,21,102,600,full,10,-118.0861036062608,9.637356885999464,-114.98417854278384,-137.37476151074452,-105.26324315456948
20,21,102,600,full_transferred_residual,10,-116.4828912709143,7.762313205674639,-113.61648499072257,-130.1568870566024,-105.9132964097881
20,21,102,600,no_residual,10,-118.21505244394768,9.587849135757375,-115.19838691164827,-137.37476151074452,-105.5992640919952
20,22,101,300,anchor_only,10,86.17021233592007,3.8665790805349007,88.15031853422698,78.63925481371028,89.39960958482449
20,22,101,300,cma_es,10,48.509176027510065,13.798173449326345,50.83032752596268,22.576875185278936,68.3559826004123
20,22,101,300,de,10,80.64267017687271,4.501873353488847,80.0005619255941,73.66118192772133,87.68170404064587
20,22,101,300,full,10,79.90177482535059,6.234097794947959,81.86786398704737,69.61058568162984,87.35098746906817
20,22,101,300,full_transferred_residual,10,79.96660428965258,6.217866643978836,81.90658633982713,69.811778591116,87.42653998077569
20,22,101,300,no_residual,10,79.83816203933233,6.278917710926133,81.70519459913032,69.29842069840831,87.36753263953415
20,22,101,600,anchor_only,10,86.17021233592007,3.866579080534902,88.15031853422698,78.63925481371028,89.39960958482449
20,22,101,600,cma_es,10,30.968339446011992,12.637611632130767,38.8062931797044,13.551900248354713,42.5561515678842
20,22,101,600,de,10,76.7301546171793,5.75272184624826,76.2640121440835,67.62814183461566,85.37645102522946
20,22,101,600,full,10,73.60696042151594,10.194919435218267,76.7330108688331,49.68536178406542,82.84879492897761
20,22,101,600,full_transferred_residual,10,73.50769144364139,10.346347502987756,75.59105685131769,49.42602495703525,83.11777438298498
20,22,101,600,no_residual,10,73.47838053023555,10.550752440679155,76.7330108688331,48.37388181528394,82.94449418845782
20,22,102,300,anchor_only,10,-24.443387302332628,1.810645229236369,-23.905893272924295,-28.197896250007148,-22.417040000598448
20,22,102,300,cma_es,10,-75.04461352452908,9.786884105806978,-76.26874663125949,-88.7352176994608,-56.95281299606038
20,22,102,300,de,10,-28.746421158982713,3.8502110409220753,-28.319314079300682,-34.67600427067062,-21.18182263571751
20,22,102,300,full,10,-28.250791417784306,3.697953082269576,-26.43862240775494,-34.951962572504385,-25.01993363340617
20,22,102,300,full_transferred_residual,10,-28.34411863536031,3.656486382467974,-26.489260201934577,-35.008339764045985,-24.94128583303886
20,22,102,300,no_residual,10,-28.394532232671658,3.644788060472535,-26.790826329254486,-34.3993390222288,-25.34618181740629
20,22,102,600,anchor_only,10,-24.443387302332628,1.8106452292363693,-23.905893272924295,-28.197896250007148,-22.417040000598448
20,22,102,600,cma_es,10,-90.19871000546631,0.5597048176410457,-90.05869948841867,-90.92521658071048,-89.0681716616195
20,22,102,600,de,10,-35.1789234483821,6.337972185275001,-33.03442710638183,-47.27691543317866,-28.440731908594216
20,22,102,600,full,10,-35.171487572725496,7.854261069859034,-32.666841410789715,-51.17975111224486,-28.301352805771103
20,22,102,600,full_transferred_residual,10,-35.87308162548722,8.743930074008892,-32.31745365271119,-54.07967952291727,-28.40548492162532
20,22,102,600,no_residual,10,-35.87424868809086,7.921473223052278,-32.967079728623354,-50.185923290872886,-28.170821135061416
20,23,101,300,anchor_only,10,-129.6915231867873,0.9800274262096188,-129.71032183393396,-131.48804227666506,-127.92401063796598
20,23,101,300,cma_es,10,-131.24754135201948,0.5648330485668075,-131.2993429502177,-132.0679180641802,-130.1556062764838
20,23,101,300,de,10,-130.97247881223558,0.8443328294196001,-130.98591131196076,-132.45512240892913,-129.52377267715795
20,23,101,300,full,10,-130.21169348906446,0.7817029362387505,-130.06186036705307,-131.48804227666506,-128.92780798481775
20,23,101,300,full_transferred_residual,10,-130.21169348906446,0.7817029362387505,-130.06186036705307,-131.48804227666506,-128.92780798481775
20,23,101,300,no_residual,10,-130.21169348906446,0.7817029362387505,-130.06186036705307,-131.48804227666506,-128.92780798481775
20,23,101,600,anchor_only,10,-129.6915231867873,0.9800274262096201,-129.71032183393396,-131.48804227666506,-127.92401063796598
20,23,101,600,cma_es,10,-131.6253401999016,0.6842327115617596,-131.4123132566531,-133.01107921638916,-130.8030888946097
20,23,101,600,de,10,-131.28171880571887,0.5265497241617226,-131.05150546464196,-132.45512240892913,-130.82926336793898
20,23,101,600,full,10,-130.90892882447335,1.3534003814775544,-130.6332252080532,-134.23178122452018,-129.67684415622932
20,23,101,600,full_transferred_residual,10,-130.90892882447335,1.3534003814775544,-130.6332252080532,-134.23178122452018,-129.67684415622932
20,23,101,600,no_residual,10,-130.63291610637876,1.5213329853265205,-130.1082102441431,-134.23178122452018,-128.60378406787092
20,23,102,300,anchor_only,10,-397.31374187650147,1.1450031694052487,-397.2846719116859,-399.4440119978364,-395.6325666872899
20,23,102,300,cma_es,10,-398.0700206828114,0.6600955911777429,-397.9066993070909,-399.3117014910992,-397.12757631633895
20,23,102,300,de,10,-397.5571131912695,0.8978258550838207,-397.50052080980095,-399.4440119978362,-396.306115613518
20,23,102,300,full,10,-397.60494023307604,0.8500748965720153,-397.5449782353875,-399.4440119978364,-396.5159801498835
20,23,102,300,full_transferred_residual,10,-397.60494023307604,0.8500748965720153,-397.5449782353875,-399.4440119978364,-396.5159801498835
20,23,102,300,no_residual,10,-397.60494023307604,0.8500748965720153,-397.5449782353875,-399.4440119978364,-396.5159801498835
20,23,102,600,anchor_only,10,-397.31374187650147,1.1450031694052583,-397.2846719116859,-399.4440119978364,-395.6325666872899
20,23,102,600,cma_es,10,-398.0937527943303,0.6258239892656867,-397.9066993070909,-399.3117014910992,-397.3648974315283
20,23,102,600,de,10,-397.7469635108031,0.7424493116853867,-397.7469031302154,-399.4440119978362,-396.7803680194832
20,23,102,600,full,10,-397.49524568145836,1.032188153420097,-397.5279551123066,-399.4440119978364,-395.874999441532
20,23,102,600,full_transferred_residual,10,-397.49524568145836,1.032188153420097,-397.5279551123066,-399.4440119978364,-395.874999441532
20,23,102,600,no_residual,10,-397.49524568145836,1.032188153420097,-397.5279551123066,-399.4440119978364,-395.874999441532
20,24,101,300,anchor_only,10,1284.768842176562,20.923651397598146,1288.3139265398563,1250.6168039184467,1309.472980229213
20,24,101,300,cma_es,10,1209.5452442007688,26.92727088901576,1209.3884399058975,1157.4306938927657,1245.8780698348928
20,24,101,300,de,10,1383.513862573634,39.82175137441323,1393.2069939115975,1308.8548369141529,1431.2268414940136
20,24,101,300,full,10,1240.2146097821994,17.265165394333533,1240.8796255149678,1216.3241379188594,1265.4073010319132
20,24,101,300,full_transferred_residual,10,1239.365191604935,15.58124959341712,1237.9135194816708,1216.3241379188594,1265.5136991679365
20,24,101,300,no_residual,10,1237.2798551749033,16.368471267749488,1243.2211254595322,1208.5314037640514,1255.356579521638
20,24,101,600,anchor_only,10,1284.768842176562,20.923651397598146,1288.3139265398563,1250.6168039184467,1309.472980229213
20,24,101,600,cma_es,10,1177.1681355544774,17.77771783196451,1172.6384020956116,1153.3842169583147,1202.6890761283428
20,24,101,600,de,10,1311.5241608725132,35.742756465607776,1310.5428906734103,1262.412902244956,1359.4592749446902
20,24,101,600,full,10,1227.280416634347,18.227412357378157,1229.403637689008,1186.2470038261151,1248.6462183247636
20,24,101,600,full_transferred_residual,10,1227.6078499400196,19.568462404531967,1227.1002152816982,1186.2470038261151,1248.6462183247636
20,24,101,600,no_residual,10,1228.858668942145,19.276763770717107,1229.403637689008,1186.2470038261151,1248.6462183247636
20,24,102,300,anchor_only,10,315.2974664758659,19.809190746673732,318.01699655478455,271.4364175528798,337.3037107045018
20,24,102,300,cma_es,10,216.7292898146596,14.691795119341137,216.71727657587678,188.00454719878147,237.7346543713817
20,24,102,300,de,10,400.8684791992345,37.165771500261776,397.9938665412015,325.3362163303425,468.763615593561
20,24,102,300,full,10,247.28223154213939,14.622337057561243,242.91800819558085,227.30190306090296,267.97826131851133
20,24,102,300,full_transferred_residual,10,243.58833098187625,14.537877418142568,246.44247063510244,207.63854092339912,258.52703345588094
20,24,102,300,no_residual,10,248.74319020194486,16.842846652165598,245.83462742259962,223.50642872682204,272.01243245644474
20,24,102,600,anchor_only,10,315.2974664758659,19.80919074667371,318.01699655478455,271.4364175528798,337.3037107045018
20,24,102,600,cma_es,10,182.397059989329,18.953492117940936,185.40648206243338,140.5361181103321,212.2885136579252
20,24,102,600,de,10,331.69663434677125,25.448898909054392,330.9485104926195,275.15868356893816,361.4085081345408
20,24,102,600,full,10,222.95101027843958,12.18876461549685,223.40918072828953,200.05957102365105,237.85891266772185
20,24,102,600,full_transferred_residual,10,224.84520232095602,14.435020193157062,223.40918072828953,200.05957102365105,254.51991657966383
20,24,102,600,no_residual,10,224.84520232095602,14.435020193157062,223.40918072828953,200.05957102365105,254.51991657966383
