case,comparator,full_mean,comparator_mean,n,difference,ci_low,ci_high,wins,ties,losses
bbob_f11_fixed,drop_0,2.202804360919011,1.7823128463157143,30,0.4204915146032969,-0.004948997497558593,1.122839206457138,1,26,3
bbob_f11_fixed,drop_1,2.202804360919011,1.739558331303609,30,0.46324602961540223,0.0,1.1604133109251658,0,27,3
bbob_f11_fixed,drop_2,2.202804360919011,1.80007789148173,30,0.4027264694372813,-0.009897994995117187,1.1048427482446035,1,27,2
bbob_f11_fixed,drop_3,2.202804360919011,1.739558331303609,30,0.46324602961540223,0.0,1.1604133109251658,0,27,3
bbob_f11_fixed,drop_4,2.202804360919011,1.6371093006261315,30,0.5656950602928797,0.0033829530080159505,1.3275665020694323,0,25,5
bbob_f11_fixed,drop_5,2.202804360919011,1.0853824393280471,30,1.117421921590964,0.00255472461382548,3.2116539920369784,1,25,4
bbob_f11_fixed,only_0,2.202804360919011,0.8668239579924072,30,1.335980402926604,0.027134486536184946,3.5950585888822872,1,23,6
bbob_f11_fixed,only_1,2.202804360919011,0.17196586135056957,30,2.0308384995684414,0.47076541501514535,4.435833765387333,0,15,15
bbob_f11_fixed,only_2,2.202804360919011,2.041773362418947,30,0.16103099850006403,0.03980441942975934,0.3075679609169795,1,15,14
bbob_f11_fixed,only_3,2.202804360919011,1.3864015841080497,30,0.8164027768109615,-0.004948997497558593,2.3968502418087634,1,26,3
bbob_f11_fixed,only_4,2.202804360919011,0.6411578333703801,30,1.561646527548631,0.0657906691233317,3.9118127188334824,1,24,5
bbob_f11_fixed,only_5,2.202804360919011,2.1593613327868906,30,0.04344302813212077,-0.014846992492675782,0.14517607688903808,1,28,1
bbob_f15_fixed,drop_0,0.02081619742481659,0.02081619742481659,30,0.0,0.0,0.0,0,30,0
bbob_f15_fixed,drop_1,0.02081619742481659,0.02081619742481659,30,0.0,0.0,0.0,0,30,0
bbob_f15_fixed,drop_2,0.02081619742481659,0.02081619742481659,30,0.0,0.0,0.0,0,30,0
bbob_f15_fixed,drop_3,0.02081619742481659,0.02081619742481659,30,0.0,0.0,0.0,0,30,0
bbob_f15_fixed,drop_4,0.02081619742481659,0.02081619742481659,30,0.0,0.0,0.0,0,30,0
bbob_f15_fixed,drop_5,0.02081619742481659,0.02081619742481659,30,0.0,0.0,0.0,0,30,0
bbob_f15_fixed,only_0,0.02081619742481659,0.02081619742481659,30,0.0,0.0,0.0,0,30,0
bbob_f15_fixed,only_1,0.02081619742481659,0.018451883387751878,30,0.0023643140370647113,0.00011789581427971522,0.005117785359422366,0,26,4
bbob_f15_fixed,only_2,0.02081619742481659,0.020170486508868636,30,0.0006457109159479538,0.00017507459851913155,0.001225994487370674,0,21,9
bbob_f15_fixed,only_3,0.02081619742481659,0.02081619742481659,30,0.0,0.0,0.0,0,30,0
bbob_f15_fixed,only_4,0.02081619742481659,0.02081619742481659,30,0.0,0.0,0.0,0,30,0
bbob_f15_fixed,only_5,0.02081619742481659,0.02081619742481659,30,0.0,0.0,0.0,0,30,0
bbob_f9_fixed,drop_0,54.32808621724447,55.424103037516275,30,-1.09601682027181,-1.9719520060221354,-0.28582404454549165,18,1,11
bbob_f9_fixed,drop_1,54.32808621724447,54.447212346394856,30,-0.11912612915039063,-1.0822484397888184,0.8468592834472655,10,1,19
bbob_f9_fixed,drop_2,54.32808621724447,54.394583002726236,30,-0.06649678548177083,-1.0191768455505372,0.867813355127967,11,0,19
bbob_f9_fixed,drop_3,54.32808621724447,54.32550341288249,30,0.002582804361979167,-1.0246318117777506,0.9857323551177964,11,1,18
bbob_f9_fixed,drop_4,54.32808621724447,53.99807472229004,30,0.3300114949544271,-0.8699151484171549,1.6084593582153295,11,1,18
bbob_f9_fixed,drop_5,54.32808621724447,47.946556599934894,30,6.38152961730957,4.614940560658773,8.178923285802204,2,0,28
bbob_f9_fixed,only_0,54.32808621724447,46.59964205423991,30,7.728444163004557,6.336463848749797,9.113075154622393,0,0,30
bbob_f9_fixed,only_1,54.32808621724447,57.250872421264646,30,-2.9227862040201824,-3.8720633602142334,-2.0368689918518075,25,0,5
bbob_f9_fixed,only_2,54.32808621724447,57.498530832926434,30,-3.170444615681966,-4.086019900639852,-2.316346864700318,26,1,3
bbob_f9_fixed,only_3,54.32808621724447,48.306436157226564,30,6.021650060017904,4.6811907164255775,7.41133228302002,1,0,29
bbob_f9_fixed,only_4,54.32808621724447,48.914031219482425,30,5.414054997762045,3.925705858866374,6.972778797149657,4,0,26
bbob_f9_fixed,only_5,54.32808621724447,54.99488957722982,30,-0.6668033599853516,-2.7639862219492595,1.699353227615354,20,4,6
cec_f1_shifted,drop_0,914.0627400716146,807.2038965861003,30,106.85884348551433,72.01401901245117,145.1322482426961,4,0,26
cec_f1_shifted,drop_1,914.0627400716146,965.1156087239583,30,-51.05286865234375,-99.545361328125,-5.0555389658610075,24,0,6
cec_f1_shifted,drop_2,914.0627400716146,852.7438339233398,30,61.31890614827474,27.65462860107422,97.23206887563069,7,0,23
cec_f1_shifted,drop_3,914.0627400716146,1300.738301595052,30,-386.6755615234375,-459.9376625569662,-315.9733255004883,29,0,1
cec_f1_shifted,drop_4,914.0627400716146,1023.5872884114583,30,-109.52454833984375,-176.8091226196289,-41.3719115956625,22,0,8
cec_f1_shifted,drop_5,914.0627400716146,820.1897628784179,30,93.87297719319662,66.40625078837077,124.3847299702962,3,0,27
cec_f1_shifted,only_0,914.0627400716146,2397.803190104167,30,-1483.7404500325522,-1588.1144008636475,-1380.4696030680338,30,0,0
cec_f1_shifted,only_1,914.0627400716146,2057.2757568359375,30,-1143.213016764323,-1280.1975712839762,-1011.4149347178142,30,0,0
cec_f1_shifted,only_2,914.0627400716146,1764.7616882324219,30,-850.6989481608073,-1004.0037129211426,-716.0811332702638,30,0,0
cec_f1_shifted,only_3,914.0627400716146,931.283344523112,30,-17.220604451497397,-216.13535690307617,121.49224604288736,12,0,18
cec_f1_shifted,only_4,914.0627400716146,905.5570373535156,30,8.505702718098958,-78.81377100626628,103.2406136830647,14,0,16
cec_f1_shifted,only_5,914.0627400716146,2560.678474934896,30,-1646.6157348632812,-1788.1375237019856,-1515.872051188151,30,0,0
cec_f3_shifted,drop_0,36570836.85,41800417.4,30,-5229580.55,-12816126.764166666,1088105.917499997,15,0,15
cec_f3_shifted,drop_1,36570836.85,53204578.56666667,30,-16633741.716666667,-26022389.9325,-8550956.270000013,25,0,5
cec_f3_shifted,drop_2,36570836.85,33680700.733333334,30,2890136.1166666667,-3058189.19,9103911.769166665,14,0,16
cec_f3_shifted,drop_3,36570836.85,47768733.983333334,30,-11197897.133333333,-17613672.267083336,-5351492.437500003,22,0,8
cec_f3_shifted,drop_4,36570836.85,43587116.43333333,30,-7016279.583333333,-12001494.44375,-2197257.68541667,22,0,8
cec_f3_shifted,drop_5,36570836.85,39858003.03333333,30,-3287166.183333333,-11126702.504583333,3339033.495833329,17,0,13
cec_f3_shifted,only_0,36570836.85,146948478.26666668,30,-110377641.41666667,-146374467.3625,-78048408.14250003,30,0,0
cec_f3_shifted,only_1,36570836.85,114688394.48333333,30,-78117557.63333334,-117014311.00125,-47830518.60916669,30,0,0
cec_f3_shifted,only_2,36570836.85,121071743.6,30,-84500906.75,-129134757.16166666,-48732674.836666666,30,0,0
cec_f3_shifted,only_3,36570836.85,50398444.775,30,-13827607.925,-27669241.75625,-2741668.9087500134,17,0,13
cec_f3_shifted,only_4,36570836.85,38963797.1,30,-2392960.25,-11869868.8025,7071995.089583314,15,0,15
cec_f3_shifted,only_5,36570836.85,145636687.96666667,30,-109065851.11666666,-138802236.19458333,-80261419.06208335,30,0,0
cec_f6_shifted,drop_0,16.012600485483805,15.918785508473714,30,0.09381497701009114,-0.07553577025731405,0.273959155877431,14,0,16
cec_f6_shifted,drop_1,16.012600485483805,16.14145997365316,30,-0.12885948816935222,-0.46627051671346026,0.15092744032541905,12,0,18
cec_f6_shifted,drop_2,16.012600485483805,15.930271498362224,30,0.08232898712158203,-0.12302815437316894,0.255977177619934,12,0,18
cec_f6_shifted,drop_3,16.012600485483805,16.000191815694173,30,0.01240866978963216,-0.23152792930603028,0.2745505785942076,16,0,14
cec_f6_shifted,drop_4,16.012600485483805,15.980683199564616,30,0.03191728591918945,-0.1584695863723755,0.21719343105951935,15,0,15
cec_f6_shifted,drop_5,16.012600485483805,16.328980509440104,30,-0.31638002395629883,-0.8205088822046915,0.06159534295399972,17,1,12
cec_f6_shifted,only_0,16.012600485483805,17.026752599080403,30,-1.0141521135965983,-1.4634587399164836,-0.625669294993083,29,0,1
cec_f6_shifted,only_1,16.012600485483805,16.74441146850586,30,-0.731810983022054,-1.2480514740943907,-0.3345942346254988,26,0,4
cec_f6_shifted,only_2,16.012600485483805,16.85054480234782,30,-0.8379443168640137,-1.3283181357383729,-0.44985149621963527,25,0,5
cec_f6_shifted,only_3,16.012600485483805,16.52056376139323,30,-0.5079632759094238,-0.9868356275558472,-0.11722229242324855,22,0,8
cec_f6_shifted,only_4,16.012600485483805,15.96884854634603,30,0.04375193913777669,-0.5233203021685282,0.5206527574857072,12,0,18
cec_f6_shifted,only_5,16.012600485483805,16.8343147277832,30,-0.8217142422993978,-1.2368426513671875,-0.45471675078074136,25,0,5
