case,intervention_at,intervention,changed,changed_better,changed_tied,changed_worse,n,difference,ci_low,ci_high,wins,ties,losses
bbob_f11_fixed,210,anchor,30,0,29,1,30,0.004948997497558593,0.0,0.014846992492675782,0,29,1
bbob_f11_fixed,210,proposal,0,0,0,0,30,0.0,0.0,0.0,0,30,0
bbob_f11_fixed,240,anchor,29,2,26,1,30,-0.04946071704228719,-0.15777978897094727,0.009897994995117187,2,27,1
bbob_f11_fixed,240,proposal,1,0,1,0,30,0.0,0.0,0.0,0,30,0
bbob_f11_fixed,270,anchor,30,0,29,1,30,0.004948997497558593,0.0,0.014846992492675782,0,29,1
bbob_f11_fixed,270,proposal,0,0,0,0,30,0.0,0.0,0.0,0,30,0
bbob_f15_fixed,210,anchor,16,0,16,0,30,0.0,0.0,0.0,0,30,0
bbob_f15_fixed,210,proposal,13,0,13,0,30,0.0,0.0,0.0,0,30,0
bbob_f15_fixed,240,anchor,24,0,24,0,30,0.0,0.0,0.0,0,30,0
bbob_f15_fixed,240,proposal,5,0,5,0,30,0.0,0.0,0.0,0,30,0
bbob_f15_fixed,270,anchor,30,0,30,0,30,0.0,0.0,0.0,0,30,0
bbob_f15_fixed,270,proposal,0,0,0,0,30,0.0,0.0,0.0,0,30,0
bbob_f9_fixed,210,anchor,12,8,0,4,30,-0.28146896362304685,-1.0241665490468344,0.31268459955851174,8,18,4
bbob_f9_fixed,210,proposal,18,8,2,8,30,0.43881085713704426,-0.16133473714192706,1.1413932323455793,8,14,8
bbob_f9_fixed,240,anchor,19,12,0,7,30,-0.34264984130859377,-1.2723647085825602,0.4690215873718255,12,11,7
bbob_f9_fixed,240,proposal,11,6,0,5,30,-0.0004208882649739583,-0.9306811745961506,0.8247742398579915,6,19,5
bbob_f9_fixed,270,anchor,30,7,8,15,30,0.5163644154866537,0.10227583249409994,0.9802091630299883,7,8,15
bbob_f9_fixed,270,proposal,0,0,0,0,30,0.0,0.0,0.0,0,30,0
cec_f1_shifted,210,anchor,30,13,0,17,30,17.462155151367188,-13.916127573649089,47.91713185628255,13,0,17
cec_f1_shifted,210,proposal,0,0,0,0,30,0.0,0.0,0.0,0,30,0
cec_f1_shifted,240,anchor,30,7,0,23,30,17.732923889160155,-0.015742289225260202,34.24694571177164,7,0,23
cec_f1_shifted,240,proposal,0,0,0,0,30,0.0,0.0,0.0,0,30,0
cec_f1_shifted,270,anchor,30,6,0,24,30,16.362164306640626,6.2645610809326175,26.728619079589844,6,0,24
cec_f1_shifted,270,proposal,0,0,0,0,30,0.0,0.0,0.0,0,30,0
cec_f3_shifted,210,anchor,30,11,0,19,30,2148958.85,-1943105.4841666666,6264369.665833331,11,0,19
cec_f3_shifted,210,proposal,0,0,0,0,30,0.0,0.0,0.0,0,30,0
cec_f3_shifted,240,anchor,30,14,0,16,30,1741957.0666666667,-2579043.01375,6265071.954999995,14,0,16
cec_f3_shifted,240,proposal,0,0,0,0,30,0.0,0.0,0.0,0,30,0
cec_f3_shifted,270,anchor,30,9,0,21,30,732612.9166666666,-1050095.735,2320020.5324999997,9,0,21
cec_f3_shifted,270,proposal,0,0,0,0,30,0.0,0.0,0.0,0,30,0
cec_f6_shifted,210,anchor,30,17,0,13,30,-0.10079050064086914,-0.29527860720952354,0.07431979656219481,17,0,13
cec_f6_shifted,210,proposal,0,0,0,0,30,0.0,0.0,0.0,0,30,0
cec_f6_shifted,240,anchor,30,14,2,14,30,0.016214847564697266,-0.12653979301452636,0.15679967721303298,14,2,14
cec_f6_shifted,240,proposal,0,0,0,0,30,0.0,0.0,0.0,0,30,0
cec_f6_shifted,270,anchor,30,9,7,14,30,-0.036678441365559894,-0.12840436299641927,0.03484437465667722,9,7,14
cec_f6_shifted,270,proposal,0,0,0,0,30,0.0,0.0,0.0,0,30,0
