fid,instance,method,n,difference,ci_low,ci_high,wins,ties,losses
1,101,anchor_only,10,-0.22499747853291438,-0.6749924355987431,0.0,1,9,0
1,101,full,10,-0.312998531505057,-0.815404558221145,0.07633296290541906,4,0,6
1,102,anchor_only,10,0.0,0.0,0.0,0,10,0
1,102,full,10,-0.03425463449475501,-0.9720524123092921,0.8590851871875711,4,0,6
10,101,anchor_only,10,0.0,0.0,0.0,0,10,0
10,101,full,10,-21503.796451604238,-57071.22553189635,12179.427356724123,5,1,4
10,102,anchor_only,10,0.0,0.0,0.0,0,10,0
10,102,full,10,-4848.817473235594,-30039.53732238862,21330.212698728377,6,0,4
11,101,anchor_only,10,0.0,0.0,0.0,0,10,0
11,101,full,10,-31.456030290101836,-90.05693489049924,19.78185667880143,4,2,4
11,102,anchor_only,10,0.0,0.0,0.0,0,10,0
11,102,full,10,-22.88015337299032,-94.24053423358215,39.48850221502553,5,0,5
12,101,anchor_only,10,-520843.2116593659,-1173325.480358076,22664.710409727693,3,6,1
12,101,full,10,-488724.79089759954,-1471457.1795299074,728964.2283440189,7,0,3
12,102,anchor_only,10,0.0,0.0,0.0,0,10,0
12,102,full,10,2584073.168748928,-555087.0236346767,6401795.062132791,3,0,7
13,101,anchor_only,10,0.0,0.0,0.0,0,10,0
13,101,full,10,-16.33321677290997,-77.91541804234578,26.280037259649156,5,0,5
13,102,anchor_only,10,0.0,0.0,0.0,0,10,0
13,102,full,10,-1.1470087055565954,-11.352039683408925,10.674260493579686,7,0,3
14,101,anchor_only,10,0.0,0.0,0.0,0,10,0
14,101,full,10,-0.6213880542350865,-1.8382234781760103,0.5288881958895566,6,0,4
14,102,anchor_only,10,-0.057064306349980144,-0.25180245597311457,0.12482687341355928,3,6,1
14,102,full,10,0.25604038544262264,-0.21255659296909785,1.0354189490830379,6,0,4
15,101,anchor_only,10,0.0,0.0,0.0,0,10,0
15,101,full,10,-0.9586407607162982,-13.26163911099865,12.190615516663918,6,0,4
15,102,anchor_only,10,0.0,0.0,0.0,0,10,0
15,102,full,10,13.008612490609632,-2.944124233676702,29.241943375342583,3,0,7
16,101,anchor_only,10,0.0,0.0,0.0,0,10,0
16,101,full,10,-0.8096051720583098,-4.895359866252512,3.2267962051491743,4,1,5
16,102,anchor_only,10,0.0,0.0,0.0,0,10,0
16,102,full,10,1.8818960225276562,-1.751067080574981,5.176760512989371,3,2,5
17,101,anchor_only,10,0.0,0.0,0.0,0,10,0
17,101,full,10,-0.05089962046060137,-0.9230043833799866,0.7797367984562357,5,0,5
17,102,anchor_only,10,0.0,0.0,0.0,0,10,0
17,102,full,10,0.3275380894938877,-0.8502082919970888,1.487472326438324,5,0,5
18,101,anchor_only,10,0.08239501402972564,0.0,0.24718504208917694,0,9,1
18,101,full,10,0.35275735572950495,-2.0905569296054463,2.8045199735935933,4,0,6
18,102,anchor_only,10,0.27292573324025116,0.0,0.8187771997207534,0,9,1
18,102,full,10,3.0438795457848324,-0.989185225106857,7.096941097313924,4,0,6
19,101,anchor_only,10,0.04658031411376271,0.015228115126750269,0.08198484799037094,1,0,9
19,101,full,10,0.04658031411376271,0.015228115126750269,0.08198484799037094,1,0,9
19,102,anchor_only,10,-0.017938303499671092,-0.0811980081017343,0.058351812476420815,7,0,3
19,102,full,10,-0.017938303499671092,-0.0811980081017343,0.058351812476420815,7,0,3
2,101,anchor_only,10,0.0,0.0,0.0,0,10,0
2,101,full,10,-16622.012918096843,-32096.924471067847,-2880.6071108705833,8,0,2
2,102,anchor_only,10,0.0,0.0,0.0,0,10,0
2,102,full,10,-6472.980569897741,-17846.923155854405,1682.6452514047528,8,0,2
20,101,anchor_only,10,-190.91478859271228,-545.0813542607825,82.43848614025237,4,4,2
20,101,full,10,-26.907305058672932,-91.46801722897588,49.54953394381827,6,0,4
20,102,anchor_only,10,117.09166694211254,-127.95340539724072,368.7516317018817,3,2,5
20,102,full,10,187.38974814434278,-19.43052142402833,471.454817471713,7,0,3
21,101,anchor_only,10,0.0,0.0,0.0,0,10,0
21,101,full,10,3.6925602019175274,0.22684065801663914,8.875524042650214,2,0,8
21,102,anchor_only,10,0.06471584827854145,0.0,0.19414754483562432,0,9,1
21,102,full,10,-0.4969730996395015,-1.8754319923267186,0.4318046848024722,6,0,4
22,101,anchor_only,10,0.0,0.0,0.0,0,10,0
22,101,full,10,-1.9089485426243211,-6.751083702693868,2.375262936167636,5,0,5
22,102,anchor_only,10,0.0,0.0,0.0,0,10,0
22,102,full,10,-1.0157777620479416,-3.4063618161512097,1.092899427024314,6,0,4
23,101,anchor_only,10,0.0,0.0,0.0,0,10,0
23,101,full,10,0.14630668720839424,-0.06671564469087343,0.42308593444030007,2,6,2
23,102,anchor_only,10,-0.0014802788139093082,-0.004440836441727924,0.0,1,9,0
23,102,full,10,-0.1445134363244563,-0.6479396481852518,0.254333946514982,4,4,2
24,101,anchor_only,10,3.390071678035747,-10.713821061283314,16.766837251284883,3,0,7
24,101,full,10,8.633104974440744,-0.04095169286060622,17.30958465940009,4,0,6
24,102,anchor_only,10,0.060414335069879144,-9.368426253444344,7.672907662848926,2,1,7
24,102,full,10,3.9022223438080177,-4.8166738854944375,12.677675950025412,5,0,5
3,101,anchor_only,10,0.0,0.0,0.0,0,10,0
3,101,full,10,-2.0885040963259,-18.624465025202895,15.023936320401864,8,0,2
3,102,anchor_only,10,-0.22804689053764945,-4.066127524166632,3.381986852553683,1,8,1
3,102,full,10,-12.210181831523817,-23.517633518628323,-1.1500723329924858,7,0,3
4,101,anchor_only,10,-0.4135237627781976,-1.3615893373146606,0.2852130963931131,2,7,1
4,101,full,10,-6.606714039601394,-19.912621674196245,8.00136274075466,6,0,4
4,102,anchor_only,10,-8.174835660563707,-16.482307514539176,-1.7335776094478548,5,5,0
4,102,full,10,2.3466464737235357,-5.595283442852034,11.441666917133476,4,0,6
5,101,anchor_only,10,0.0,0.0,0.0,0,10,0
5,101,full,10,-0.323388853111544,-4.059782069504786,3.048031815611733,5,0,5
5,102,anchor_only,10,0.0,0.0,0.0,0,10,0
5,102,full,10,1.7898334207032782,-0.3022780315467944,4.89761370694153,4,0,6
6,101,anchor_only,10,0.0,0.0,0.0,0,10,0
6,101,full,10,493.8503671587261,-4754.425035173073,6549.5077745167,6,0,4
6,102,anchor_only,10,0.0,0.0,0.0,0,10,0
6,102,full,10,78.00076113479489,-177.05219921936163,364.64882088888794,7,0,3
7,101,anchor_only,10,0.0,0.0,0.0,0,10,0
7,101,full,10,-3.3057662390701124,-9.134297144879532,3.7662677266055185,7,0,3
7,102,anchor_only,10,0.0,0.0,0.0,0,10,0
7,102,full,10,-1.6362348184669657,-6.907375350932502,3.8925942613491453,5,1,4
8,101,anchor_only,10,131.49327398626048,0.0,394.4798219587814,0,9,1
8,101,full,10,32.734965009899796,-276.6208048275715,284.907740762998,3,0,7
8,102,anchor_only,10,346.3893026278878,0.0,826.1511746303819,0,8,2
8,102,full,10,292.1774489231585,-142.17375513027324,720.7970477246432,4,0,6
9,101,anchor_only,10,-0.06300500970695992,-0.4945073158648832,0.28642528768875897,5,0,5
9,101,full,10,-0.11496270689240048,-1.5384634189180753,1.1916197301607456,6,0,4
9,102,anchor_only,10,-0.19175696982553064,-0.2566614887894508,-0.12860235688551808,10,0,0
9,102,full,10,-1.1232770036139754,-2.624098354047537,0.24857229158819893,8,0,2
