fid,method,mean,std,feasible,runs,mean_clearance
1,anchor_only,26.107344118754067,0.6514562223575936,0,30,-0.5764366885026296
1,cma_es,17.165302530924478,1.3965717837496858,18,30,0.3980976531902949
1,de,27.39084021250407,3.8252925908912982,11,30,-0.03932161629199982
1,full,24.430393282572428,2.7105016500152455,0,30,-0.5326188464959463
1,no_proxy,26.079938252766926,0.7690081806161567,0,30,-0.577292047937711
1,no_residual,24.910533968607584,2.5369938656150177,1,30,-0.5271779994169871
1,score_only,23.02733586629232,2.4414800452390364,0,30,-0.5003825922807058
2,anchor_only,36.87759825388591,3.938933081775606,6,30,-0.2764385501543681
2,cma_es,17.551230812072752,1.5742140877552842,7,30,-0.19858771959940594
2,de,29.164310010274253,3.8369299591706203,4,30,-0.22947730422019957
2,full,26.67197732925415,5.0966332783614545,2,30,-0.36718358596165973
2,no_proxy,35.989603932698564,4.103555343371354,7,30,-0.2997774442036947
2,no_residual,27.52298526763916,4.267838777273825,4,30,-0.28821689585844673
2,score_only,26.67197732925415,5.0966332783614545,2,30,-0.36718358596165973
3,anchor_only,23.652669843037923,1.2907400913421583,0,30,-0.5107405672470728
3,cma_es,17.224154313405354,1.0569411522448202,15,30,0.05600596566994985
3,de,25.837779871622722,3.3539554469939072,5,30,-0.1653884063164393
3,full,23.016846211751304,1.821591343973107,0,30,-0.4836546222368876
3,no_proxy,23.652669843037923,1.2907400913421583,0,30,-0.5107405672470728
3,no_residual,22.547620010375976,2.0788350918355656,0,30,-0.47495316465695697
3,score_only,20.92823028564453,2.3449654461274054,0,30,-0.47851781646410624
4,anchor_only,30.6880064646403,0.4237817774309073,0,30,-0.47474802831808727
4,cma_es,20.080625661214192,2.297845299021291,14,30,0.003366541862487793
4,de,32.53205312093099,4.07339780716105,7,30,-0.3195488532384237
4,full,29.019449996948243,2.9804664517364525,0,30,-0.4448952982823054
4,no_proxy,30.6880064646403,0.4237817774309073,0,30,-0.47474802831808727
4,no_residual,29.143520228068034,2.663141543122546,0,30,-0.46000152329603833
4,score_only,26.092924118041992,3.622797089200915,0,30,-0.44499631524086
5,anchor_only,31.46292349497477,0.9378398692347323,29,30,0.11346051295598349
5,cma_es,18.77521540323893,1.8886896563809874,16,30,0.03458622097969055
5,de,30.2363587697347,4.338033323281551,9,30,-0.14964040418465932
5,full,28.33410027821859,4.215736519502789,29,30,0.15469656189282735
5,no_proxy,31.37452786763509,1.0718254795139344,29,30,0.11368092695871988
5,no_residual,28.262071228027345,4.295291110606614,29,30,0.1553849160671234
5,score_only,26.750448417663574,3.9397763062415474,27,30,0.15439115961392721
