fid,comparator,n,difference,ci_low,ci_high,wins,ties,losses
1,anchor_only,30,-1.6769508361816405,-2.6048509248097735,-0.8358229144414279,16,9,5
1,cma_es,30,7.265090751647949,6.080140872796377,8.420991089344023,1,0,29
1,de,30,-2.9604469299316407,-4.656843241055807,-1.2568688996632895,23,0,7
1,no_proxy,30,-1.6495449701944986,-2.561609705289205,-0.8195615259806324,16,9,5
1,no_residual,30,-0.48014068603515625,-1.0462766822179157,0.004670333862304619,11,12,7
1,score_only,30,1.4030574162801106,0.5182813549041748,2.3722111082077024,9,7,14
2,anchor_only,30,-10.205620924631754,-11.959058798154196,-8.553065814971923,30,0,0
2,cma_es,30,9.120746517181397,7.196620115439097,11.189886618455251,1,0,29
2,de,30,-2.492332681020101,-4.719884091218312,-0.10174329837163393,21,0,9
2,no_proxy,30,-9.317626603444417,-11.325918187300363,-7.316679789225261,28,0,2
2,no_residual,30,-0.8510079383850098,-2.17246000846227,0.28117896397908504,11,6,13
2,score_only,30,0.0,0.0,0.0,0,30,0
3,anchor_only,30,-0.6358236312866211,-1.2140077590942382,-0.19698741277058937,13,17,0
3,cma_es,30,5.792691898345947,5.015360782941182,6.4782029477755225,1,0,29
3,de,30,-2.8209336598714194,-4.144442869822184,-1.5252595074971524,22,0,8
3,no_proxy,30,-0.6358236312866211,-1.2140077590942382,-0.19698741277058937,13,17,0
3,no_residual,30,0.4692262013753255,0.05148044586181641,0.9764485963185624,5,13,12
3,score_only,30,2.0886159261067707,1.1936283016204836,2.9905256748199456,6,3,21
4,anchor_only,30,-1.6685564676920572,-2.800552193323771,-0.7277063258488976,18,10,2
4,cma_es,30,8.938824335734049,7.530555656750997,10.208018662134805,1,0,29
4,de,30,-3.5126031239827475,-5.560847380956014,-1.5584568214416517,23,0,7
4,no_proxy,30,-1.6685564676920572,-2.800552193323771,-0.7277063258488976,18,10,2
4,no_residual,30,-0.12407023111979167,-1.0400539366404216,0.7377048095067339,11,13,6
4,score_only,30,2.92652587890625,1.6929209121068318,4.181403487523396,4,3,23
5,anchor_only,30,-3.1288232167561847,-4.570264690717061,-1.8413228257497152,21,7,2
5,cma_es,30,9.558884874979656,8.12005622545878,10.915599466959634,0,0,30
5,de,30,-1.9022584915161134,-4.300477342605591,0.26064980983734126,18,0,12
5,no_proxy,30,-3.040427589416504,-4.4490057611465454,-1.790353895823161,21,7,2
5,no_residual,30,0.07202905019124349,-0.3081169525782267,0.4971812423070272,9,12,9
5,score_only,30,1.583651860555013,0.47229000250498454,2.657630515098571,7,4,19
