case,variant,warmup,n,mean,std,median,minimum,maximum
bbob_f11_fixed,full,0.3333333333333333,30,3.044525353090527,7.273994515353371,0.13243705034255981,0.0014097362291067,31.45989227294922
bbob_f11_fixed,full,0.5,30,1.883252237929264,6.604596076086834,0.047816075384616796,8.206858183257282e-05,35.38317108154297
bbob_f11_fixed,full,0.7,30,1.7946536374676119,4.949832210676466,0.10618696734309191,8.206858183257282e-05,23.05137825012207
bbob_f11_fixed,full,0.9,30,1.8314216258712501,4.94125318965957,0.1219347827136516,8.206858183257282e-05,23.05137825012207
bbob_f15_fixed,full,0.3333333333333333,30,0.054753442356983775,0.03722413836208106,0.0425864346325397,0.0062110964208841,0.1249894425272941
bbob_f15_fixed,full,0.5,30,0.01991489087231452,0.013989782429497746,0.015216294210404099,0.0054443362168967,0.0684086605906486
bbob_f15_fixed,full,0.7,30,0.018596623310198332,0.013934807973352507,0.0141092003323137,0.0045529017224907,0.0684086605906486
bbob_f15_fixed,full,0.9,30,0.018596623310198332,0.013934807973352507,0.0141092003323137,0.0045529017224907,0.0684086605906486
bbob_f9_fixed,full,0.3333333333333333,30,54.96021792093913,4.662586583368756,56.885629653930664,40.96038818359375,58.22256851196289
bbob_f9_fixed,full,0.5,30,52.74543444315592,7.0782494050014195,55.22244644165039,27.011924743652344,58.35079193115234
bbob_f9_fixed,full,0.7,30,53.11186230977376,4.922816710432912,55.23642158508301,38.2110595703125,58.06798553466797
bbob_f9_fixed,full,0.9,30,55.8093142191569,2.962624275336171,57.05759048461914,44.66536712646485,58.23794174194336
cec_f1_shifted,full,0.3333333333333333,30,13.285768923163413,17.267503355062065,7.568139553070068,0.1781783998012542,68.48860931396484
cec_f1_shifted,full,0.5,30,120.28974647521973,103.54947209991518,89.5799446105957,7.4034833908081055,411.0177001953125
cec_f1_shifted,full,0.7,30,782.6228978474935,397.5661740414432,718.4366149902344,159.64027404785156,1595.7392578125
cec_f1_shifted,full,0.9,30,1917.425203450521,629.4716312590801,2025.6012573242188,828.9891967773438,3170.967041015625
cec_f3_shifted,full,0.3333333333333333,30,8655472.769791666,7062494.094457112,6981028.75,452357.15625,30669786.0
cec_f3_shifted,full,0.5,30,11411856.683333334,9749040.736323714,9416084.5,1117806.25,41110964.0
cec_f3_shifted,full,0.7,30,36322655.2,22557144.51631011,35900106.0,3460439.5,120241648.0
cec_f3_shifted,full,0.9,30,83143154.26666667,61931942.490561746,66077736.0,9229290.0,292124320.0
cec_f6_shifted,full,0.3333333333333333,30,14.240737533569336,1.4670434403731438,14.346339225769043,9.81421184539795,16.721485137939453
cec_f6_shifted,full,0.5,30,14.456484095255535,1.6050942355888265,14.752702713012695,9.330738067626951,16.841228485107422
cec_f6_shifted,full,0.7,30,15.78715778986613,1.4712337387122574,16.141748428344727,10.013522148132324,17.17800521850586
cec_f6_shifted,full,0.9,30,16.346547349294028,1.413018276273447,16.891874313354492,11.061717987060549,17.818485260009766
