task,pair,seed,method,auc,hit,success,final_error,measured_objective_seconds,policy_seconds,simulated_total_seconds
target_02_0,02,0,A,0.0,2,True,0.0,0.18923408491536975,0.00039204908534884453,0.1896261340007186
target_02_0,02,0,Bad,0.0,2,True,0.0,0.20252913190051913,0.0068417019210755825,0.20937083382159472
target_02_0,02,0,F,0.0,2,True,0.0,0.19032952096313238,0.005263724830001593,0.19559324579313397
target_02_0,02,0,Fixed,0.0,2,True,0.0,0.19481603475287557,0.005296990741044283,0.20011302549391985
target_02_0,02,0,GP,0.0,2,True,0.0,0.1966476789675653,0.23081070790067315,0.42745838686823845
target_02_0,02,0,O,0.0,2,True,0.0,0.20252913190051913,0.00530013395473361,0.20782926585525274
target_02_0,02,0,Random,0.0,2,True,0.0,0.20280811097472906,0.00016253720968961716,0.20297064818441868
target_02_0,02,1,A,0.0,1,True,0.0,0.190149640198797,0.0005301651544868946,0.19067980535328388
target_02_0,02,1,Bad,0.0,1,True,0.0,0.193917287979275,0.006347868591547012,0.200265156570822
target_02_0,02,1,F,0.0,1,True,0.0,0.19680448807775974,0.006269900128245354,0.2030743882060051
target_02_0,02,1,Fixed,0.0,1,True,0.0,0.20501321274787188,0.006769091822206974,0.21178230457007885
target_02_0,02,1,GP,0.0,1,True,0.0,0.20358316507190466,0.2779522491618991,0.48153541423380375
target_02_0,02,1,O,0.0,1,True,0.0,0.193917287979275,0.007106990087777376,0.20102427806705236
target_02_0,02,1,Random,0.0,1,True,0.0,0.20819094637408853,0.00022215815261006355,0.2084131045266986
target_02_0,02,2,A,0.0,1,True,0.0,0.1915090070106089,0.00044845370575785637,0.19195746071636677
target_02_0,02,2,Bad,0.0,1,True,0.0,0.1997404582798481,0.006582747213542461,0.20632320549339056
target_02_0,02,2,F,0.0,1,True,0.0,0.19784673303365707,0.007183171343058348,0.20502990437671542
target_02_0,02,2,Fixed,0.0,1,True,0.0,0.20130328508093953,0.0076835621148347855,0.20898684719577432
target_02_0,02,2,GP,0.0,1,True,0.0,0.19979415740817785,0.26123399706557393,0.4610281544737518
target_02_0,02,2,O,0.0,1,True,0.0,0.206901787314564,0.007708399090915918,0.2146101864054799
target_02_0,02,2,Random,0.0,1,True,0.0,0.2015254022553563,0.0001630149781703949,0.2016884172335267
target_02_1,02,0,A,0.0,1,True,0.0,0.18890754599124193,0.0004871138371527195,0.18939465982839465
target_02_1,02,0,Bad,0.0,1,True,0.0,0.2103380523622036,0.005562150850892067,0.21590020321309566
target_02_1,02,0,F,0.0,1,True,0.0,0.2108093211427331,0.005367452744394541,0.21617677388712764
target_02_1,02,0,Fixed,0.0,1,True,0.0,0.2143069738522172,0.005157175939530134,0.21946414979174733
target_02_1,02,0,GP,0.0,1,True,0.0,0.20124932192265987,0.2512724050320685,0.45252172695472836
target_02_1,02,0,O,0.0,1,True,0.0,0.20726149063557386,0.006610543932765722,0.2138720345683396
target_02_1,02,0,Random,0.0,1,True,0.0,0.2118143644183874,0.00026686256751418114,0.2120812269859016
target_02_1,02,1,A,0.0,1,True,0.0,0.19068934442475438,0.00039775436744093895,0.19108709879219532
target_02_1,02,1,Bad,0.0,1,True,0.0,0.1987316505983472,0.00545013090595603,0.20418178150430322
target_02_1,02,1,F,0.0,1,True,0.0,0.20588762685656548,0.004341476131230593,0.21022910298779607
target_02_1,02,1,Fixed,0.0,1,True,0.0,0.20547172566875815,0.006660939194262028,0.21213266486302018
target_02_1,02,1,GP,0.0,1,True,0.0,0.2098556375131011,0.27201170194894075,0.48186733946204185
target_02_1,02,1,O,0.0,1,True,0.0,0.1987316505983472,0.00564937200397253,0.20438102260231972
target_02_1,02,1,Random,0.0,1,True,0.0,0.20135251944884658,0.00023165671154856682,0.20158417616039515
target_02_1,02,2,A,0.0,1,True,0.0,0.18890805542469025,0.0003946409560739994,0.18930269638076425
target_02_1,02,2,Bad,0.0,1,True,0.0,0.21243066200986505,0.005544655956327915,0.21797531796619296
target_02_1,02,2,F,0.0,1,True,0.0,0.2132273563183844,0.005350158084183931,0.21857751440256834
target_02_1,02,2,Fixed,0.0,1,True,0.0,0.21705369791015983,0.005301141180098057,0.22235483909025788
target_02_1,02,2,GP,0.0,1,True,0.0,0.20770591730251908,0.2649167012423277,0.4726226185448468
target_02_1,02,2,O,0.0,1,True,0.0,0.21243066200986505,0.005237585864961147,0.2176682478748262
target_02_1,02,2,Random,0.0,1,True,0.0,0.20358329406008124,9.55420546233654e-05,0.2036788361147046
target_02_2,02,0,A,0.0,1,True,0.0,0.19051766861230135,0.0005561639554798603,0.1910738325677812
target_02_2,02,0,Bad,0.0,1,True,0.0,0.20805237581953406,0.00621641892939806,0.21426879474893212
target_02_2,02,0,F,0.0,1,True,0.0,0.19177733873948455,0.006806965917348862,0.1985843046568334
target_02_2,02,0,Fixed,0.0,1,True,0.0,0.19661238370463252,0.00809449190273881,0.20470687560737133
target_02_2,02,0,GP,0.0,1,True,0.0,0.2133154235780239,0.25267510674893856,0.46599053032696247
target_02_2,02,0,O,0.0,1,True,0.0,0.20805237581953406,0.007636475842446089,0.21568885166198015
target_02_2,02,0,Random,0.0,1,True,0.0,0.2064890917390585,0.00023246509954333305,0.20672155683860183
target_02_2,02,1,A,0.0,1,True,0.0,0.1911830184981227,0.0004544910043478012,0.1916375095024705
target_02_2,02,1,Bad,0.0,1,True,0.0,0.20726641174405813,0.007326673250645399,0.21459308499470353
target_02_2,02,1,F,0.0,1,True,0.0,0.2197341602295637,0.006701086647808552,0.22643524687737226
target_02_2,02,1,Fixed,0.0,1,True,0.0,0.22043372923508286,0.0052256230264902115,0.22565935226157308
target_02_2,02,1,GP,0.0,1,True,0.0,0.20884072175249457,0.23568167118355632,0.4445223929360509
target_02_2,02,1,O,0.0,1,True,0.0,0.20726641174405813,0.00705232797190547,0.2143187397159636
target_02_2,02,1,Random,0.0,1,True,0.0,0.20451531931757927,0.00027352897450327873,0.20478884829208255
target_02_2,02,2,A,0.0,1,True,0.0,0.19047624384984374,0.0005685561336576939,0.19104479998350143
target_02_2,02,2,Bad,0.0,1,True,0.0,0.2082530572079122,0.005317637696862221,0.21357069490477443
target_02_2,02,2,F,0.0,1,True,0.0,0.20947068789973855,0.007163518108427525,0.21663420600816607
target_02_2,02,2,Fixed,0.0,1,True,0.0,0.20915204333141446,0.008009698707610369,0.21716174203902483
target_02_2,02,2,GP,0.0,1,True,0.0,0.21583419805392623,0.26448658714070916,0.4803207851946354
target_02_2,02,2,O,0.0,1,True,0.0,0.2082530572079122,0.003987116739153862,0.21224017394706607
target_02_2,02,2,Random,0.0,1,True,0.0,0.2053877292200923,0.00016688089817762375,0.20555461011826992
target_04_0,04,0,A,0.0,1,True,0.0,0.19608535198494792,0.0003430228680372238,0.19642837485298514
target_04_0,04,0,Bad,0.0,1,True,0.0,0.20514561282470822,0.005273939110338688,0.2104195519350469
target_04_0,04,0,F,0.0,1,True,0.0,0.20851440681144595,0.0050509930588305,0.21356539987027645
target_04_0,04,0,Fixed,0.0,1,True,0.0,0.20851440681144595,0.007461344823241234,0.21597575163468719
target_04_0,04,0,GP,0.0,1,True,0.0,0.2167095565237105,0.18554139882326126,0.40225095534697175
target_04_0,04,0,O,0.0,1,True,0.0,0.20514561282470822,0.004193175118416548,0.20933878794312477
target_04_0,04,0,Random,0.0,1,True,0.0,0.21123471530154347,9.524310007691383e-05,0.2113299584016204
target_04_0,04,1,A,0.0,1,True,0.0,0.19215763919055462,0.0004966938868165016,0.19265433307737112
target_04_0,04,1,Bad,0.0,1,True,0.0,0.20026149367913604,0.006616097874939442,0.20687759155407548
target_04_0,04,1,F,0.0,1,True,0.0,0.1971090310253203,0.004676210228353739,0.20178524125367403
target_04_0,04,1,Fixed,0.0,1,True,0.0,0.1971090310253203,0.004233778920024633,0.20134280994534492
target_04_0,04,1,GP,0.0,1,True,0.0,0.1985750300809741,0.21972719207406044,0.41830222215503454
target_04_0,04,1,O,0.0,1,True,0.0,0.1928142961114645,0.007270703092217445,0.20008499920368195
target_04_0,04,1,Random,0.0,1,True,0.0,0.20139921084046364,9.306007996201515e-05,0.20149227092042565
target_04_0,04,2,A,0.0,3,True,0.0,0.19629526743665338,0.0004249732010066509,0.19672024063766003
target_04_0,04,2,Bad,0.0,3,True,0.0,0.19994618650525808,0.0033771321177482605,0.20332331862300634
target_04_0,04,2,F,0.0,3,True,0.0,0.20692758401855826,0.004419361706823111,0.21134694572538137
target_04_0,04,2,Fixed,0.0,3,True,0.0,0.20698057673871517,0.0029419991187751293,0.2099225758574903
target_04_0,04,2,GP,0.0,3,True,0.0,0.20916132722049952,0.2315167412161827,0.4406780684366822
target_04_0,04,2,O,0.0,3,True,0.0,0.19994618650525808,0.007047166116535664,0.20699335262179375
target_04_0,04,2,Random,0.0,3,True,0.0,0.20707562053576112,0.00015865638852119446,0.2072342769242823
target_04_1,04,0,A,0.0,1,True,0.01388888888888884,0.18447568686679006,0.00043906690552830696,0.18491475377231836
target_04_1,04,0,Bad,0.0,1,True,0.01388888888888884,0.19106402108445764,0.005153844598680735,0.19621786568313837
target_04_1,04,0,F,0.0,1,True,0.01388888888888884,0.19736676756292582,0.006129249930381775,0.2034960174933076
target_04_1,04,0,Fixed,0.0,1,True,0.01388888888888884,0.19736676756292582,0.005310402251780033,0.20267716981470585
target_04_1,04,0,GP,0.0,1,True,0.01388888888888884,0.18655603425577283,0.22983873821794987,0.4163947724737227
target_04_1,04,0,O,0.0,1,True,0.01388888888888884,0.1916495836339891,0.006842263042926788,0.19849184667691588
target_04_1,04,0,Random,0.0,1,True,0.01388888888888884,0.20774949062615633,0.00022339588031172752,0.20797288650646806
target_04_1,04,1,A,0.0,1,True,0.01388888888888884,0.18477222882211208,0.00030913297086954117,0.18508136179298162
target_04_1,04,1,Bad,0.0,1,True,0.01388888888888884,0.20358300860971212,0.00549792917445302,0.20908093778416514
target_04_1,04,1,F,0.0,1,True,0.01388888888888884,0.1856369860470295,0.0056247287429869175,0.1912617147900164
target_04_1,04,1,Fixed,0.0,1,True,0.01388888888888884,0.1856369860470295,0.007251853123307228,0.19288883917033672
target_04_1,04,1,GP,0.0,1,True,0.01388888888888884,0.19859554572030902,0.213147456292063,0.411743002012372
target_04_1,04,1,O,0.0,1,True,0.01388888888888884,0.20358300860971212,0.005549202673137188,0.2091322112828493
target_04_1,04,1,Random,0.0,1,True,0.01388888888888884,0.20027519343420863,0.00024112360551953316,0.20051631703972816
target_04_1,04,2,A,0.034482758620689655,5,True,0.01388888888888884,0.18523080367594957,0.00044013792648911476,0.1856709416024387
target_04_1,04,2,Bad,0.06896551724137931,6,True,0.01388888888888884,0.19025052385404706,0.0065761893056333065,0.19682671315968037
target_04_1,04,2,F,0.06896551724137931,6,True,0.01388888888888884,0.19404430082067847,0.006931430194526911,0.20097573101520538
target_04_1,04,2,Fixed,0.034482758620689655,5,True,0.01388888888888884,0.19001857098191977,0.004046787042170763,0.19406535802409053
target_04_1,04,2,GP,0.06896551724137931,6,True,0.01388888888888884,0.18911936087533832,0.20586614403873682,0.39498550491407514
target_04_1,04,2,O,0.06896551724137931,6,True,0.01388888888888884,0.19025052385404706,0.00521670188754797,0.19546722574159503
target_04_1,04,2,Random,0.13793103448275862,8,True,0.01388888888888884,0.20032675564289093,0.0002257772721350193,0.20055253291502595
target_04_2,04,0,A,0.0,1,True,0.0,0.1971166878938675,0.0005219667218625546,0.19763865461573005
target_04_2,04,0,Bad,0.0,1,True,0.0,0.19546043872833252,0.007248683832585812,0.20270912256091833
target_04_2,04,0,F,0.0,1,True,0.0,0.2077082977630198,0.005304671358317137,0.21301296912133694
target_04_2,04,0,Fixed,0.0,1,True,0.0,0.2077082977630198,0.006808348000049591,0.2145166457630694
target_04_2,04,0,GP,0.0,1,True,0.0,0.20026559149846435,0.2729569938965142,0.4732225853949785
target_04_2,04,0,O,0.0,1,True,0.0,0.1941462429240346,0.00440323818475008,0.19854948110878468
target_04_2,04,0,Random,0.0,1,True,0.0,0.2005980326794088,0.0001566731370985508,0.20075470581650734
target_04_2,04,1,A,0.0,4,True,0.0,0.19775838451460004,0.0002845562994480133,0.19804294081404805
target_04_2,04,1,Bad,0.0,4,True,0.0,0.21498522209003568,0.005349838174879551,0.22033506026491523
target_04_2,04,1,F,0.0,4,True,0.0,0.19824828021228313,0.007336209993809462,0.2055844902060926
target_04_2,04,1,Fixed,0.0,4,True,0.0,0.19824828021228313,0.005315162241458893,0.20356344245374203
target_04_2,04,1,GP,0.0,4,True,0.0,0.1992175173945725,0.25403444608673453,0.45325196348130703
target_04_2,04,1,O,0.0,4,True,0.0,0.2177899368107319,0.005169929005205631,0.22295986581593752
target_04_2,04,1,Random,0.0,4,True,0.0,0.20320518547669053,0.00019458681344985962,0.2033997722901404
target_04_2,04,2,A,0.0,4,True,0.0,0.19713562354445457,0.0004519862122833729,0.19758760975673795
target_04_2,04,2,Bad,0.0,4,True,0.0,0.20376861235126853,0.00651587313041091,0.21028448548167944
target_04_2,04,2,F,0.0,4,True,0.0,0.1979678925126791,0.007116585038602352,0.20508447755128145
target_04_2,04,2,Fixed,0.0,4,True,0.0,0.1979678925126791,0.006794742774218321,0.20476263528689742
target_04_2,04,2,GP,0.0,4,True,0.0,0.19959470769390464,0.2580926758237183,0.45768738351762295
target_04_2,04,2,O,0.0,4,True,0.0,0.19631059002131224,0.006281255278736353,0.2025918453000486
target_04_2,04,2,Random,0.0,4,True,0.0,0.20841319439932704,0.00015969900414347649,0.20857289340347052
target_05_0,05,0,A,0.0009319664492078266,2,True,0.0,0.16765622235834599,0.00021629687398672104,0.1678725192323327
target_05_0,05,0,Bad,0.0018639328984156533,2,True,0.0,0.16803645202890038,0.005706459283828735,0.17374291131272912
target_05_0,05,0,F,0.0018639328984156533,2,True,0.0,0.16402310645207763,0.007240224163979292,0.17126333061605692
target_05_0,05,0,Fixed,0.0018639328984156533,2,True,0.0,0.16402310645207763,0.006788826081901789,0.17081193253397942
target_05_0,05,0,GP,0.01957129543336436,2,True,0.0,0.17797679034993052,0.27086695982143283,0.44884375017136335
target_05_0,05,0,O,0.0018639328984156533,2,True,0.0,0.16803645202890038,0.004983212798833847,0.17301966482773423
target_05_0,05,0,Random,0.018639328984156534,2,True,0.0,0.17664455948397517,0.00021895905956625938,0.17686351854354143
target_05_0,05,1,A,0.0,3,True,0.0,0.16674284217879176,0.00044083409011363983,0.1671836762689054
target_05_0,05,1,Bad,0.0,3,True,0.0,0.17223471263423562,0.005872795823961496,0.17810750845819712
target_05_0,05,1,F,0.0,3,True,0.0,0.16926399851217866,0.004981991834938526,0.17424599034711719
target_05_0,05,1,Fixed,0.0,3,True,0.0,0.16926399851217866,0.006629518698900938,0.1758935172110796
target_05_0,05,1,GP,0.0,3,True,0.0,0.164781145285815,0.2507157758809626,0.4154969211667776
target_05_0,05,1,O,0.0,3,True,0.0,0.16969230212271214,0.006097953766584396,0.17579025588929653
target_05_0,05,1,Random,0.0,3,True,0.0,0.1812232369557023,0.00015640491619706154,0.18137964187189937
target_05_0,05,2,A,0.0009319664492078266,2,True,0.0,0.16498987982049584,0.0003520403988659382,0.16534192021936178
target_05_0,05,2,Bad,0.010251630941286094,2,True,0.0,0.16598347714170814,0.007357421796768904,0.17334089893847704
target_05_0,05,2,F,0.0018639328984156533,2,True,0.0,0.17312992503866553,0.005889332853257656,0.1790192578919232
target_05_0,05,2,Fixed,0.0018639328984156533,2,True,0.0,0.17312992503866553,0.007066571153700352,0.18019649619236588
target_05_0,05,2,GP,0.006523765144454787,2,True,0.0,0.1719542616046965,0.29895690083503723,0.47091116243973374
target_05_0,05,2,O,0.006523765144454787,2,True,0.0,0.1702171922661364,0.006585372146219015,0.17680256441235542
target_05_0,05,2,Random,0.006523765144454787,2,True,0.0,0.17639216827228665,0.00021922914311289787,0.17661139741539955
target_05_1,05,0,A,0.0009319664492078266,4,True,0.0,0.16739544458687305,0.0005289730615913868,0.16792441764846444
target_05_1,05,0,Bad,0.00279589934762348,4,True,0.0,0.17358419997617602,0.006109904032200575,0.1796941040083766
target_05_1,05,0,F,0.0009319664492078266,4,True,0.0,0.17379745095968246,0.006559946108609438,0.1803573970682919
target_05_1,05,0,Fixed,0.0009319664492078266,4,True,0.0,0.17379745095968246,0.0039224703796207905,0.17771992133930326
target_05_1,05,0,GP,0.0046598322460391335,4,True,0.0,0.17078384617343545,0.2087655169889331,0.37954936316236854
target_05_1,05,0,O,0.00559179869524696,4,True,0.0,0.17081382917240262,0.007481685373932123,0.17829551454633474
target_05_1,05,0,Random,0.009319664492078267,4,True,0.0,0.1856640325859189,0.00011967308819293976,0.18578370567411184
target_05_1,05,1,A,0.0,1,True,0.0,0.16815650276839733,0.00019741524010896683,0.1683539180085063
target_05_1,05,1,Bad,0.0,1,True,0.0,0.17646828992292285,0.005232471041381359,0.1817007609643042
target_05_1,05,1,F,0.0,1,True,0.0,0.17972397757694125,0.004951697774231434,0.18467567535117269
target_05_1,05,1,Fixed,0.0,1,True,0.0,0.17972397757694125,0.006832231301814318,0.18655620887875557
target_05_1,05,1,GP,0.0,1,True,0.0,0.17177762044593692,0.22348637413233519,0.3952639945782721
target_05_1,05,1,O,0.0,1,True,0.0,0.18725383840501308,0.005428727716207504,0.1926825661212206
target_05_1,05,1,Random,0.0,1,True,0.0,0.18905512802302837,0.00022469088435173035,0.1892798189073801
target_05_1,05,2,A,0.0,1,True,0.0,0.1661322726868093,0.0004930580034852028,0.1666253306902945
target_05_1,05,2,Bad,0.0,1,True,0.0,0.17561229364946485,0.005980662070214748,0.1815929557196796
target_05_1,05,2,F,0.0,1,True,0.0,0.18041206849738955,0.00683462992310524,0.1872466984204948
target_05_1,05,2,Fixed,0.0,1,True,0.0,0.18058450240641832,0.004918246064335108,0.18550274847075343
target_05_1,05,2,GP,0.0,1,True,0.0,0.17448530113324523,0.2626140988431871,0.4370993999764323
target_05_1,05,2,O,0.0,1,True,0.0,0.17561229364946485,0.006268645171076059,0.1818809388205409
target_05_1,05,2,Random,0.0,1,True,0.0,0.18809356587007642,0.0002223830670118332,0.18831594893708825
target_05_2,05,0,A,0.0,2,True,0.0,0.1837705853395164,0.00042253220453858376,0.18419311754405499
target_05_2,05,0,Bad,0.0,2,True,0.0,0.1797063178382814,0.0038088527508080006,0.1835151705890894
target_05_2,05,0,F,0.0,2,True,0.0,0.1825280082412064,0.0042626457288861275,0.18679065397009254
target_05_2,05,0,Fixed,0.0,2,True,0.0,0.1825280082412064,0.004218836314976215,0.18674684455618262
target_05_2,05,0,GP,0.0,2,True,0.0,0.17445889161899686,0.2694956292398274,0.44395452085882425
target_05_2,05,0,O,0.0,2,True,0.0,0.17765831528231502,0.007737874053418636,0.18539618933573365
target_05_2,05,0,Random,0.0,2,True,0.0,0.1945816744118929,0.00022635841742157936,0.19480803282931447
target_05_2,05,1,A,0.0,1,True,0.0,0.18380705965682864,0.00023082410916686058,0.1840378837659955
target_05_2,05,1,Bad,0.0,1,True,0.0,0.17494327249005437,0.007380250841379166,0.18232352333143353
target_05_2,05,1,F,0.0,1,True,0.0,0.18374421307817101,0.005040789023041725,0.18878500210121274
target_05_2,05,1,Fixed,0.0,1,True,0.0,0.18374421307817101,0.00390729820355773,0.18765151128172874
target_05_2,05,1,GP,0.0,1,True,0.0,0.18036779668182135,0.23307269997894764,0.413440496660769
target_05_2,05,1,O,0.0,1,True,0.0,0.18010837864130735,0.0044453758746385574,0.1845537545159459
target_05_2,05,1,Random,0.0,1,True,0.0,0.19081895472481847,0.00011675804853439331,0.19093571277335286
target_05_2,05,2,A,0.0,1,True,0.0,0.1859745834954083,0.00035034818574786186,0.18632493168115616
target_05_2,05,2,Bad,0.0,1,True,0.0,0.17442053882405162,0.005339070223271847,0.17975960904732347
target_05_2,05,2,F,0.0,1,True,0.0,0.18309413082897663,0.005946213845163584,0.18904034467414021
target_05_2,05,2,Fixed,0.0,1,True,0.0,0.18309413082897663,0.005587931722402573,0.1886820625513792
target_05_2,05,2,GP,0.0,1,True,0.0,0.1715956530533731,0.282288022339344,0.4538836753927171
target_05_2,05,2,O,0.0,1,True,0.0,0.1769841155037284,0.0052540497854352,0.1822381652891636
target_05_2,05,2,Random,0.0,1,True,0.0,0.19678970240056515,0.00026003364473581314,0.19704973604530096
target_08_0,08,0,A,0.0,2,True,0.0,0.18136685946956277,0.00048041390255093575,0.1818472733721137
target_08_0,08,0,Bad,0.0,2,True,0.0,0.19407539861276746,0.006028289906680584,0.20010368851944804
target_08_0,08,0,F,0.0,2,True,0.0,0.2006873800419271,0.0057731568813323975,0.2064605369232595
target_08_0,08,0,Fixed,0.0,2,True,0.0,0.2006873800419271,0.007188082672655582,0.20787546271458268
target_08_0,08,0,GP,0.0,2,True,0.0,0.18754959618672729,0.23204038105905056,0.41958997724577785
target_08_0,08,0,O,0.0,2,True,0.0,0.19407539861276746,0.005247422028332949,0.1993228206411004
target_08_0,08,0,Random,0.0,2,True,0.0,0.19225710211321712,0.00023130839690566063,0.19248841051012278
target_08_0,08,1,A,0.009578544061302678,5,True,0.0,0.18529679719358683,0.0003160061314702034,0.18561280332505703
target_08_0,08,1,Bad,0.009578544061302678,5,True,0.0,0.18503547925502062,0.007174067664891481,0.1922095469199121
target_08_0,08,1,F,0.009578544061302678,5,True,0.0,0.1872839001007378,0.005519924219697714,0.19280382432043552
target_08_0,08,1,Fixed,0.009578544061302678,5,True,0.0,0.18674283381551504,0.007041868753731251,0.1937847025692463
target_08_0,08,1,GP,0.019157088122605356,6,True,0.0,0.18224367778748274,0.2882371679879725,0.47048084577545524
target_08_0,08,1,O,0.009578544061302678,5,True,0.0,0.1863119383342564,0.006655483972281218,0.19296742230653763
target_08_0,08,1,Random,0.05747126436781607,10,True,0.0,0.20118285669013858,0.00015987223014235497,0.20134272892028093
target_08_0,08,2,A,0.03349753694581281,5,True,0.0,0.18725005211308599,0.0003238520585000515,0.18757390417158604
target_08_0,08,2,Bad,0.10049261083743843,7,True,0.0,0.1877414253540337,0.007600229233503342,0.19534165458753705
target_08_0,08,2,F,0.03349753694581281,5,True,0.0,0.18986910488456488,0.0066514089703559875,0.19652051385492086
target_08_0,08,2,Fixed,0.03349753694581281,5,True,0.0,0.1922267465852201,0.007417947985231876,0.19964469457045197
target_08_0,08,2,GP,0.05265462506841817,9,True,0.0,0.18895843578502536,0.2611319087445736,0.45009034452959895
target_08_0,08,2,O,0.10049261083743843,7,True,0.0,0.1877414253540337,0.005508664064109325,0.19325008941814303
target_08_0,08,2,Random,0.06699507389162562,6,True,0.0,0.19750949274748564,0.0002389899455010891,0.19774848269298673
target_08_1,08,0,A,0.0,3,True,0.0,0.19727468164637685,0.0003498140722513199,0.19762449571862817
target_08_1,08,0,Bad,0.0,3,True,0.0,0.19368846667930484,0.005697182845324278,0.19938564952462912
target_08_1,08,0,F,0.0,3,True,0.0,0.1950165112502873,0.007380779832601547,0.20239729108288884
target_08_1,08,0,Fixed,0.0,3,True,0.0,0.1950165112502873,0.0055870069190859795,0.20060351816937327
target_08_1,08,0,GP,0.0,3,True,0.0,0.203149545006454,0.24266503285616636,0.44581457786262035
target_08_1,08,0,O,0.0,3,True,0.0,0.19368846667930484,0.004949116613715887,0.19863758329302073
target_08_1,08,0,Random,0.0,3,True,0.0,0.2052624342031777,0.0002244473434984684,0.20548688154667616
target_08_1,08,1,A,0.0,2,True,0.0,0.19991100206971169,0.0004302351735532284,0.2003412372432649
target_08_1,08,1,Bad,0.0,2,True,0.0,0.2000976731069386,0.004052835050970316,0.20415050815790892
target_08_1,08,1,F,0.0,2,True,0.0,0.1975280330516398,0.005507417023181915,0.2030354500748217
target_08_1,08,1,Fixed,0.0,2,True,0.0,0.1975280330516398,0.007168578915297985,0.20469661196693778
target_08_1,08,1,GP,0.0,2,True,0.0,0.20814406080171466,0.2397029590792954,0.44784701988101006
target_08_1,08,1,O,0.0,2,True,0.0,0.2000976731069386,0.007206449750810862,0.20730412285774946
target_08_1,08,1,Random,0.0,2,True,0.0,0.2045244574546814,0.00016073789447546005,0.20468519534915686
target_08_1,08,2,A,0.0,4,True,0.0,0.19920290587469935,0.00031481310725212097,0.19951771898195148
target_08_1,08,2,Bad,0.0,4,True,0.0,0.1935776248574257,0.005138159263879061,0.19871578412130475
target_08_1,08,2,F,0.0,4,True,0.0,0.20255202008411288,0.004948181100189686,0.20750020118430257
target_08_1,08,2,Fixed,0.0,4,True,0.0,0.20255202008411288,0.006184425670653582,0.20873644575476646
target_08_1,08,2,GP,0.0,4,True,0.0,0.20971096167340875,0.26059572771191597,0.4703066893853247
target_08_1,08,2,O,0.0,4,True,0.0,0.19639790477231145,0.004194344859570265,0.2005922496318817
target_08_1,08,2,Random,0.0,4,True,0.0,0.2002993985079229,0.00022244174033403397,0.20052184024825692
target_08_2,08,0,A,0.0,3,True,0.0,0.19668194791302085,0.0003312458284199238,0.19701319374144077
target_08_2,08,0,Bad,0.0,3,True,0.0,0.201003547757864,0.007046593353152275,0.20805014111101627
target_08_2,08,0,F,0.0,3,True,0.0,0.20099998777732253,0.00703819515183568,0.2080381829291582
target_08_2,08,0,Fixed,0.0,3,True,0.0,0.20099998777732253,0.006385525222867727,0.20738551300019026
target_08_2,08,0,GP,0.0,3,True,0.0,0.19788153422996402,0.2607722030952573,0.4586537373252213
target_08_2,08,0,O,0.0,3,True,0.0,0.19736884906888008,0.007049744017422199,0.20441859308630228
target_08_2,08,0,Random,0.0,3,True,0.0,0.2046194802969694,0.00026101479306817055,0.20488049509003758
target_08_2,08,1,A,0.0,3,True,0.0,0.19425717741250992,0.000321107916533947,0.19457828532904387
target_08_2,08,1,Bad,0.0,3,True,0.0,0.20029722666367888,0.0051097688265144825,0.20540699549019337
target_08_2,08,1,F,0.0,3,True,0.0,0.19769575027748942,0.004919654224067926,0.20261540450155735
target_08_2,08,1,Fixed,0.0,3,True,0.0,0.19769575027748942,0.005236075725406408,0.20293182600289583
target_08_2,08,1,GP,0.0,3,True,0.0,0.2029612804763019,0.25070307729765773,0.45366435777395964
target_08_2,08,1,O,0.0,3,True,0.0,0.20161726046353579,0.006572014186531305,0.2081892746500671
target_08_2,08,1,Random,0.0,3,True,0.0,0.20705333817750216,0.0002217162400484085,0.20727505441755056
target_08_2,08,2,A,0.034482758620689655,5,True,0.0,0.19733163295313716,0.00042657507583498955,0.19775820802897215
target_08_2,08,2,Bad,0.10344827586206896,7,True,0.0,0.20348358899354935,0.006515542045235634,0.20999913103878498
target_08_2,08,2,F,0.034482758620689655,5,True,0.0,0.2035877462476492,0.0035451389849185944,0.2071328852325678
target_08_2,08,2,Fixed,0.034482758620689655,5,True,0.0,0.2035877462476492,0.005639092065393925,0.20922683831304312
target_08_2,08,2,GP,0.10344827586206896,7,True,0.0,0.20861626882106066,0.2640214851126075,0.47263775393366814
target_08_2,08,2,O,0.10344827586206896,7,True,0.0,0.20348358899354935,0.006887861993163824,0.21037145098671317
target_08_2,08,2,Random,0.10344827586206896,7,True,0.0,0.21139682549983263,0.00023257825523614883,0.21162940375506878
target_17_0,17,0,A,0.0,1,True,0.0,0.20301727950572968,0.0003909640945494175,0.2034082436002791
target_17_0,17,0,Bad,0.0,1,True,0.0,0.21403369586914778,0.00494357431307435,0.21897727018222213
target_17_0,17,0,F,0.0,1,True,0.0,0.21287808753550053,0.005028609186410904,0.21790669672191143
target_17_0,17,0,Fixed,0.0,1,True,0.0,0.20945538207888603,0.00593216996639967,0.2153875520452857
target_17_0,17,0,GP,0.0,1,True,0.0,0.21605745563283563,0.26484757708385587,0.4809050327166915
target_17_0,17,0,O,0.0,1,True,0.0,0.21403369586914778,0.006280491128563881,0.22031418699771166
target_17_0,17,0,Random,0.0,1,True,0.0,0.2115516271442175,0.0001529427245259285,0.21170456986874342
target_17_0,17,1,A,0.0,1,True,0.0,0.20024440390989184,0.0002424377016723156,0.20048684161156416
target_17_0,17,1,Bad,0.0,1,True,0.0,0.21737533202394843,0.00326234707608819,0.22063767910003662
target_17_0,17,1,F,0.0,1,True,0.0,0.21934862853959203,0.007175619248300791,0.22652424778789282
target_17_0,17,1,Fixed,0.0,1,True,0.0,0.21518113650381565,0.005291145294904709,0.22047228179872036
target_17_0,17,1,GP,0.0,1,True,0.0,0.21611593943089247,0.2550676199607551,0.4711835593916476
target_17_0,17,1,O,0.0,1,True,0.0,0.21737533202394843,0.0065842061303555965,0.22395953815430403
target_17_0,17,1,Random,0.0,1,True,0.0,0.20880858367308974,9.621214121580124e-05,0.20890479581430554
target_17_0,17,2,A,0.0,2,True,0.0,0.2002206821925938,0.00037907110527157784,0.2005997532978654
target_17_0,17,2,Bad,0.0,2,True,0.0,0.19912119349464774,0.007141727954149246,0.206262921448797
target_17_0,17,2,F,0.0,2,True,0.0,0.21511169476434588,0.006416716612875462,0.22152841137722135
target_17_0,17,2,Fixed,0.0,2,True,0.0,0.2124530579894781,0.006756495218724012,0.21920955320820212
target_17_0,17,2,GP,0.0,2,True,0.0,0.2092538163997233,0.3113792687654495,0.5206330851651728
target_17_0,17,2,O,0.0,2,True,0.0,0.20527763199061155,0.0069921743124723434,0.2122698063030839
target_17_0,17,2,Random,0.0,2,True,0.0,0.20432489272207022,0.0001586582511663437,0.20448355097323656
target_17_1,17,0,A,0.0,1,True,0.0,0.19100355030968785,0.00045085372403264046,0.1914544040337205
target_17_1,17,0,Bad,0.0,1,True,0.0,0.2043502195738256,0.004197731148451567,0.20854795072227716
target_17_1,17,0,F,0.0,1,True,0.0,0.20631689578294754,0.006409158930182457,0.21272605471313
target_17_1,17,0,Fixed,0.0,1,True,0.0,0.2046362948603928,0.007220052182674408,0.21185634704306722
target_17_1,17,0,GP,0.0,1,True,0.0,0.20303354831412435,0.2773326262831688,0.48036617459729314
target_17_1,17,0,O,0.0,1,True,0.0,0.2043502195738256,0.006348130758851767,0.21069835033267736
target_17_1,17,0,Random,0.0,1,True,0.0,0.20303746592253447,0.00022468389943242073,0.2032621498219669
target_17_1,17,1,A,0.0,1,True,0.0,0.19722710363566875,0.00035194819793105125,0.1975790518335998
target_17_1,17,1,Bad,0.0,1,True,0.0,0.2070051822811365,0.006929303985089064,0.21393448626622558
target_17_1,17,1,F,0.0,1,True,0.0,0.20794218312948942,0.002970738336443901,0.21091292146593332
target_17_1,17,1,Fixed,0.0,1,True,0.0,0.20794218312948942,0.004560553003102541,0.21250273613259196
target_17_1,17,1,GP,0.0,1,True,0.0,0.2054082453250885,0.2552669500000775,0.460675195325166
target_17_1,17,1,O,0.0,1,True,0.0,0.2070051822811365,0.004829213954508305,0.21183439623564482
target_17_1,17,1,Random,0.0,1,True,0.0,0.2017910690046847,0.00015736185014247894,0.20194843085482717
target_17_1,17,2,A,0.0,1,True,0.0,0.19245936023071408,0.00024032918736338615,0.19269968941807747
target_17_1,17,2,Bad,0.0,1,True,0.0,0.19604627788066864,0.005126188974827528,0.20117246685549617
target_17_1,17,2,F,0.0,1,True,0.0,0.2083997866138816,0.006801981944590807,0.2152017685584724
target_17_1,17,2,Fixed,0.0,1,True,0.0,0.20906347455456853,0.004980490077286959,0.2140439646318555
target_17_1,17,2,GP,0.0,1,True,0.0,0.2061145049519837,0.2875168831087649,0.4936313880607486
target_17_1,17,2,O,0.0,1,True,0.0,0.19604627788066864,0.0066074831411242485,0.2026537610217929
target_17_1,17,2,Random,0.0,1,True,0.0,0.20127442758530378,0.0002227500081062317,0.20149717759341002
target_17_2,17,0,A,0.0,1,True,0.0,0.1997821913100779,0.0003102528862655163,0.20009244419634342
target_17_2,17,0,Bad,0.0,1,True,0.0,0.21379621559754014,0.005100936163216829,0.21889715176075697
target_17_2,17,0,F,0.0,1,True,0.0,0.20105763105675578,0.00524046691134572,0.2062980979681015
target_17_2,17,0,Fixed,0.0,1,True,0.0,0.20023314654827118,0.005307665094733238,0.20554081164300442
target_17_2,17,0,GP,0.0,1,True,0.0,0.21266901539638638,0.3281133798882365,0.5407823952846229
target_17_2,17,0,O,0.0,1,True,0.0,0.20465979492291808,0.006334892939776182,0.21099468786269426
target_17_2,17,0,Random,0.0,1,True,0.0,0.19942593201994896,0.00022742338478565216,0.1996533554047346
target_17_2,17,1,A,0.0,1,True,0.0,0.19908084021881223,0.0005499781109392643,0.1996308183297515
target_17_2,17,1,Bad,0.0,1,True,0.0,0.20514275273308158,0.006479901261627674,0.21162265399470925
target_17_2,17,1,F,0.0,1,True,0.0,0.20023016398772597,0.0052668689750134945,0.20549703296273947
target_17_2,17,1,Fixed,0.0,1,True,0.0,0.20326034259051085,0.005603495053946972,0.20886383764445782
target_17_2,17,1,GP,0.0,1,True,0.0,0.20480552408844233,0.280123139731586,0.4849286638200283
target_17_2,17,1,O,0.0,1,True,0.0,0.21314006950706244,0.006967756897211075,0.2201078264042735
target_17_2,17,1,Random,0.0,1,True,0.0,0.20232058549299836,0.0001464630477130413,0.2024670485407114
target_17_2,17,2,A,0.0,1,True,0.0,0.19941034447401762,0.0003202767111361027,0.19973062118515372
target_17_2,17,2,Bad,0.0,1,True,0.0,0.20911067305132747,0.006736184004694223,0.2158468570560217
target_17_2,17,2,F,0.0,1,True,0.0,0.20470095658674836,0.005957920104265213,0.21065887669101357
target_17_2,17,2,Fixed,0.0,1,True,0.0,0.20727981766685843,0.00489986315369606,0.2121796808205545
target_17_2,17,2,GP,0.0,1,True,0.0,0.20529476506635547,0.2703498718328774,0.47564463689923286
target_17_2,17,2,O,0.0,1,True,0.0,0.20911067305132747,0.007294473238289356,0.21640514628961682
target_17_2,17,2,Random,0.0,1,True,0.0,0.20650695357471704,0.00015962589532136917,0.20666657947003841
target_18_0,18,0,A,0.02857142857142847,4,True,0.014285714285714235,0.21249234722927213,0.00039023300632834435,0.21288258023560047
target_18_0,18,0,Bad,0.0009852216748768437,4,True,0.0,0.21439657313749194,0.005755153950303793,0.22015172708779573
target_18_0,18,0,F,0.0029556650246305312,4,True,0.0,0.22233828203752637,0.006476731039583683,0.22881501307711005
target_18_0,18,0,Fixed,0.0029556650246305312,4,True,0.0,0.22233828203752637,0.004576453939080238,0.2269147359766066
target_18_0,18,0,GP,0.02364532019704425,4,True,0.0,0.21007070085033774,0.25010047294199467,0.4601711737923324
target_18_0,18,0,O,0.0009852216748768437,4,True,0.0,0.21439657313749194,0.005715598817914724,0.22011217195540667
target_18_0,18,0,Random,0.02857142857142847,4,True,0.014285714285714235,0.21212447341531515,0.00028410274535417557,0.21240857616066933
target_18_0,18,1,A,0.02857142857142847,2,True,0.014285714285714235,0.20088437478989363,0.000542965717613697,0.20142734050750732
target_18_0,18,1,Bad,0.016748768472906343,2,True,0.0,0.2047379333525896,0.005253133829683065,0.20999106718227267
target_18_0,18,1,F,0.0157635467980295,2,True,0.0,0.2213155534118414,0.007211978081613779,0.22852753149345517
target_18_0,18,1,Fixed,0.0157635467980295,2,True,0.0,0.20915552834048867,0.0057020350359380245,0.2148575633764267
target_18_0,18,1,GP,0.02857142857142847,2,True,0.014285714285714235,0.21567909000441432,0.20531495893374085,0.4209940489381552
target_18_0,18,1,O,0.016748768472906343,2,True,0.0,0.20357042085379362,0.006456477101892233,0.21002689795568585
target_18_0,18,1,Random,0.0029556650246305312,2,True,0.0,0.1950607798062265,0.0001674136146903038,0.1952281934209168
target_18_0,18,2,A,0.0,2,True,0.0,0.2006481676362455,0.00046014413237571716,0.2011083117686212
target_18_0,18,2,Bad,0.0,2,True,0.0,0.2053470043465495,0.006987727712839842,0.21233473205938935
target_18_0,18,2,F,0.0,2,True,0.0,0.21551155764609575,0.0061246734112501144,0.22163623105734587
target_18_0,18,2,Fixed,0.0,2,True,0.0,0.21551155764609575,0.006528688129037619,0.22204024577513337
target_18_0,18,2,GP,0.0,2,True,0.0,0.2124221809208393,0.27344326255843043,0.48586544347926974
target_18_0,18,2,O,0.0,2,True,0.0,0.211127073969692,0.006563857197761536,0.21769093116745353
target_18_0,18,2,Random,0.0,2,True,0.0,0.2052333066239953,0.00022736424580216408,0.20546067086979747
target_18_1,18,0,A,0.05221674876847284,5,True,0.0,0.19797823950648308,0.000304460059851408,0.19828269956633449
target_18_1,18,0,Bad,0.07580881373984821,7,True,0.0,0.19677353650331497,0.005412472877651453,0.20218600938096642
target_18_1,18,0,F,0.07186792704034083,7,True,0.0,0.19934467412531376,0.006286419462412596,0.20563109358772635
target_18_1,18,0,Fixed,0.04324324324324323,7,True,0.0,0.20454648649320006,0.0060727642849087715,0.21061925077810884
target_18_1,18,0,GP,0.07482359206497137,7,True,0.0,0.19667628267779946,0.2089484971947968,0.40562477987259626
target_18_1,18,0,O,0.07580881373984821,7,True,0.0,0.20001077186316252,0.006933136843144894,0.2069439087063074
target_18_1,18,0,Random,0.06989748369058711,19,True,0.0,0.2031603646464646,0.00027721887454390526,0.2034375835210085
target_18_1,18,1,A,0.0,2,True,0.0,0.20322667015716434,0.00042482418939471245,0.20365149434655905
target_18_1,18,1,Bad,0.0,2,True,0.0,0.2050279714167118,0.002773623913526535,0.20780159533023834
target_18_1,18,1,F,0.0,2,True,0.0,0.20798918697983027,0.006798621267080307,0.21478780824691057
target_18_1,18,1,Fixed,0.0,2,True,0.0,0.20798918697983027,0.006906650960445404,0.21489583794027567
target_18_1,18,1,GP,0.0,2,True,0.0,0.20340421237051487,0.25336403399705887,0.45676824636757374
target_18_1,18,1,O,0.0,2,True,0.0,0.2050279714167118,0.006996526848524809,0.21202449826523662
target_18_1,18,1,Random,0.0,2,True,0.0,0.20884752133861184,0.0001447177492082119,0.20899223908782005
target_18_1,18,2,A,0.0,4,True,0.0,0.1995248361490667,0.00019604992121458054,0.19972088607028127
target_18_1,18,2,Bad,0.0,4,True,0.0,0.2023597457446158,0.006762509699910879,0.20912225544452667
target_18_1,18,2,F,0.0,4,True,0.0,0.20397887704893947,0.005354901310056448,0.20933377835899591
target_18_1,18,2,Fixed,0.0,4,True,0.0,0.20397887704893947,0.006465946324169636,0.2104448233731091
target_18_1,18,2,GP,0.0,4,True,0.0,0.19966041948646307,0.23447869392111897,0.43413911340758204
target_18_1,18,2,O,0.0,4,True,0.0,0.20480783749371767,0.005411732010543346,0.21021956950426102
target_18_1,18,2,Random,0.0,4,True,0.0,0.2102970415726304,0.00016582990065217018,0.21046287147328258
target_18_2,18,0,A,0.04236453201970441,20,True,0.0,0.20279914094135165,0.00045342370867729187,0.20325256465002894
target_18_2,18,0,Bad,0.05714285714285716,33,False,0.02857142857142858,0.212148271035403,0.0053551169112324715,0.21750338794663548
target_18_2,18,0,F,0.003940886699507391,6,True,0.0,0.2140079685486853,0.005258485209196806,0.21926645375788212
target_18_2,18,0,Fixed,0.0019704433497536953,5,True,0.0,0.21324155759066343,0.004955964628607035,0.21819752221927047
target_18_2,18,0,GP,0.049261083743842374,28,True,0.0,0.21300093457102776,0.25257341004908085,0.4655743446201086
target_18_2,18,0,O,0.003940886699507391,6,True,0.0,0.20721798203885555,0.00698860501870513,0.21420658705756068
target_18_2,18,0,Random,0.039408866995073906,24,True,0.0,0.19815081590786576,0.00016738427802920341,0.19831820018589497
target_18_2,18,1,A,0.026600985221674783,3,True,0.0,0.20229895366355777,0.00019691698253154755,0.20249587064608932
target_18_2,18,1,Bad,0.0029556650246305312,3,True,0.0,0.20238948008045554,0.004351126030087471,0.206740606110543
target_18_2,18,1,F,0.0019704433497536875,3,True,0.0,0.1984439422376454,0.00730351684615016,0.20574745908379555
target_18_2,18,1,Fixed,0.0019704433497536875,3,True,0.0,0.1984439422376454,0.005459839012473822,0.2039037812501192
target_18_2,18,1,GP,0.010837438423645282,3,True,0.0,0.2139581637457013,0.22887246822938323,0.44283063197508454
target_18_2,18,1,O,0.0029556650246305312,3,True,0.0,0.20238948008045554,0.007361554075032473,0.20975103415548801
target_18_2,18,1,Random,0.027586206896551627,3,True,0.0,0.19964882219210267,0.00015616323798894882,0.19980498543009162
target_18_2,18,2,A,0.0,2,True,0.0,0.20489921467378736,0.0003115730360150337,0.2052107877098024
target_18_2,18,2,Bad,0.0,2,True,0.0,0.20915240608155727,0.004006983246654272,0.21315938932821155
target_18_2,18,2,F,0.0,2,True,0.0,0.20088647725060582,0.006806414574384689,0.2076928918249905
target_18_2,18,2,Fixed,0.0,2,True,0.0,0.20088647725060582,0.00659462995827198,0.2074811072088778
target_18_2,18,2,GP,0.0,2,True,0.0,0.21425998024642467,0.2063276651315391,0.4205876453779638
target_18_2,18,2,O,0.0,2,True,0.0,0.2063540448434651,0.0038030538707971573,0.21015709871426225
target_18_2,18,2,Random,0.0,2,True,0.0,0.20242923079058528,0.00015647197142243385,0.2025857027620077
target_19_0,19,0,A,0.022988505747126485,5,True,0.01388888888888884,0.19749882211908698,0.00046395091339945793,0.19796277303248644
target_19_0,19,0,Bad,0.010755336617405532,6,True,0.01388888888888884,0.20459855441004038,0.005904965102672577,0.21050351951271296
target_19_0,19,0,F,0.012780514504652393,6,True,0.01388888888888884,0.2048398577608168,0.007412455976009369,0.21225231373682618
target_19_0,19,0,Fixed,0.025779967159277526,8,True,0.01388888888888884,0.20809271233156323,0.005275813862681389,0.21336852619424462
target_19_0,19,0,GP,0.005774493705528134,5,True,0.01388888888888884,0.20618227263912559,0.27854182571172714,0.48472409835085273
target_19_0,19,0,O,0.010755336617405532,6,True,0.01388888888888884,0.20459855441004038,0.0038716429844498634,0.20847019739449024
target_19_0,19,0,Random,0.035659551176792564,11,True,0.01388888888888884,0.20502719655632973,0.00016888603568077087,0.2051960825920105
target_19_0,19,1,A,0.02104542966611937,5,True,0.01388888888888884,0.19248956302180886,0.00032306089997291565,0.19281262392178178
target_19_0,19,1,Bad,0.031171319102353625,14,True,0.01388888888888884,0.20815856289118528,0.0063192350789904594,0.21447779797017574
target_19_0,19,1,F,0.012944718117131875,8,True,0.01388888888888884,0.20463861338794231,0.005689840763807297,0.2103284541517496
target_19_0,19,1,Fixed,0.008894362342638167,6,True,0.01388888888888884,0.19830834679305553,0.004262811038643122,0.20257115783169866
target_19_0,19,1,GP,0.012944718117131875,8,True,0.01388888888888884,0.1980391046963632,0.27704141568392515,0.47508052038028836
target_19_0,19,1,O,0.031171319102353625,14,True,0.01388888888888884,0.20815856289118528,0.007370276842266321,0.2155288397334516
target_19_0,19,1,Random,0.010892172961138442,7,True,0.01388888888888884,0.203516383189708,0.000111341942101717,0.2036277251318097
target_19_0,19,2,A,0.0,1,True,0.013513513513513487,0.19768298557028174,0.00022663921117782593,0.19790962478145957
target_19_0,19,2,Bad,0.0,1,True,0.013513513513513487,0.20799861708655953,0.0076011852361261845,0.21559980232268572
target_19_0,19,2,F,0.0,1,True,0.013513513513513487,0.20262835640460253,0.0056464700028300285,0.20827482640743256
target_19_0,19,2,Fixed,0.0,1,True,0.013513513513513487,0.21059513930231333,0.006097718607634306,0.21669285790994763
target_19_0,19,2,GP,0.0,1,True,0.013513513513513487,0.20076334942132235,0.27214914793148637,0.4729124973528087
target_19_0,19,2,O,0.0,1,True,0.013513513513513487,0.20259504858404398,0.00567709980532527,0.20827214838936925
target_19_0,19,2,Random,0.0,1,True,0.013513513513513487,0.20624789549037814,0.00015815487131476402,0.2064060503616929
target_19_1,19,0,A,0.0,3,True,0.0,0.19685457460582256,0.0003157462924718857,0.19717032089829445
target_19_1,19,0,Bad,0.0,3,True,0.0,0.1953777722083032,0.006920399144291878,0.2022981713525951
target_19_1,19,0,F,0.0,3,True,0.0,0.206966292578727,0.003689853008836508,0.21065614558756351
target_19_1,19,0,Fixed,0.0,3,True,0.0,0.206966292578727,0.0052454411052167416,0.21221173368394375
target_19_1,19,0,GP,0.0,3,True,0.0,0.207863908726722,0.31998069025576115,0.5278445989824831
target_19_1,19,0,O,0.0,3,True,0.0,0.20453558024019003,0.006482649128884077,0.2110182293690741
target_19_1,19,0,Random,0.0,3,True,0.0,0.19561741221696138,0.00015637604519724846,0.19577378826215863
target_19_1,19,1,A,0.0,3,True,0.0,0.199147526640445,0.00043893512338399887,0.199586461763829
target_19_1,19,1,Bad,0.0,3,True,0.0,0.20404448080807924,0.005352056119590998,0.20939653692767024
target_19_1,19,1,F,0.0,3,True,0.0,0.21109031466767192,0.0068017649464309216,0.21789207961410284
target_19_1,19,1,Fixed,0.0,3,True,0.0,0.21628483291715384,0.007545345928519964,0.2238301788456738
target_19_1,19,1,GP,0.0,3,True,0.0,0.21517871506512165,0.26379584008827806,0.4789745551533997
target_19_1,19,1,O,0.0,3,True,0.0,0.20404448080807924,0.005228769034147263,0.2092732498422265
target_19_1,19,1,Random,0.0,3,True,0.0,0.19835540000349283,0.000225873664021492,0.19858127366751432
target_19_1,19,2,A,0.002821787304545926,5,True,0.0,0.19775735307484865,0.000649893656373024,0.19840724673122168
target_19_1,19,2,Bad,0.007507507507507505,7,True,0.0,0.2123010396026075,0.005664741154760122,0.2179657807573676
target_19_1,19,2,F,0.006575541058299678,7,True,0.0,0.19821042846888304,0.004197160713374615,0.20240758918225765
target_19_1,19,2,Fixed,0.006601429015222124,7,True,0.0,0.20963322231546044,0.006592962890863419,0.21622618520632386
target_19_1,19,2,GP,0.008465361913637778,7,True,0.0,0.21183002600446343,0.2825445020571351,0.49437452806159854
target_19_1,19,2,O,0.007507507507507505,7,True,0.0,0.21278899675235152,0.005191915202885866,0.2179809119552374
target_19_1,19,2,Random,0.005643574609091852,6,True,0.0,0.20179429557174444,9.092595428228378e-05,0.20188522152602673
target_19_2,19,0,A,0.0018898208553380991,5,True,0.0,0.1948517714627087,0.0004834006540477276,0.19533517211675644
target_19_2,19,0,Bad,0.01620586103344721,7,True,0.0,0.19899182580411434,0.00682417768985033,0.20581600349396467
target_19_2,19,0,F,0.0018898208553380991,5,True,0.0,0.19877894036471844,0.007381267845630646,0.20616020821034908
target_19_2,19,0,Fixed,0.0075592834213523965,8,True,0.0,0.19699671072885394,0.007771003991365433,0.20476771472021937
target_19_2,19,0,GP,0.027726001863932818,6,True,0.0,0.19140131631866097,0.2738190139643848,0.46522033028304577
target_19_2,19,0,O,0.01620586103344721,7,True,0.0,0.19899182580411434,0.006839407607913017,0.20583123341202736
target_19_2,19,0,Random,0.02278140209174691,12,True,0.0,0.19238396733999252,0.0002232738770544529,0.19260724121704698
target_19_2,19,1,A,0.002821787304545926,5,True,0.0,0.19829854322597384,0.0004323069006204605,0.1987308501265943
target_19_2,19,1,Bad,0.033007145076110585,14,True,0.0,0.1890285136178136,0.00453535933047533,0.19356387294828892
target_19_2,19,1,F,0.009423216319768042,7,True,0.0,0.20104054221883416,0.005909043829888105,0.20694958604872227
target_19_2,19,1,Fixed,0.002821787304545926,5,True,0.0,0.2021983591839671,0.005611245054751635,0.20780960423871875
target_19_2,19,1,GP,0.0037796417106761905,5,True,0.0,0.1960219624452293,0.2738060331903398,0.4698279956355691
target_19_2,19,1,O,0.033007145076110585,14,True,0.0,0.1890285136178136,0.006541535723954439,0.19557004934176803
target_19_2,19,1,Random,0.01139070104587344,6,True,0.0,0.19193063955754042,0.00015548011288046837,0.19208611967042089
target_19_2,19,2,A,0.0,2,True,0.0,0.20009652664884925,0.0003606267273426056,0.20045715337619185
target_19_2,19,2,Bad,0.0,2,True,0.0,0.2061815825290978,0.005251944065093994,0.2114335265941918
target_19_2,19,2,F,0.0,2,True,0.0,0.19921338558197021,0.007151595316827297,0.2063649808987975
target_19_2,19,2,Fixed,0.0,2,True,0.0,0.21369549725204706,0.006750224623829126,0.2204457218758762
target_19_2,19,2,GP,0.0,2,True,0.0,0.20603532437235117,0.2725364901125431,0.4785718144848943
target_19_2,19,2,O,0.0,2,True,0.0,0.20556148746982217,0.007322812918573618,0.2128843003883958
target_19_2,19,2,Random,0.0,2,True,0.0,0.20308059453964233,0.00021868105977773666,0.20329927559942007
target_24_0,24,0,A,0.034482758620689655,5,True,0.0,0.1767906411550939,0.00033546704798936844,0.17712610820308328
target_24_0,24,0,Bad,0.06896551724137931,6,True,0.0,0.17555927950888872,0.007010431028902531,0.18256971053779125
target_24_0,24,0,F,0.06896551724137931,6,True,0.0,0.18039760878309608,0.007163783069700003,0.18756139185279608
target_24_0,24,0,Fixed,0.034482758620689655,5,True,0.0,0.175619684625417,0.004217241890728474,0.17983692651614547
target_24_0,24,0,GP,0.07362534948741849,6,True,0.0,0.18343143071979284,0.2516466728411615,0.43507810356095433
target_24_0,24,0,O,0.06896551724137931,6,True,0.0,0.17283350322395563,0.005228647030889988,0.17806215025484562
target_24_0,24,0,Random,0.04939422180801488,5,True,0.0,0.18554536905139685,9.351316839456558e-05,0.1856388822197914
target_24_0,24,1,A,0.034482758620689655,5,True,0.0,0.17345373425632715,0.0004863678477704525,0.1739401021040976
target_24_0,24,1,Bad,0.03914259086672879,5,True,0.0,0.1703338734805584,0.004965188913047314,0.1752990623936057
target_24_0,24,1,F,0.035414725069897485,5,True,0.0,0.16844512103125453,0.007538456004112959,0.1759835770353675
target_24_0,24,1,Fixed,0.034482758620689655,5,True,0.0,0.1683420119807124,0.005233666393905878,0.1735756783746183
target_24_0,24,1,GP,0.03634669151910531,5,True,0.0,0.163966020103544,0.23751870496198535,0.40148472506552935
target_24_0,24,1,O,0.03914259086672879,5,True,0.0,0.1703338734805584,0.008076203987002373,0.17841007746756077
target_24_0,24,1,Random,0.06130268199233716,7,True,0.0,0.18276857119053602,0.0001616920344531536,0.18293026322498918
target_24_0,24,2,A,0.0,1,True,0.0,0.17352911364287138,0.00019844900816679,0.17372756265103817
target_24_0,24,2,Bad,0.0,1,True,0.0,0.17330036219209433,0.005921585019677877,0.1792219472117722
target_24_0,24,2,F,0.0,1,True,0.0,0.17594746267423034,0.0043609593994915485,0.18030842207372189
target_24_0,24,2,Fixed,0.0,1,True,0.0,0.17594746267423034,0.005037262104451656,0.180984724778682
target_24_0,24,2,GP,0.0,1,True,0.0,0.17371246544644237,0.238205520901829,0.41191798634827137
target_24_0,24,2,O,0.0,1,True,0.0,0.17330036219209433,0.002959473989903927,0.17625983618199825
target_24_0,24,2,Random,0.0,1,True,0.0,0.1839450541883707,0.00016407715156674385,0.18410913133993745
target_24_1,24,0,A,0.0,1,True,0.0,0.17837985325604677,0.0003169798292219639,0.17869683308526874
target_24_1,24,0,Bad,0.0,1,True,0.0,0.18034026911482215,0.006624940317124128,0.18696520943194628
target_24_1,24,0,F,0.0,1,True,0.0,0.18345531541854143,0.004670998547226191,0.18812631396576762
target_24_1,24,0,Fixed,0.0,1,True,0.0,0.18345531541854143,0.005419907160103321,0.18887522257864475
target_24_1,24,0,GP,0.0,1,True,0.0,0.17671313602477312,0.26996075082570314,0.44667388685047626
target_24_1,24,0,O,0.0,1,True,0.0,0.18034026911482215,0.005130053963512182,0.18547032307833433
target_24_1,24,0,Random,0.0,1,True,0.0,0.18681887071579695,0.0002287370152771473,0.1870476077310741
target_24_1,24,1,A,0.0,2,True,0.0,0.18043758627027273,0.000471991952508688,0.18090957822278142
target_24_1,24,1,Bad,0.0,2,True,0.0,0.19308350328356028,0.008706856984645128,0.2017903602682054
target_24_1,24,1,F,0.0,2,True,0.0,0.1836210610345006,0.004559659864753485,0.18818072089925408
target_24_1,24,1,Fixed,0.0,2,True,0.0,0.1836210610345006,0.007226003333926201,0.1908470643684268
target_24_1,24,1,GP,0.0,2,True,0.0,0.18321377597749233,0.23694575624540448,0.4201595322228968
target_24_1,24,1,O,0.0,2,True,0.0,0.18426090106368065,0.006141259800642729,0.19040216086432338
target_24_1,24,1,Random,0.0,2,True,0.0,0.1893536844290793,0.00027061905711889267,0.1896243034861982
target_24_1,24,2,A,0.0009319664492078266,2,True,0.0,0.1778547829017043,0.0004443028010427952,0.1782990857027471
target_24_1,24,2,Bad,0.0009319664492078266,2,True,0.0,0.17834169510751963,0.006951037794351578,0.1852927329018712
target_24_1,24,2,F,0.0009319664492078266,2,True,0.0,0.17692558746784925,0.004093222785741091,0.18101881025359035
target_24_1,24,2,Fixed,0.0009319664492078266,2,True,0.0,0.17692558746784925,0.006664754822850227,0.18359034229069948
target_24_1,24,2,GP,0.0037278657968313066,2,True,0.0,0.1830089339055121,0.2381337247788906,0.4211426586844027
target_24_1,24,2,O,0.0009319664492078266,2,True,0.0,0.17575406981632113,0.004845786839723587,0.18059985665604472
target_24_1,24,2,Random,0.00279589934762348,2,True,0.0,0.18930115411058068,9.352201595902443e-05,0.1893946761265397
target_24_2,24,0,A,0.0009319664492078266,2,True,0.0,0.17809920385479927,0.00041574565693736076,0.17851494951173663
target_24_2,24,0,Bad,0.00279589934762348,2,True,0.0,0.16905224276706576,0.006944218184798956,0.17599646095186472
target_24_2,24,0,F,0.0009319664492078266,2,True,0.0,0.18340198136866093,0.005569971166551113,0.18897195253521204
target_24_2,24,0,Fixed,0.0009319664492078266,2,True,0.0,0.18340198136866093,0.007024996913969517,0.19042697828263044
target_24_2,24,0,GP,0.006523765144454787,2,True,0.0,0.17771449172869325,0.20488633681088686,0.3826008285395801
target_24_2,24,0,O,0.0009319664492078266,2,True,0.0,0.18025333620607853,0.007046084851026535,0.18729942105710506
target_24_2,24,0,Random,0.0037278657968313066,2,True,0.0,0.18898535752668977,0.00016148900613188744,0.18914684653282166
target_24_2,24,1,A,0.0,1,True,0.0,0.1816488141193986,0.0005539190024137497,0.18220273312181234
target_24_2,24,1,Bad,0.0,1,True,0.0,0.1836952967569232,0.004773681052029133,0.18846897780895233
target_24_2,24,1,F,0.0,1,True,0.0,0.17977355234324932,0.003258457873016596,0.18303201021626592
target_24_2,24,1,Fixed,0.0,1,True,0.0,0.17977355234324932,0.002739738207310438,0.18251329055055976
target_24_2,24,1,GP,0.0,1,True,0.0,0.17780905403196812,0.20452356804162264,0.38233262207359076
target_24_2,24,1,O,0.0,1,True,0.0,0.17957480158656836,0.003073380794376135,0.1826481823809445
target_24_2,24,1,Random,0.0,1,True,0.0,0.18978617526590824,0.00042753107845783234,0.19021370634436607
target_24_2,24,2,A,0.0,1,True,0.0,0.17839040886610746,0.0004535443149507046,0.17884395318105817
target_24_2,24,2,Bad,0.0,1,True,0.0,0.17746519669890404,0.005204204935580492,0.18266940163448453
target_24_2,24,2,F,0.0,1,True,0.0,0.18201069347560406,0.00521298311650753,0.1872236765921116
target_24_2,24,2,Fixed,0.0,1,True,0.0,0.1881957771256566,0.005109366029500961,0.19330514315515757
target_24_2,24,2,GP,0.0,1,True,0.0,0.18504822300747037,0.2407690929248929,0.42581731593236327
target_24_2,24,2,O,0.0,1,True,0.0,0.1795986401848495,0.006543911062180996,0.1861425512470305
target_24_2,24,2,Random,0.0,1,True,0.0,0.18829340627416968,9.429687634110451e-05,0.1883877031505108
target_27_0,27,0,A,0.0,2,True,0.0,0.18484623869881034,0.0005070362240076065,0.18535327492281795
target_27_0,27,0,Bad,0.0,2,True,0.0,0.18491230718791485,0.00555187463760376,0.1904641818255186
target_27_0,27,0,F,0.0,2,True,0.0,0.17749408865347505,0.008089856710284948,0.18558394536376
target_27_0,27,0,Fixed,0.0,2,True,0.0,0.17749408865347505,0.007243804633617401,0.18473789328709245
target_27_0,27,0,GP,0.0,2,True,0.0,0.1704099248163402,0.24798313295468688,0.4183930577710271
target_27_0,27,0,O,0.0,2,True,0.0,0.1767323398962617,0.0072847348637878895,0.18401707476004958
target_27_0,27,0,Random,0.0,2,True,0.0,0.18965305015444756,0.0002667102962732315,0.1899197604507208
target_27_0,27,1,A,0.006704980842911877,5,True,0.0,0.17980538494884968,0.0003239540383219719,0.18012933898717165
target_27_0,27,1,Bad,0.006704980842911877,5,True,0.0,0.17787802824750543,0.0053138998337090015,0.18319192808121443
target_27_0,27,1,F,0.006704980842911877,5,True,0.0,0.1654935539700091,0.005231253802776337,0.17072480777278543
target_27_0,27,1,Fixed,0.006704980842911877,5,True,0.0,0.17197034088894725,0.005177068989723921,0.17714740987867117
target_27_0,27,1,GP,0.008620689655172407,5,True,0.0,0.15675528068095446,0.223262841347605,0.38001812202855945
target_27_0,27,1,O,0.006704980842911877,5,True,0.0,0.17229254683479667,0.005862122867256403,0.17815466970205307
target_27_0,27,1,Random,0.026819923371647507,8,True,0.0,0.18520244676619768,0.00023073097690939903,0.18543317774310708
target_27_0,27,2,A,0.0,3,True,0.0,0.17698204284533858,0.00042487308382987976,0.17740691592916846
target_27_0,27,2,Bad,0.0,3,True,0.0,0.18351720971986651,0.005379263311624527,0.18889647303149104
target_27_0,27,2,F,0.0,3,True,0.0,0.18036150513216853,0.003759225830435753,0.18412073096260428
target_27_0,27,2,Fixed,0.0,3,True,0.0,0.18036150513216853,0.00708868820220232,0.18745019333437085
target_27_0,27,2,GP,0.0,3,True,0.0,0.18136162450537086,0.28321090107783675,0.4645725255832076
target_27_0,27,2,O,0.0,3,True,0.0,0.18351720971986651,0.007088989019393921,0.19060619873926044
target_27_0,27,2,Random,0.0,3,True,0.0,0.18810399807989597,0.00023066997528076172,0.18833466805517673
target_27_1,27,0,A,0.0,3,True,0.0,0.1709022936411202,0.0004597790539264679,0.17136207269504666
target_27_1,27,0,Bad,0.0,3,True,0.0,0.17337863286957145,0.006826166063547134,0.18020479893311858
target_27_1,27,0,F,0.0,3,True,0.0,0.170715918764472,0.006142207887023687,0.1768581266514957
target_27_1,27,0,Fixed,0.0,3,True,0.0,0.170715918764472,0.007029383443295956,0.17774530220776796
target_27_1,27,0,GP,0.0,3,True,0.0,0.17751515517011285,0.20688054990023375,0.3843957050703466
target_27_1,27,0,O,0.0,3,True,0.0,0.17235524440184236,0.0068849362432956696,0.17924018064513803
target_27_1,27,0,Random,0.0,3,True,0.0,0.19079112308099866,9.22689214348793e-05,0.19088339200243354
target_27_1,27,1,A,0.0,1,True,0.0,0.17431541392579675,0.0002762121148407459,0.1745916260406375
target_27_1,27,1,Bad,0.0,1,True,0.0,0.17393019050359726,0.0058126300573349,0.17974282056093216
target_27_1,27,1,F,0.0,1,True,0.0,0.17776272678747773,0.007037902716547251,0.18480062950402498
target_27_1,27,1,Fixed,0.0,1,True,0.0,0.17776272678747773,0.006690775044262409,0.18445350183174014
target_27_1,27,1,GP,0.0,1,True,0.0,0.17192128719761968,0.2195721031166613,0.391493390314281
target_27_1,27,1,O,0.0,1,True,0.0,0.17123005585744977,0.005663732998073101,0.17689378885552287
target_27_1,27,1,Random,0.0,1,True,0.0,0.1833014045841992,0.00024284515529870987,0.1835442497394979
target_27_1,27,2,A,0.0,1,True,0.0,0.17173652350902557,0.00042309705168008804,0.17215962056070566
target_27_1,27,2,Bad,0.0,1,True,0.0,0.1752240569330752,0.002829254139214754,0.17805331107228994
target_27_1,27,2,F,0.0,1,True,0.0,0.17834834521636367,0.004626932088285685,0.18297527730464935
target_27_1,27,2,Fixed,0.0,1,True,0.0,0.17834834521636367,0.0061019957065582275,0.1844503409229219
target_27_1,27,2,GP,0.0,1,True,0.0,0.17795581929385662,0.21662209602072835,0.39457791531458497
target_27_1,27,2,O,0.0,1,True,0.0,0.18097577057778835,0.006111074239015579,0.18708684481680393
target_27_1,27,2,Random,0.0,1,True,0.0,0.1864452138543129,0.00022574793547391891,0.18667096178978682
target_27_2,27,0,A,0.0,1,True,0.01388888888888884,0.1722445427440107,0.0003129979595541954,0.17255754070356488
target_27_2,27,0,Bad,0.0,1,True,0.01388888888888884,0.17549192300066352,0.004025779198855162,0.17951770219951868
target_27_2,27,0,F,0.0,1,True,0.01388888888888884,0.17657825024798512,0.005195346660912037,0.18177359690889716
target_27_2,27,0,Fixed,0.0,1,True,0.01388888888888884,0.17657825024798512,0.00569532997906208,0.1822735802270472
target_27_2,27,0,GP,0.0,1,True,0.01388888888888884,0.1797996391542256,0.23859327612444758,0.41839291527867317
target_27_2,27,0,O,0.0,1,True,0.01388888888888884,0.18313915934413671,0.005837149918079376,0.1889763092622161
target_27_2,27,0,Random,0.0,1,True,0.01388888888888884,0.17567535396665335,0.00015895068645477295,0.17583430465310812
target_27_2,27,1,A,0.0,1,True,0.01388888888888884,0.1766417664475739,0.000314873643219471,0.17695664009079337
target_27_2,27,1,Bad,0.0,1,True,0.01388888888888884,0.18319159792736173,0.006352663971483707,0.18954426189884543
target_27_2,27,1,F,0.0,1,True,0.01388888888888884,0.1745813642628491,0.003906812984496355,0.17848817724734545
target_27_2,27,1,Fixed,0.0,1,True,0.01388888888888884,0.1745813642628491,0.005169022362679243,0.17975038662552834
target_27_2,27,1,GP,0.0,1,True,0.01388888888888884,0.17821007361635566,0.23694644588977098,0.41515651950612664
target_27_2,27,1,O,0.0,1,True,0.01388888888888884,0.17401765193790197,0.004167985171079636,0.1781856371089816
target_27_2,27,1,Random,0.0,1,True,0.01388888888888884,0.17987095145508647,0.00015760166570544243,0.1800285531207919
target_27_2,27,2,A,0.0,2,True,0.01388888888888884,0.173482870683074,0.0004052920266985893,0.1738881627097726
target_27_2,27,2,Bad,0.0,2,True,0.01388888888888884,0.17599888751283288,0.007023191079497337,0.18302207859233022
target_27_2,27,2,F,0.0,2,True,0.01388888888888884,0.1760022770613432,0.005886350758373737,0.18188862781971693
target_27_2,27,2,Fixed,0.0,2,True,0.01388888888888884,0.1760022770613432,0.005802051164209843,0.18180432822555304
target_27_2,27,2,GP,0.0,2,True,0.01388888888888884,0.1751023819670081,0.23293469427153468,0.4080370762385428
target_27_2,27,2,O,0.0,2,True,0.01388888888888884,0.17599888751283288,0.006019080989062786,0.18201796850189567
target_27_2,27,2,Random,0.0,2,True,0.01388888888888884,0.18198636220768094,0.00022635189816355705,0.1822127141058445
target_38_0,38,0,A,0.0102516309412861,5,True,0.0,0.20316479029133916,0.00045255478471517563,0.20361734507605433
target_38_0,38,0,Bad,0.008387698042870447,5,True,0.0,0.20144374994561076,0.005476390942931175,0.20692014088854194
target_38_0,38,0,F,0.0102516309412861,6,True,0.0,0.20147979445755482,0.006220820359885693,0.2077006148174405
target_38_0,38,0,Fixed,0.0102516309412861,6,True,0.0,0.20147979445755482,0.004847481846809387,0.2063272763043642
target_38_0,38,0,GP,0.01584342963653307,8,True,0.0,0.20793719356879592,0.31195859517902136,0.5198957887478173
target_38_0,38,0,O,0.007455731593662621,5,True,0.0,0.19827493652701378,0.00979549903422594,0.20807043556123972
target_38_0,38,0,Random,0.018639328984156572,9,True,0.0,0.21380300726741552,0.0002872031182050705,0.2140902103856206
target_38_0,38,1,A,0.0,1,True,0.0,0.2011657222174108,0.0007735448889434338,0.20193926710635424
target_38_0,38,1,Bad,0.0,1,True,0.0,0.19933138275519013,0.007368714082986116,0.20670009683817625
target_38_0,38,1,F,0.0,1,True,0.0,0.20055293664336205,0.01110686594620347,0.21165980258956552
target_38_0,38,1,Fixed,0.0,1,True,0.0,0.2043754942715168,0.012540172319859266,0.21691566659137607
target_38_0,38,1,GP,0.0,1,True,0.0,0.20123320911079645,0.2596589936874807,0.46089220279827714
target_38_0,38,1,O,0.0,1,True,0.0,0.20671099005267024,0.007748452015221119,0.21445944206789136
target_38_0,38,1,Random,0.0,1,True,0.0,0.20456749526783824,0.00046812091022729874,0.20503561617806554
target_38_0,38,2,A,0.0,1,True,0.0,0.19800600223243237,0.0007233712822198868,0.19872937351465225
target_38_0,38,2,Bad,0.0,1,True,0.0,0.19707864429801702,0.010730637703090906,0.20780928200110793
target_38_0,38,2,F,0.0,1,True,0.0,0.20389501843601465,0.005671478342264891,0.20956649677827954
target_38_0,38,2,Fixed,0.0,1,True,0.0,0.20389501843601465,0.005997098982334137,0.2098921174183488
target_38_0,38,2,GP,0.0,1,True,0.0,0.19918162794783711,0.21279422286897898,0.4119758508168161
target_38_0,38,2,O,0.0,1,True,0.0,0.19860655535012484,0.011556467041373253,0.2101630223914981
target_38_0,38,2,Random,0.0,1,True,0.0,0.19914527237415314,0.0008261809125542641,0.1999714532867074
target_38_1,38,0,A,0.0009319664492078266,1,True,0.0,0.203361751511693,0.0010506371036171913,0.2044123886153102
target_38_1,38,0,Bad,0.0018639328984156533,1,True,0.0,0.1881801695562899,0.009142355993390083,0.19732252554968
target_38_1,38,0,F,0.0018639328984156533,1,True,0.0,0.20587271777912974,0.009730554185807705,0.21560327196493745
target_38_1,38,0,Fixed,0.0018639328984156533,1,True,0.0,0.20587271777912974,0.010723765008151531,0.21659648278728127
target_38_1,38,0,GP,0.00279589934762348,1,True,0.0,0.20432618213817477,0.2658905740827322,0.470216756220907
target_38_1,38,0,O,0.0009319664492078266,1,True,0.0,0.2056212741881609,0.007108079735189676,0.21272935392335057
target_38_1,38,0,Random,0.00279589934762348,1,True,0.0,0.20891117490828037,0.0001506931148469448,0.20906186802312732
target_38_1,38,1,A,0.0,1,True,0.0,0.20140076149255037,0.0004295031540095806,0.20183026464655995
target_38_1,38,1,Bad,0.0,1,True,0.0,0.1945575256831944,0.01032553007826209,0.2048830557614565
target_38_1,38,1,F,0.0,1,True,0.0,0.20086885849013925,0.010361713822931051,0.2112305723130703
target_38_1,38,1,Fixed,0.0,1,True,0.0,0.20086885849013925,0.006591911893337965,0.2074607703834772
target_38_1,38,1,GP,0.0,1,True,0.0,0.20515137538313866,0.2568560242652893,0.46200739964842796
target_38_1,38,1,O,0.0,1,True,0.0,0.1945575256831944,0.008840291295200586,0.20339781697839499
target_38_1,38,1,Random,0.0,1,True,0.0,0.20592212537303567,0.00014962907880544662,0.20607175445184112
target_38_1,38,2,A,0.0,4,True,0.0,0.2027568006888032,0.0005381782539188862,0.20329497894272208
target_38_1,38,2,Bad,0.0,4,True,0.0,0.19234257191419601,0.0071734217926859856,0.199515993706882
target_38_1,38,2,F,0.0,4,True,0.0,0.19817695766687393,0.010384142864495516,0.20856110053136945
target_38_1,38,2,Fixed,0.0,4,True,0.0,0.19817695766687393,0.01090547302737832,0.20908243069425225
target_38_1,38,2,GP,0.0,4,True,0.0,0.20933184958994389,0.2268283129669726,0.4361601625569165
target_38_1,38,2,O,0.0,4,True,0.0,0.19866751600056887,0.0042592622339725494,0.20292677823454142
target_38_1,38,2,Random,0.0,4,True,0.0,0.2044391934759915,0.00015819212421774864,0.20459738560020924
target_38_2,38,0,A,0.0,2,True,0.0,0.20080590806901455,0.0003767055459320545,0.2011826136149466
target_38_2,38,0,Bad,0.0,2,True,0.0,0.1978728510439396,0.0059814052656292915,0.20385425630956888
target_38_2,38,0,F,0.0,2,True,0.0,0.19975152611732483,0.0034469543024897575,0.2031984804198146
target_38_2,38,0,Fixed,0.0,2,True,0.0,0.19975152611732483,0.006350476294755936,0.20610200241208076
target_38_2,38,0,GP,0.0,2,True,0.0,0.1941243503242731,0.2726660529151559,0.466790403239429
target_38_2,38,0,O,0.0,2,True,0.0,0.1978728510439396,0.005433316808193922,0.2033061678521335
target_38_2,38,0,Random,0.0,2,True,0.0,0.20430475287139416,9.452598169445992e-05,0.20439927885308862
target_38_2,38,1,A,0.0,4,True,0.0,0.19659900199621916,0.00038129696622490883,0.19698029896244407
target_38_2,38,1,Bad,0.0,4,True,0.0,0.19809709396213293,0.007433069869875908,0.20553016383200884
target_38_2,38,1,F,0.0,4,True,0.0,0.19698041817173362,0.007122555281966925,0.20410297345370054
target_38_2,38,1,Fixed,0.0,4,True,0.0,0.19698041817173362,0.006346919108182192,0.2033273372799158
target_38_2,38,1,GP,0.0,4,True,0.0,0.19101044908165932,0.2659025709144771,0.4569130199961364
target_38_2,38,1,O,0.0,4,True,0.0,0.1903440817259252,0.005390715319663286,0.1957347970455885
target_38_2,38,1,Random,0.0,4,True,0.0,0.19945694506168365,0.00023271702229976654,0.19968966208398342
target_38_2,38,2,A,0.001917188124084678,5,True,0.0,0.2010024432092905,0.0004273378290235996,0.2014297810383141
target_38_2,38,2,Bad,0.001917188124084678,5,True,0.0,0.20022705290466547,0.006686808541417122,0.2069138614460826
target_38_2,38,2,F,0.0037811210225003316,6,True,0.0,0.20374342147260904,0.004929603077471256,0.2086730245500803
target_38_2,38,2,Fixed,0.0037811210225003316,6,True,0.0,0.20374342147260904,0.006137868855148554,0.2098812903277576
target_38_2,38,2,GP,0.005751564372254035,7,True,0.0,0.19811966782435775,0.27366581512615085,0.4717854829505086
target_38_2,38,2,O,0.001917188124084678,5,True,0.0,0.20268480153754354,0.006654307246208191,0.20933910878375173
target_38_2,38,2,Random,0.015124484090001326,12,True,0.0,0.20164036797359586,0.0001585269346833229,0.20179889490827918
target_45_0,45,0,A,0.0,3,True,0.0,0.16652494529262185,0.00033555785194039345,0.16686050314456224
target_45_0,45,0,Bad,0.0,3,True,0.0,0.18384950375184417,0.0027804840356111526,0.18662998778745532
target_45_0,45,0,F,0.0,3,True,0.0,0.18573669949546456,0.005603204946964979,0.19133990444242954
target_45_0,45,0,Fixed,0.0,3,True,0.0,0.1965763419866562,0.006471628788858652,0.20304797077551484
target_45_0,45,0,GP,0.0,3,True,0.0,0.18914995901286602,0.26818171003833413,0.45733166905120015
target_45_0,45,0,O,0.0,3,True,0.0,0.18384950375184417,0.002895521931350231,0.1867450256831944
target_45_0,45,0,Random,0.0,3,True,0.0,0.188177652657032,0.00022560078650712967,0.18840325344353914
target_45_0,45,1,A,0.0,1,True,0.0,0.16505865519866347,0.00045478902757167816,0.16551344422623515
target_45_0,45,1,Bad,0.0,1,True,0.0,0.18845263961702585,0.004035925958305597,0.19248856557533145
target_45_0,45,1,F,0.0,1,True,0.0,0.18582594767212868,0.00722304405644536,0.19304899172857404
target_45_0,45,1,Fixed,0.0,1,True,0.0,0.1849526520818472,0.007319329306483269,0.19227198138833046
target_45_0,45,1,GP,0.0,1,True,0.0,0.19278334407135844,0.24673129990696907,0.4395146439783275
target_45_0,45,1,O,0.0,1,True,0.0,0.18845263961702585,0.006747745908796787,0.19520038552582264
target_45_0,45,1,Random,0.0,1,True,0.0,0.18490970926359296,0.00016397610306739807,0.18507368536666036
target_45_0,45,2,A,0.0,1,True,0.0,0.1622937791980803,0.0003180592320859432,0.16261183843016624
target_45_0,45,2,Bad,0.0,1,True,0.0,0.1891487641260028,0.0057730600237846375,0.19492182414978743
target_45_0,45,2,F,0.0,1,True,0.0,0.18794416030868888,0.006713795941323042,0.19465795625001192
target_45_0,45,2,Fixed,0.0,1,True,0.0,0.18212575325742364,0.004537797067314386,0.18666355032473803
target_45_0,45,2,GP,0.0,1,True,0.0,0.18280667485669255,0.22800533007830381,0.41081200493499637
target_45_0,45,2,O,0.0,1,True,0.0,0.1891487641260028,0.0055444310419261456,0.19469319516792893
target_45_0,45,2,Random,0.0,1,True,0.0,0.18158894777297974,0.00019228504970669746,0.18178123282268643
target_45_1,45,0,A,0.010344827586206877,1,True,0.0,0.17244074307382107,0.00047725625336170197,0.17291799932718277
target_45_1,45,0,Bad,0.02183908045977007,1,True,0.0,0.1809943374246359,0.008556956425309181,0.18955129384994507
target_45_1,45,0,F,0.022988505747126384,1,True,0.0,0.17763169715180993,0.004998057149350643,0.18262975430116057
target_45_1,45,0,Fixed,0.024137931034482703,1,True,0.0,0.1779719707556069,0.003741355612874031,0.18171332636848092
target_45_1,45,0,GP,0.03333333333333324,1,True,0.013513513513513487,0.176474348641932,0.24895745981484652,0.4254318084567785
target_45_1,45,0,O,0.02183908045977007,1,True,0.0,0.1809943374246359,0.0027465932071208954,0.18374093063175678
target_45_1,45,0,Random,0.008045977011494237,1,True,0.0,0.19290836434811354,0.00022981781512498856,0.19313818216323853
target_45_1,45,1,A,0.010344827586206877,1,True,0.0,0.17038940638303757,0.0006226110272109509,0.17101201741024852
target_45_1,45,1,Bad,0.027586206896551658,1,True,0.0,0.17625360237434506,0.005267954897135496,0.18152155727148056
target_45_1,45,1,F,0.013793103448275836,1,True,0.0,0.18225233908742666,0.007017509080469608,0.18926984816789627
target_45_1,45,1,Fixed,0.013793103448275836,1,True,0.0,0.18225233908742666,0.005157069303095341,0.187409408390522
target_45_1,45,1,GP,0.03333333333333324,1,True,0.013513513513513487,0.18417636584490538,0.271394151262939,0.45557051710784435
target_45_1,45,1,O,0.016091954022988474,1,True,0.0,0.18860111199319363,0.005450500175356865,0.1940516121685505
target_45_1,45,1,Random,0.004597701149425279,1,True,0.0,0.1931638354435563,9.304191917181015e-05,0.19325687736272812
target_45_1,45,2,A,0.010344827586206877,1,True,0.0,0.16886271443217993,0.0004598349332809448,0.16932254936546087
target_45_1,45,2,Bad,0.03333333333333324,1,True,0.013513513513513487,0.18126437161117792,0.004652323201298714,0.18591669481247663
target_45_1,45,2,F,0.011494252873563197,1,True,0.0,0.17959437100216746,0.003162529319524765,0.18275690032169223
target_45_1,45,2,Fixed,0.008045977011494237,1,True,0.0,0.1819454268552363,0.005344636272639036,0.18729006312787533
target_45_1,45,2,GP,0.03333333333333324,1,True,0.013513513513513487,0.17502782214432955,0.2881300779990852,0.46315790014341474
target_45_1,45,2,O,0.03333333333333324,1,True,0.013513513513513487,0.18126437161117792,0.006710368674248457,0.18797474028542638
target_45_1,45,2,Random,0.009195402298850557,1,True,0.0,0.19231555610895157,0.00017860811203718185,0.19249416422098875
target_45_2,45,0,A,0.0,1,True,0.013513513513513487,0.16945892106741667,0.0003497381694614887,0.16980865923687816
target_45_2,45,0,Bad,0.0,1,True,0.013513513513513487,0.1757001979276538,0.007569754030555487,0.18326995195820928
target_45_2,45,0,F,0.0,1,True,0.013513513513513487,0.1802339949645102,0.006608101073652506,0.1868420960381627
target_45_2,45,0,Fixed,0.0,1,True,0.013513513513513487,0.1782353250309825,0.005103059113025665,0.18333838414400816
target_45_2,45,0,GP,0.0,1,True,0.013513513513513487,0.17353076580911875,0.24912319192662835,0.4226539577357471
target_45_2,45,0,O,0.0,1,True,0.013513513513513487,0.1764641087502241,0.007033899892121553,0.18349800864234567
target_45_2,45,0,Random,0.0,1,True,0.013513513513513487,0.1836567842401564,9.306799620389938e-05,0.1837498522363603
target_45_2,45,1,A,0.0,1,True,0.013513513513513487,0.16890752036124468,0.0002058618701994419,0.16911338223144412
target_45_2,45,1,Bad,0.0,1,True,0.013513513513513487,0.17331549664959311,0.003118405118584633,0.17643390176817775
target_45_2,45,1,F,0.0,1,True,0.013513513513513487,0.1753790914081037,0.005261154845356941,0.18064024625346065
target_45_2,45,1,Fixed,0.0,1,True,0.013513513513513487,0.17146593006327748,0.006966023240238428,0.1784319533035159
target_45_2,45,1,GP,0.0,1,True,0.013513513513513487,0.18250008253380656,0.2507283012382686,0.4332283837720752
target_45_2,45,1,O,0.0,1,True,0.013513513513513487,0.17331549664959311,0.007077566813677549,0.18039306346327066
target_45_2,45,1,Random,0.0,1,True,0.013513513513513487,0.1820758068934083,0.0001537618227303028,0.1822295687161386
target_45_2,45,2,A,0.0,1,True,0.013513513513513487,0.1708288942463696,0.0004961937665939331,0.17132508801296353
target_45_2,45,2,Bad,0.0,1,True,0.013513513513513487,0.181860214099288,0.005176300648599863,0.18703651474788785
target_45_2,45,2,F,0.0,1,True,0.013513513513513487,0.18433040706440806,0.006664038170129061,0.19099444523453712
target_45_2,45,2,Fixed,0.0,1,True,0.013513513513513487,0.17302384972572327,0.005087919998914003,0.17811176972463727
target_45_2,45,2,GP,0.0,1,True,0.013513513513513487,0.17466059001162648,0.2695025713182986,0.44416316132992506
target_45_2,45,2,O,0.0,1,True,0.013513513513513487,0.181860214099288,0.004825938958674669,0.18668615305796266
target_45_2,45,2,Random,0.0,1,True,0.013513513513513487,0.17435082327574492,0.00015815719962120056,0.17450898047536612
target_49_0,49,0,A,0.0,3,True,0.0,0.20015076827257872,0.000372075941413641,0.20052284421399236
target_49_0,49,0,Bad,0.0,3,True,0.0,0.20631992304697633,0.006531402934342623,0.21285132598131895
target_49_0,49,0,F,0.0,3,True,0.0,0.20991244306787848,0.00693407841026783,0.21684652147814631
target_49_0,49,0,Fixed,0.0,3,True,0.0,0.20604984182864428,0.006655680947005749,0.21270552277565002
target_49_0,49,0,GP,0.0,3,True,0.0,0.21015466237440705,0.2686486770398915,0.47880333941429853
target_49_0,49,0,O,0.0,3,True,0.0,0.21194217819720507,0.005378593225032091,0.21732077142223716
target_49_0,49,0,Random,0.0,3,True,0.0,0.20805243402719498,0.00016081798821687698,0.20821325201541185
target_49_0,49,1,A,0.0,2,True,0.0,0.19790111435577273,0.00027400581166148186,0.19817512016743422
target_49_0,49,1,Bad,0.0,2,True,0.0,0.2054255180992186,0.006242701783776283,0.2116682198829949
target_49_0,49,1,F,0.0,2,True,0.0,0.21312238741666079,0.005618179216980934,0.21874056663364172
target_49_0,49,1,Fixed,0.0,2,True,0.0,0.21417589532211423,0.0027625090442597866,0.21693840436637402
target_49_0,49,1,GP,0.0,2,True,0.0,0.2108776173554361,0.2567756068892777,0.4676532242447138
target_49_0,49,1,O,0.0,2,True,0.0,0.20526032848283648,0.0052643148228526115,0.2105246433056891
target_49_0,49,1,Random,0.0,2,True,0.0,0.20532450638711452,0.00017051631584763527,0.20549502270296216
target_49_0,49,2,A,0.0009578544061302662,1,True,0.0,0.19755461113527417,0.0006443001329898834,0.19819891126826406
target_49_0,49,2,Bad,0.009578544061302666,1,True,0.0,0.2064431025646627,0.005258607212454081,0.21170170977711678
target_49_0,49,2,F,0.003831417624521065,1,True,0.0,0.20885530300438404,0.0051248641684651375,0.21398016717284918
target_49_0,49,2,Fixed,0.0009578544061302662,1,True,0.0,0.21214507333934307,0.00559063907712698,0.21773571241647005
target_49_0,49,2,GP,0.0067049808429118654,1,True,0.0,0.2094169449992478,0.2667369027622044,0.4761538477614522
target_49_0,49,2,O,0.009578544061302666,1,True,0.0,0.2064431025646627,0.004655797965824604,0.2110989005304873
target_49_0,49,2,Random,0.005747126436781599,1,True,0.0,0.20420352090150118,0.00025618309155106544,0.20445970399305224
target_49_1,49,0,A,0.027984881433157246,5,True,0.013513513513513487,0.18793373089283705,0.00034602219238877296,0.18827975308522582
target_49_1,49,0,Bad,0.02894273583928752,6,True,0.013513513513513487,0.2015628577210009,0.005185340065509081,0.20674819778651
target_49_1,49,0,F,0.015869317593455497,5,True,0.0,0.20918788947165012,0.007050908170640469,0.2162387976422906
target_49_1,49,0,Fixed,0.027984881433157246,5,True,0.013513513513513487,0.2037882013246417,0.004930275026708841,0.20871847635135055
target_49_1,49,0,GP,0.027984881433157246,5,True,0.013513513513513487,0.2011742894537747,0.25394141860306263,0.4551157080568373
target_49_1,49,0,O,0.005669462566014297,7,True,0.0,0.20452594384551048,0.005556599237024784,0.21008254308253527
target_49_1,49,0,Random,0.0037537537537537524,5,True,0.0,0.19650299847126007,0.00022498006001114845,0.19672797853127122
target_49_1,49,1,A,0.027027027027026973,4,True,0.013513513513513487,0.18805037066340446,0.0005269888788461685,0.18857735954225063
target_49_1,49,1,Bad,0.027027027027026973,4,True,0.013513513513513487,0.20527950208634138,0.007323767989873886,0.21260327007621527
target_49_1,49,1,F,0.01118359739049392,4,True,0.0,0.21710293600335717,0.007527096197009087,0.22463003220036626
target_49_1,49,1,Fixed,0.023299161230195667,4,True,0.0,0.20241985842585564,0.008286242838948965,0.2107061012648046
target_49_1,49,1,GP,0.027027027027026973,4,True,0.013513513513513487,0.19017470115795732,0.28678447287529707,0.4769591740332544
target_49_1,49,1,O,0.027027027027026973,4,True,0.013513513513513487,0.20527950208634138,0.006686395034193993,0.21196589712053537
target_49_1,49,1,Random,0.027027027027026973,4,True,0.013513513513513487,0.2024179664440453,0.00015853019431233406,0.20257649663835764
target_49_1,49,2,A,0.027027027027026973,1,True,0.013513513513513487,0.18461491959169507,0.0005165529437363148,0.18513147253543139
target_49_1,49,2,Bad,0.027027027027026973,1,True,0.013513513513513487,0.20093811862170696,0.006523636169731617,0.20746175479143858
target_49_1,49,2,F,0.027027027027026973,1,True,0.013513513513513487,0.19375408999621868,0.005320047028362751,0.19907413702458143
target_49_1,49,2,Fixed,0.027027027027026973,1,True,0.013513513513513487,0.2088211765512824,0.0037395129911601543,0.21256068954244256
target_49_1,49,2,GP,0.027027027027026973,1,True,0.013513513513513487,0.193326014559716,0.3070961618795991,0.5004221764393151
target_49_1,49,2,O,0.027027027027026973,1,True,0.013513513513513487,0.20093811862170696,0.005956510081887245,0.2068946287035942
target_49_1,49,2,Random,0.027027027027026973,1,True,0.013513513513513487,0.19407028378918767,0.00022516679018735886,0.19429545057937503
target_49_2,49,0,A,0.0,2,True,0.013513513513513487,0.19276982499286532,0.0004893727600574493,0.19325919775292277
target_49_2,49,0,Bad,0.0,2,True,0.013513513513513487,0.21088806493207812,0.004630396608263254,0.21551846154034138
target_49_2,49,0,F,0.0,2,True,0.013513513513513487,0.20965523924678564,0.006898009218275547,0.2165532484650612
target_49_2,49,0,Fixed,0.0,2,True,0.013513513513513487,0.2135224025696516,0.005346230231225491,0.2188686328008771
target_49_2,49,0,GP,0.0,2,True,0.013513513513513487,0.19613101333379745,0.35434228274971247,0.5504732960835099
target_49_2,49,0,O,0.0,2,True,0.013513513513513487,0.21079617738723755,0.006786653306335211,0.21758283069357276
target_49_2,49,0,Random,0.0,2,True,0.013513513513513487,0.19673119764775038,0.0001606377772986889,0.19689183542504907
target_49_2,49,1,A,0.0,2,True,0.013513513513513487,0.19399490021169186,0.0008041239343583584,0.19479902414605021
target_49_2,49,1,Bad,0.0,2,True,0.013513513513513487,0.21067350776866078,0.005624723620712757,0.21629823138937354
target_49_2,49,1,F,0.0,2,True,0.013513513513513487,0.2058234098367393,0.005702196154743433,0.21152560599148273
target_49_2,49,1,Fixed,0.0,2,True,0.013513513513513487,0.21056703571230173,0.005771807860583067,0.2163388435728848
target_49_2,49,1,GP,0.0,2,True,0.013513513513513487,0.20264683244749904,0.2764401878230274,0.4790870202705264
target_49_2,49,1,O,0.0,2,True,0.013513513513513487,0.21067350776866078,0.007110595703125,0.21778410347178578
target_49_2,49,1,Random,0.0,2,True,0.013513513513513487,0.20711793517693877,0.00016007013618946075,0.20727800531312823
target_49_2,49,2,A,0.0,2,True,0.013513513513513487,0.19286101032048464,0.0004879138432443142,0.19334892416372895
target_49_2,49,2,Bad,0.0,2,True,0.013513513513513487,0.2021947936154902,0.005931832827627659,0.20812662644311786
target_49_2,49,2,F,0.0,2,True,0.013513513513513487,0.21296718437224627,0.006658405065536499,0.21962558943778276
target_49_2,49,2,Fixed,0.0,2,True,0.013513513513513487,0.20274188229814172,0.005693304352462292,0.208435186650604
target_49_2,49,2,GP,0.0,2,True,0.013513513513513487,0.19008928863331676,0.2790241949260235,0.46911348355934024
target_49_2,49,2,O,0.0,2,True,0.013513513513513487,0.2021947936154902,0.005874086637049913,0.2080688802525401
target_49_2,49,2,Random,0.0,2,True,0.013513513513513487,0.2007961361669004,0.0001592482440173626,0.20095538441091776
target_67_0,67,0,A,0.0,1,True,0.0,0.1652126801200211,0.00046927807852625847,0.16568195819854736
target_67_0,67,0,Bad,0.0,1,True,0.0,0.17769276350736618,0.007333611138164997,0.18502637464553118
target_67_0,67,0,F,0.0,1,True,0.0,0.1870017317123711,0.006795218680053949,0.19379695039242506
target_67_0,67,0,Fixed,0.0,1,True,0.0,0.18261239910498261,0.004829069133847952,0.18744146823883057
target_67_0,67,0,GP,0.0,1,True,0.0,0.1859200792387128,0.21969693899154663,0.4056170182302594
target_67_0,67,0,O,0.0,1,True,0.0,0.17769276350736618,0.006917313206940889,0.18461007671430707
target_67_0,67,0,Random,0.0,1,True,0.0,0.1753675420768559,0.00015738001093268394,0.17552492208778858
target_67_0,67,1,A,0.0,1,True,0.0,0.16798233753070235,0.00044900085777044296,0.1684313383884728
target_67_0,67,1,Bad,0.0,1,True,0.0,0.17638472421094775,0.005479537881910801,0.18186426209285855
target_67_0,67,1,F,0.0,1,True,0.0,0.18201517732813954,0.005898323841392994,0.18791350116953254
target_67_0,67,1,Fixed,0.0,1,True,0.0,0.17751371208578348,0.006784834433346987,0.18429854651913047
target_67_0,67,1,GP,0.0,1,True,0.0,0.18177332310006022,0.25000883685424924,0.43178215995430946
target_67_0,67,1,O,0.0,1,True,0.0,0.18097582925111055,0.00686551071703434,0.1878413399681449
target_67_0,67,1,Random,0.0,1,True,0.0,0.17415759526193142,0.00015960214659571648,0.17431719740852714
target_67_0,67,2,A,0.0,1,True,0.0,0.16661321185529232,0.00044807279482483864,0.16706128465011716
target_67_0,67,2,Bad,0.0,1,True,0.0,0.1797431968152523,0.005082634277641773,0.18482583109289408
target_67_0,67,2,F,0.0,1,True,0.0,0.18751072883605957,0.0072047472931444645,0.19471547612920403
target_67_0,67,2,Fixed,0.0,1,True,0.0,0.1874430850148201,0.006923305802047253,0.19436639081686735
target_67_0,67,2,GP,0.0,1,True,0.0,0.1852673226967454,0.22213564487174153,0.40740296756848693
target_67_0,67,2,O,0.0,1,True,0.0,0.1754272673279047,0.005633629858493805,0.1810608971863985
target_67_0,67,2,Random,0.0,1,True,0.0,0.17965609952807426,0.00022196490317583084,0.1798780644312501
target_67_1,67,0,A,0.0,1,True,0.0,0.17279559932649136,0.00047139497473835945,0.17326699430122972
target_67_1,67,0,Bad,0.0,1,True,0.0,0.1786370719783008,0.006540812086313963,0.18517788406461477
target_67_1,67,0,F,0.0,1,True,0.0,0.18089794972911477,0.004529629833996296,0.18542757956311107
target_67_1,67,0,Fixed,0.0,1,True,0.0,0.17529301112517715,0.007346269208937883,0.18263928033411503
target_67_1,67,0,GP,0.0,1,True,0.0,0.18140694545581937,0.21460034511983395,0.3960072905756533
target_67_1,67,0,O,0.0,1,True,0.0,0.1802443666383624,0.0052213361486792564,0.18546570278704166
target_67_1,67,0,Random,0.0,1,True,0.0,0.17266333010047674,0.00016738800331950188,0.17283071810379624
target_67_1,67,1,A,0.0,2,True,0.0,0.17700579902157187,0.00043511902913451195,0.1774409180507064
target_67_1,67,1,Bad,0.0,2,True,0.0,0.1758046722970903,0.005809138063341379,0.18161381036043167
target_67_1,67,1,F,0.0,2,True,0.0,0.1705605974420905,0.006562373135238886,0.1771229705773294
target_67_1,67,1,Fixed,0.0,2,True,0.0,0.1705605974420905,0.005283907055854797,0.1758445044979453
target_67_1,67,1,GP,0.0,2,True,0.0,0.1769687538035214,0.23296493804082274,0.40993369184434414
target_67_1,67,1,O,0.0,2,True,0.0,0.19064407097175717,0.007239623926579952,0.19788369489833713
target_67_1,67,1,Random,0.0,2,True,0.0,0.17644692491739988,0.00015689805150032043,0.1766038229689002
target_67_1,67,2,A,0.0,2,True,0.0,0.17840777663514018,0.0003278609365224838,0.17873563757166266
target_67_1,67,2,Bad,0.0,2,True,0.0,0.1828164355829358,0.005164952017366886,0.1879813876003027
target_67_1,67,2,F,0.0,2,True,0.0,0.1740921293385327,0.003712389152497053,0.17780451849102974
target_67_1,67,2,Fixed,0.0,2,True,0.0,0.18137182109057903,0.00563137186691165,0.18700319295749068
target_67_1,67,2,GP,0.0,2,True,0.0,0.17414428340271115,0.21613465808331966,0.3902789414860308
target_67_1,67,2,O,0.0,2,True,0.0,0.1803152379579842,0.004826265387237072,0.18514150334522128
target_67_1,67,2,Random,0.0,2,True,0.0,0.18150631850585341,0.00015542563050985336,0.18166174413636327
target_67_2,67,0,A,0.0,2,True,0.0,0.17001095740124583,0.00045568402856588364,0.17046664142981172
target_67_2,67,0,Bad,0.0,2,True,0.0,0.18646836979314685,0.007413424085825682,0.19388179387897253
target_67_2,67,0,F,0.0,2,True,0.0,0.18073106184601784,0.005148674827069044,0.18587973667308688
target_67_2,67,0,Fixed,0.0,2,True,0.0,0.17624578485265374,0.005970710888504982,0.18221649574115872
target_67_2,67,0,GP,0.0,2,True,0.0,0.18262529699131846,0.21763992914929986,0.4002652261406183
target_67_2,67,0,O,0.0,2,True,0.0,0.18646836979314685,0.006363856606185436,0.19283222639933228
target_67_2,67,0,Random,0.0,2,True,0.0,0.19197684759274125,0.00016190577298402786,0.19213875336572528
target_67_2,67,1,A,0.0,1,True,0.0,0.16548981936648488,0.000575097743421793,0.16606491710990667
target_67_2,67,1,Bad,0.0,1,True,0.0,0.17710554180666804,0.0073488857597112656,0.1844544275663793
target_67_2,67,1,F,0.0,1,True,0.0,0.1784144421108067,0.006787315011024475,0.18520175712183118
target_67_2,67,1,Fixed,0.0,1,True,0.0,0.1792139341123402,0.006190421991050243,0.18540435610339046
target_67_2,67,1,GP,0.0,1,True,0.0,0.17471218993887305,0.17059154016897082,0.3453037301078439
target_67_2,67,1,O,0.0,1,True,0.0,0.17710554180666804,0.0068700299598276615,0.1839755717664957
target_67_2,67,1,Random,0.0,1,True,0.0,0.17528124758973718,0.00021493714302778244,0.17549618473276496
target_67_2,67,2,A,0.0,1,True,0.0,0.16876419121399522,0.000441631767898798,0.16920582298189402
target_67_2,67,2,Bad,0.0,1,True,0.0,0.17622970836237073,0.006776445545256138,0.18300615390762687
target_67_2,67,2,F,0.0,1,True,0.0,0.18021640880033374,0.007055175025016069,0.1872715838253498
target_67_2,67,2,Fixed,0.0,1,True,0.0,0.1880770311690867,0.006607395596802235,0.19468442676588893
target_67_2,67,2,GP,0.0,1,True,0.0,0.1787274363450706,0.19215652160346508,0.3708839579485357
target_67_2,67,2,O,0.0,1,True,0.0,0.17622970836237073,0.007087624166160822,0.18331733252853155
target_67_2,67,2,Random,0.0,1,True,0.0,0.18441292317584157,0.0002565826289355755,0.18466950580477715
target_68_0,68,0,A,0.034482758620689655,5,True,0.0,0.17962871072813869,0.00019741710275411606,0.1798261278308928
target_68_0,68,0,Bad,0.06896551724137931,6,True,0.0,0.17684748768806458,0.007446258794516325,0.1842937464825809
target_68_0,68,0,F,0.06896551724137931,6,True,0.0,0.16887854039669037,0.003814190626144409,0.17269273102283478
target_68_0,68,0,Fixed,0.03821062441752096,6,True,0.0,0.16982757672667503,0.004065332002937794,0.17389290872961283
target_68_0,68,0,GP,0.06896551724137931,6,True,0.0,0.17092675436288118,0.2510486519895494,0.4219754063524306
target_68_0,68,0,O,0.06896551724137931,6,True,0.0,0.16680077649652958,0.002926246263086796,0.16972702275961637
target_68_0,68,0,Random,0.16743442950339504,9,True,0.0,0.17470185598358512,0.00016399985179305077,0.17486585583537817
target_68_0,68,1,A,0.0,4,True,0.0,0.17838424211367965,0.00033141300082206726,0.17871565511450171
target_68_0,68,1,Bad,0.0,4,True,0.0,0.17120848270133138,0.005444275680929422,0.1766527583822608
target_68_0,68,1,F,0.0,4,True,0.0,0.1691833338700235,0.0052619632333517075,0.1744452971033752
target_68_0,68,1,Fixed,0.0,4,True,0.0,0.1691833338700235,0.006175704766064882,0.17535903863608837
target_68_0,68,1,GP,0.0,4,True,0.0,0.17095126444473863,0.22189666470512748,0.3928479291498661
target_68_0,68,1,O,0.0,4,True,0.0,0.17124383570626378,0.005005353130400181,0.17624918883666396
target_68_0,68,1,Random,0.0,4,True,0.0,0.18079018592834473,0.00021992763504385948,0.18101011356338859
target_68_0,68,2,A,0.0,2,True,0.0,0.1772403921931982,0.0003845742903649807,0.17762496648356318
target_68_0,68,2,Bad,0.0,2,True,0.0,0.1734365806914866,0.00529482401907444,0.17873140471056104
target_68_0,68,2,F,0.0,2,True,0.0,0.16131029790267348,0.007155903149396181,0.16846620105206966
target_68_0,68,2,Fixed,0.0,2,True,0.0,0.16131029790267348,0.005024454090744257,0.16633475199341774
target_68_0,68,2,GP,0.0,2,True,0.0,0.16394069092348218,0.2536530871875584,0.4175937781110406
target_68_0,68,2,O,0.0,2,True,0.0,0.17187049612402916,0.004301288165152073,0.17617178428918123
target_68_0,68,2,Random,0.0,2,True,0.0,0.1726798228919506,0.0001613730564713478,0.17284119594842196
target_68_1,68,0,A,0.0009852216748768437,2,True,0.0,0.1681276522576809,0.0003416142426431179,0.168469266500324
target_68_1,68,0,Bad,0.0019704433497536875,2,True,0.0,0.1801315643824637,0.0030024428851902485,0.18313400726765394
target_68_1,68,0,F,0.0009852216748768437,2,True,0.0,0.17153425980359316,0.006815285887569189,0.17834954569116235
target_68_1,68,0,Fixed,0.0009852216748768437,2,True,0.0,0.17153425980359316,0.005257972050458193,0.17679223185405135
target_68_1,68,0,GP,0.0019704433497536875,2,True,0.0,0.1768684508278966,0.26715536788105965,0.44402381870895624
target_68_1,68,0,O,0.0009852216748768437,2,True,0.0,0.18142234068363905,0.005449911113828421,0.18687225179746747
target_68_1,68,0,Random,0.011822660098522125,2,True,0.0,0.17952280957251787,0.0002203253097832203,0.1797431348823011
target_68_1,68,1,A,0.0,1,True,0.0,0.17120995838195086,0.0005133780650794506,0.1717233364470303
target_68_1,68,1,Bad,0.0,1,True,0.0,0.18384391069412231,0.00515671307221055,0.18900062376633286
target_68_1,68,1,F,0.0,1,True,0.0,0.18758863722905517,0.0032826699316501617,0.19087130716070533
target_68_1,68,1,Fixed,0.0,1,True,0.0,0.18758863722905517,0.006826322991400957,0.19441496022045612
target_68_1,68,1,GP,0.0,1,True,0.0,0.1821906315162778,0.23447636887431145,0.41666700039058924
target_68_1,68,1,O,0.0,1,True,0.0,0.1830166974104941,0.006202904041856527,0.18921960145235062
target_68_1,68,1,Random,0.0,1,True,0.0,0.17504243645817041,9.212503209710121e-05,0.17513456149026752
target_68_1,68,2,A,0.0009852216748768437,3,True,0.0,0.1700908443890512,0.00031129689887166023,0.17040214128792286
target_68_1,68,2,Bad,0.0029556650246305312,3,True,0.0,0.17209332203492522,0.0052464972250163555,0.17733981925994158
target_68_1,68,2,F,0.0009852216748768437,3,True,0.0,0.16907048504799604,0.00532460818067193,0.17439509322866797
target_68_1,68,2,Fixed,0.0009852216748768437,3,True,0.0,0.16907048504799604,0.004743022844195366,0.1738135078921914
target_68_1,68,2,GP,0.003940886699507375,3,True,0.0,0.18260161904618144,0.28572342498227954,0.468325044028461
target_68_1,68,2,O,0.003940886699507375,3,True,0.0,0.172379357740283,0.002717099152505398,0.1750964568927884
target_68_1,68,2,Random,0.0019704433497536875,3,True,0.0,0.17857829248532653,0.0002298322506248951,0.17880812473595142
target_68_2,68,0,A,0.0,1,True,0.0,0.17252050712704659,0.00031783105805516243,0.17283833818510175
target_68_2,68,0,Bad,0.0,1,True,0.0,0.17294275341555476,0.005275200121104717,0.17821795353665948
target_68_2,68,0,F,0.0,1,True,0.0,0.1799849164672196,0.0037546949461102486,0.18373961141332984
target_68_2,68,0,Fixed,0.0,1,True,0.0,0.1799849164672196,0.00723256403580308,0.18721748050302267
target_68_2,68,0,GP,0.0,1,True,0.0,0.17129839630797505,0.22868475783616304,0.3999831541441381
target_68_2,68,0,O,0.0,1,True,0.0,0.17108388338238,0.005291135050356388,0.1763750184327364
target_68_2,68,0,Random,0.0,1,True,0.0,0.18553114915266633,0.00022818101570010185,0.18575933016836643
target_68_2,68,1,A,0.0,2,True,0.0,0.1761103100143373,0.0003818059340119362,0.17649211594834924
target_68_2,68,1,Bad,0.0,2,True,0.0,0.17458068346604705,0.0067602298222482204,0.18134091328829527
target_68_2,68,1,F,0.0,2,True,0.0,0.17928643990308046,0.005313897039741278,0.18460033694282174
target_68_2,68,1,Fixed,0.0,2,True,0.0,0.17928643990308046,0.006871286779642105,0.18615772668272257
target_68_2,68,1,GP,0.0,2,True,0.0,0.1809724485501647,0.28027863008901477,0.46125107863917947
target_68_2,68,1,O,0.0,2,True,0.0,0.17458068346604705,0.005988678894937038,0.1805693623609841
target_68_2,68,1,Random,0.0,2,True,0.0,0.194418135099113,0.00022577913478016853,0.19464391423389316
target_68_2,68,2,A,0.0,1,True,0.0,0.1748408069834113,0.00030278414487838745,0.1751435911282897
target_68_2,68,2,Bad,0.0,1,True,0.0,0.1870325179770589,0.00693915318697691,0.1939716711640358
target_68_2,68,2,F,0.0,1,True,0.0,0.17322645476087928,0.006755428854376078,0.17998188361525536
target_68_2,68,2,Fixed,0.0,1,True,0.0,0.17322645476087928,0.006154342088848352,0.17938079684972763
target_68_2,68,2,GP,0.0,1,True,0.0,0.1738667138852179,0.222727760206908,0.3965944740921259
target_68_2,68,2,O,0.0,1,True,0.0,0.1705549992620945,0.006162023171782494,0.176717022433877
target_68_2,68,2,Random,0.0,1,True,0.0,0.183394867926836,0.00023217219859361649,0.18362704012542963
target_78_0,78,0,A,0.0,2,True,0.0,0.1766901803202927,0.0004785507917404175,0.17716873111203313
target_78_0,78,0,Bad,0.0,2,True,0.0,0.16940308874472976,0.007010573986917734,0.1764136627316475
target_78_0,78,0,F,0.0,2,True,0.0,0.18766309972852468,0.00674634100869298,0.19440944073721766
target_78_0,78,0,Fixed,0.0,2,True,0.0,0.18766309972852468,0.007538287900388241,0.19520138762891293
target_78_0,78,0,GP,0.0,2,True,0.0,0.17194624384865165,0.2612273902632296,0.43317363411188126
target_78_0,78,0,O,0.0,2,True,0.0,0.1827620668336749,0.006105882115662098,0.188867948949337
target_78_0,78,0,Random,0.0,2,True,0.0,0.19190374528989196,0.00021943077445030212,0.19212317606434226
target_78_0,78,1,A,0.0009578544061302648,1,True,0.0,0.1781678032130003,0.00027709873393177986,0.17844490194693208
target_78_0,78,1,Bad,0.0009578544061302648,1,True,0.0,0.17997811594977975,0.007386463228613138,0.1873645791783929
target_78_0,78,1,F,0.0009578544061302648,1,True,0.0,0.17860553227365017,0.005470015108585358,0.18407554738223553
target_78_0,78,1,Fixed,0.0009578544061302648,1,True,0.0,0.17860553227365017,0.00788778206333518,0.18649331433698535
target_78_0,78,1,GP,0.0009578544061302648,1,True,0.0,0.1824292680248618,0.22841396508738399,0.4108432331122458
target_78_0,78,1,O,0.0009578544061302648,1,True,0.0,0.17997811594977975,0.006863068789243698,0.18684118473902345
target_78_0,78,1,Random,0.0009578544061302648,1,True,0.0,0.1947482298128307,0.0002753674052655697,0.19502359721809626
target_78_0,78,2,A,0.0,4,True,0.0,0.177717637270689,0.0003224997781217098,0.17804013704881072
target_78_0,78,2,Bad,0.0,4,True,0.0,0.1749051413498819,0.007272051181644201,0.1821771925315261
target_78_0,78,2,F,0.0,4,True,0.0,0.17188241658732295,0.007303458172827959,0.1791858747601509
target_78_0,78,2,Fixed,0.0,4,True,0.0,0.17188241658732295,0.0065453234128654,0.17842774000018835
target_78_0,78,2,GP,0.0,4,True,0.0,0.16382996691390872,0.250792795792222,0.41462276270613074
target_78_0,78,2,O,0.0,4,True,0.0,0.16874086670577526,0.0058892033994197845,0.17463007010519505
target_78_0,78,2,Random,0.0,4,True,0.0,0.1924132453277707,0.0001603127457201481,0.19257355807349086
target_78_1,78,0,A,0.0,2,True,0.0,0.17636487679556012,0.0004862700589001179,0.17685114685446024
target_78_1,78,0,Bad,0.0,2,True,0.0,0.16443490842357278,0.006820063106715679,0.17125497153028846
target_78_1,78,0,F,0.0,2,True,0.0,0.17078833701089025,0.0030526979826390743,0.17384103499352932
target_78_1,78,0,Fixed,0.0,2,True,0.0,0.17078833701089025,0.0029340358451008797,0.17372237285599113
target_78_1,78,0,GP,0.0,2,True,0.0,0.1767030986957252,0.2665868578478694,0.4432899565435946
target_78_1,78,0,O,0.0,2,True,0.0,0.17510425066575408,0.006515111308544874,0.18161936197429895
target_78_1,78,0,Random,0.0,2,True,0.0,0.1689870092086494,9.475508704781532e-05,0.1690817642956972
target_78_1,78,1,A,0.0,1,True,0.0,0.1764708706177771,0.0001989724114537239,0.17666984302923083
target_78_1,78,1,Bad,0.0,1,True,0.0,0.1645336765795946,0.006968942005187273,0.17150261858478189
target_78_1,78,1,F,0.0,1,True,0.0,0.17312618903815746,0.005205099005252123,0.17833128804340959
target_78_1,78,1,Fixed,0.0,1,True,0.0,0.17312618903815746,0.003625720739364624,0.1767519097775221
target_78_1,78,1,GP,0.0,1,True,0.0,0.17297410406172276,0.2761678360402584,0.44914194010198116
target_78_1,78,1,O,0.0,1,True,0.0,0.1645336765795946,0.004979320801794529,0.16951299738138914
target_78_1,78,1,Random,0.0,1,True,0.0,0.17371442541480064,0.00023054610937833786,0.17394497152417898
target_78_1,78,2,A,0.034482758620689655,5,True,0.0,0.17562110861763358,0.00024970388039946556,0.17587081249803305
target_78_1,78,2,Bad,0.06896551724137931,6,True,0.0,0.17343072453513741,0.004512550309300423,0.17794327484443784
target_78_1,78,2,F,0.06896551724137931,6,True,0.0,0.17283089458942413,0.005222657695412636,0.17805355228483677
target_78_1,78,2,Fixed,0.034482758620689655,5,True,0.0,0.1770666721276939,0.004075468983501196,0.1811421411111951
target_78_1,78,2,GP,0.06896551724137931,6,True,0.0,0.16829369217157364,0.224123097024858,0.39241678919643164
target_78_1,78,2,O,0.06896551724137931,6,True,0.0,0.17668756050989032,0.0032227239571511745,0.1799102844670415
target_78_1,78,2,Random,0.034482758620689655,5,True,0.0,0.18774554505944252,0.00023154495283961296,0.18797709001228213
target_78_2,78,0,A,0.0,2,True,0.0,0.17705453652888536,0.0004793768748641014,0.17753391340374947
target_78_2,78,0,Bad,0.0,2,True,0.0,0.1812578234821558,0.00505774887278676,0.18631557235494256
target_78_2,78,0,F,0.0,2,True,0.0,0.1762650702148676,0.0038967677392065525,0.18016183795407414
target_78_2,78,0,Fixed,0.0,2,True,0.0,0.1762650702148676,0.0033537806011736393,0.17961885081604123
target_78_2,78,0,GP,0.0,2,True,0.0,0.1689638956449926,0.25502726901322603,0.4239911646582186
target_78_2,78,0,O,0.0,2,True,0.0,0.17291588755324483,0.0036309128627181053,0.17654680041596293
target_78_2,78,0,Random,0.0,2,True,0.0,0.18006913922727108,0.00022747227922081947,0.1802966115064919
target_78_2,78,1,A,0.0,1,True,0.0,0.17664859956130385,0.00019950512796640396,0.17684810468927026
target_78_2,78,1,Bad,0.0,1,True,0.0,0.18679560907185078,0.0074653010815382,0.19426091015338898
target_78_2,78,1,F,0.0,1,True,0.0,0.17522151907905936,0.006305771879851818,0.18152729095891118
target_78_2,78,1,Fixed,0.0,1,True,0.0,0.17522151907905936,0.0028672441840171814,0.17808876326307654
target_78_2,78,1,GP,0.0,1,True,0.0,0.16542780911549926,0.2290295548737049,0.39445736398920417
target_78_2,78,1,O,0.0,1,True,0.0,0.17793795699253678,0.004132186993956566,0.18207014398649335
target_78_2,78,1,Random,0.0,1,True,0.0,0.18351538572460413,0.00021979305893182755,0.18373517878353596
target_78_2,78,2,A,0.0,3,True,0.0,0.17850219504907727,0.00032393354922533035,0.1788261285983026
target_78_2,78,2,Bad,0.0,3,True,0.0,0.18018655106425285,0.007062813267111778,0.18724936433136463
target_78_2,78,2,F,0.0,3,True,0.0,0.1774513847194612,0.005302879959344864,0.18275426467880607
target_78_2,78,2,Fixed,0.0,3,True,0.0,0.1774513847194612,0.006480526179075241,0.18393191089853644
target_78_2,78,2,GP,0.0,3,True,0.0,0.17945025907829404,0.20627038599923253,0.38572064507752657
target_78_2,78,2,O,0.0,3,True,0.0,0.1808724203146994,0.0052269222214818,0.1860993425361812
target_78_2,78,2,Random,0.0,3,True,0.0,0.19307732861489058,0.0001535741612315178,0.1932309027761221
