target,fid,dim,popsize,max_nfe,batchsize,runs,mean,std,evalnums
bbob,1,10,100,300,10,10,4.8133857490029186e-05,3.728036972461268e-05,300
bbob,2,10,100,300,10,10,8.19310287170083e-07,9.350205232294684e-07,300
bbob,3,10,100,300,10,10,0.04943568632006645,0.02876628190279007,300
bbob,4,10,100,300,10,10,0.7257576584815979,0.7373355627059937,300
bbob,5,10,100,300,10,10,28.93014144897461,15.589252471923828,300
bbob,6,10,100,300,10,10,0.0004176012007519603,0.0002533018705435097,300
bbob,7,10,100,300,10,10,3.62846169776887e-10,4.510797291246149e-10,300
bbob,8,10,100,300,10,10,0.02141459658741951,0.01267829816788435,300
bbob,9,10,100,300,10,10,53.69926834106445,3.900068521499634,300
bbob,10,10,100,300,10,10,3.2135579586029053,3.3622231483459473,300
bbob,11,10,100,300,10,10,0.7279052138328552,1.713738203048706,300
bbob,12,10,100,300,10,10,217.8760223388672,124.77562713623047,300
bbob,13,10,100,300,10,10,0.6397187113761902,0.2175295054912567,300
bbob,14,10,100,300,10,10,0.0009617476025596261,0.00043311851914040744,300
bbob,15,10,100,300,10,10,0.019321192055940628,0.016057897359132767,300
bbob,16,10,100,300,10,10,23.136491775512695,6.086137771606445,300
bbob,17,10,100,300,10,10,0.008585592731833458,0.002900786930695176,300
bbob,18,10,100,300,10,10,0.03230667486786842,0.013790369965136051,300
bbob,19,10,100,300,10,10,0.3839210867881775,0.10924062877893448,300
bbob,20,10,100,300,10,10,2.3356285095214844,0.5442835688591003,300
bbob,21,10,100,300,10,10,34.0842170715332,13.607795715332031,300
bbob,22,10,100,300,10,10,44.52488708496094,14.921210289001465,300
bbob,23,10,100,300,10,10,0.1964898258447647,0.10842821002006531,300
bbob,24,10,100,300,10,10,92.60246276855469,15.5272855758667,300
