fid,trajectories,main_points,teacher_points,pool_rows,portfolio_rows,seconds
dirridge_noisy,10,3000,38000,38000,36000,9.761031690984964
comp_global,10,3000,38000,38000,36000,10.047204738948494
dirridge_multi,10,3000,38000,38000,36000,10.018206405919045
comp_local,10,3000,38000,38000,36000,10.117212231038138
comp_rugged,10,3000,38000,38000,36000,10.192689968971536
fourier_low,10,3000,38000,38000,36000,10.164053143002093
fourier_mid,10,3000,38000,38000,36000,10.242367342114449
dirridge_single,10,3000,38000,38000,36000,10.393224756931886
lowrank_soft,10,3000,38000,38000,36000,8.839817794039845
fourier_mixed,10,3000,38000,38000,36000,9.308265051105991
multiscale_coupled,10,3000,38000,38000,36000,8.92017649882473
multiscale_smooth,10,3000,38000,38000,36000,8.902528045000508
multiscale_hard,10,3000,38000,38000,36000,9.021444169105962
lowrank_wave,10,3000,38000,38000,36000,9.119390946114436
plateau_sharp,10,3000,38000,38000,36000,8.953889305936173
lowrank_tanh,10,3000,38000,38000,36000,9.496407594997436
rbf_deceptive,10,3000,38000,38000,36000,8.903749403078109
rbf_sparse,10,3000,38000,38000,36000,8.806663936935365
plateau_soft,10,3000,38000,38000,36000,9.437810024013743
plateau_tilted,10,3000,38000,38000,36000,9.240908100968227
ring_double,10,3000,38000,38000,36000,9.294750940054655
ring_wavy,10,3000,38000,38000,36000,9.220897971885279
rbf_dense,10,3000,38000,38000,36000,9.664095640880987
ring_single,10,3000,38000,38000,36000,9.52793264715001
saddle_soft,10,3000,38000,38000,36000,8.814947794890031
saddle_tilt,10,3000,38000,38000,36000,9.422221617074683
spiral_decay,10,3000,38000,38000,36000,9.191341111902148
saddle_wave,10,3000,38000,38000,36000,9.304606013000011
spiral_strong,10,3000,38000,38000,36000,9.181329549988732
spiral_soft,10,3000,38000,38000,36000,9.610354000935331
valley_narrow,10,3000,38000,38000,36000,9.682498483918607
valley_smooth,10,3000,38000,38000,36000,9.787642089882866
valley_wavy,10,3000,38000,38000,36000,7.702661796007305
wavepacket_drift,10,3000,38000,38000,36000,7.30826941691339
wavepacket_local,10,3000,38000,38000,36000,7.836099563864991
wavepacket_multi,10,3000,38000,38000,36000,7.87409870699048
