method,seed,fid,instance,seconds,selected_extra
O,-1,2,0,2.5345732951536775,15
O,-1,5,0,2.5332222003489733,29
O,-1,1,0,2.6120104962028563,13
O,-1,3,0,2.592015248257667,22
O,-1,0,1,2.632922234944999,14
O,-1,3,1,2.630764553323388,28
O,-1,0,0,2.7014144309796393,9
O,-1,4,0,2.6532531566917896,19
O,-1,2,1,2.6876794802956283,16
O,-1,1,1,2.7269413941539824,23
O,-1,5,1,2.706482675857842,22
O,-1,4,1,2.7979815490543842,28
O,-1,6,0,2.727706953883171,25
O,-1,7,0,2.700907418038696,26
O,-1,6,1,2.7482775519602,27
O,-1,7,1,2.7518869368359447,24
O,-1,8,0,2.7967325067147613,24
O,-1,8,1,2.849487805273384,27
O,-1,9,0,2.811122661922127,20
O,-1,10,0,2.7912154947407544,43
O,-1,9,1,2.8172397930175066,31
O,-1,10,1,2.823548413813114,35
O,-1,11,1,2.818007645662874,21
O,-1,11,0,2.955123769119382,22
O,-1,12,0,2.5145549150183797,9
O,-1,12,1,2.6088190148584545,8
O,-1,13,1,2.6108671934343874,26
O,-1,13,0,2.697555128019303,30
O,-1,15,0,2.531268237158656,5
O,-1,14,0,2.6801115507259965,52
O,-1,16,0,2.6786306397989392,10
O,-1,14,1,2.7229497232474387,64
O,-1,15,1,2.764779668767005,3
O,-1,17,0,2.611163512803614,10
O,-1,16,1,2.7460235892795026,13
O,-1,17,1,2.792405533604324,4
O,-1,18,0,2.6799806440249085,13
O,-1,18,1,2.7753482037223876,23
O,-1,19,0,2.7345948172733188,24
O,-1,19,1,2.738958730828017,20
O,-1,20,0,2.7701886487193406,21
O,-1,20,1,2.8005860820412636,10
O,-1,21,0,2.7632170850411057,8
O,-1,21,1,2.832410797011107,8
O,-1,23,0,2.7842181068845093,20
O,-1,22,1,2.824782856274396,17
O,-1,22,0,2.894940846133977,14
O,-1,23,1,2.8497078088112175,19
O,-1,24,0,2.5752066979184747,26
O,-1,25,0,2.5707896100357175,29
O,-1,24,1,2.6153025589883327,25
O,-1,25,1,2.642275941092521,14
O,-1,26,0,2.651480716653168,23
O,-1,26,1,2.691606941167265,29
O,-1,27,0,2.637451969087124,20
O,-1,27,1,2.6554219578392804,27
O,-1,28,0,2.674599329009652,31
O,-1,28,1,2.663743139244616,27
O,-1,29,0,2.7940993406809866,23
O,-1,29,1,2.84544167900458,22
O,-1,30,0,2.621081165038049,26
O,-1,30,1,2.765754566062242,20
O,-1,31,0,2.765817410312593,17
O,-1,32,0,2.752825896255672,33
O,-1,31,1,2.8189148041419685,22
O,-1,32,1,2.7298994790762663,19
O,-1,33,0,2.735840604174882,34
O,-1,33,1,2.786926304921508,22
O,-1,34,0,2.7882969942875206,18
O,-1,34,1,2.799143089912832,29
O,-1,35,0,2.7910395860671997,16
O,-1,35,1,2.9072155011817813,24
Base,0,0,0,4.848147874698043,246
Base,0,0,1,4.9619352938607335,252
Base,0,1,0,5.010609353892505,273
Base,0,1,1,4.872530728112906,229
Base,0,3,0,4.990617813076824,127
Base,0,2,0,5.117238264065236,280
Base,0,2,1,5.023607510142028,219
Base,0,3,1,5.013215231709182,216
Base,0,4,1,5.024389700032771,191
Base,0,4,0,5.120894629973918,262
Base,0,5,0,5.031246768776327,224
Base,0,5,1,5.139404722955078,222
Base,0,6,0,4.738585072103888,219
Base,0,6,1,4.836934591643512,187
Base,0,7,0,4.807681967969984,242
Base,0,7,1,4.8148949928581715,256
Base,0,8,0,4.757546717766672,178
Base,0,9,0,4.818510876968503,233
Base,0,8,1,4.896555859129876,162
Base,0,9,1,4.932948341127485,234
Base,0,10,0,4.907241153996438,192
Base,0,10,1,5.022420107852668,190
Base,0,11,0,4.952566144987941,214
Base,0,11,1,5.111352980136871,214
Base,0,12,0,4.927529011387378,289
Base,0,13,1,5.079136643093079,218
Base,0,12,1,5.1640785029158,232
Base,0,13,0,5.140503534115851,219
Base,0,14,0,5.306326101068407,215
Base,0,14,1,5.233019345905632,247
Base,0,15,0,5.228080825414509,223
Base,0,15,1,5.208936927374452,227
Base,0,16,0,5.1802163370884955,233
Base,0,16,1,5.195040034595877,195
Base,0,17,0,5.2831043978221714,190
Base,0,17,1,5.350052107591182,206
Base,0,18,0,4.997488525696099,170
Base,0,18,1,4.934919741936028,189
Base,0,19,1,5.067169868852943,205
Base,0,19,0,5.343298186082393,185
Base,0,20,0,5.181317121721804,222
Base,0,20,1,5.235099551733583,194
Base,0,21,0,5.166811085306108,274
Base,0,22,0,5.199455795809627,216
Base,0,21,1,5.228610425721854,279
Base,0,22,1,5.1303845141083,238
Base,0,23,0,5.441527809947729,230
Base,0,23,1,5.3844723529182374,266
Base,0,24,0,5.1198287811130285,192
Base,0,24,1,5.216563479974866,234
Base,0,25,0,5.352193018887192,208
Base,0,25,1,5.490581518039107,174
Base,0,27,1,5.097876488696784,225
Base,0,27,0,5.362905289046466,239
Base,0,26,0,5.433249211404473,222
Base,0,26,1,5.433496669866145,199
Base,0,28,0,5.239476541057229,169
Base,0,28,1,5.327934631146491,186
Base,0,29,0,5.461492070928216,206
Base,0,29,1,5.337852380704135,237
Base,0,30,0,5.131807750090957,184
Base,0,30,1,5.094338526017964,238
Base,0,31,0,5.24470923608169,183
Base,0,31,1,5.238956845831126,214
Base,0,33,0,5.185114999767393,135
Base,0,32,0,5.290925045963377,171
Base,0,34,0,5.233544621150941,190
Base,0,33,1,5.315144513268024,207
Base,0,32,1,5.393412772100419,255
Base,0,34,1,5.11112364102155,202
Base,0,35,0,5.21780486125499,217
Base,0,35,1,5.335657199844718,232
Base,1,0,0,4.80974186072126,156
Base,1,0,1,5.019816473126411,146
Base,1,1,0,5.274024250917137,97
Base,1,1,1,5.137763496953994,166
Base,1,2,0,5.19408783596009,199
Base,1,2,1,5.121074155904353,171
Base,1,3,0,5.134759434033185,106
Base,1,4,0,5.174095481168479,111
Base,1,3,1,5.220541957765818,124
Base,1,4,1,5.250436851754785,117
Base,1,5,0,5.182130707893521,112
Base,1,5,1,5.353678219951689,150
Base,1,6,0,4.9749330300837755,109
Base,1,6,1,5.0809411141090095,167
Base,1,7,0,5.106796503998339,110
Base,1,7,1,5.235359228681773,143
Base,1,8,1,5.14367370121181,118
Base,1,9,0,5.099371552001685,163
Base,1,8,0,5.211619202978909,91
Base,1,9,1,5.193069277796894,98
Base,1,10,0,5.237763873767108,136
Base,1,10,1,5.155403338838369,153
Base,1,11,0,5.231889179907739,141
Base,1,11,1,5.452280859928578,141
Base,1,12,0,5.1212654248811305,194
Base,1,12,1,5.130938427057117,193
Base,1,13,0,5.283694069366902,109
Base,1,14,0,5.216386909596622,123
Base,1,14,1,5.197495989967138,137
Base,1,13,1,5.32909987680614,99
Base,1,15,0,5.263617722783238,88
Base,1,15,1,5.183712241239846,150
Base,1,16,0,5.287576956208795,220
Base,1,16,1,5.262581238057464,102
Base,1,17,0,5.093502542935312,191
Base,1,17,1,5.553901060950011,77
Base,1,18,0,5.252628231886774,156
Base,1,18,1,5.256323284935206,135
Base,1,19,0,5.380185679066926,148
Base,1,21,0,5.359953212086111,192
Base,1,20,0,5.43946070689708,240
Base,1,19,1,5.5265327473171055,143
Base,1,21,1,5.3598766648210585,216
Base,1,20,1,5.520665526855737,133
Base,1,22,0,5.426087127067149,180
Base,1,22,1,5.444380140863359,167
Base,1,23,0,5.505101022310555,176
Base,1,23,1,5.445783597882837,208
Base,1,24,0,5.043302541598678,148
Base,1,24,1,5.120391432195902,70
Base,1,25,0,5.164501111023128,150
Base,1,25,1,5.057903453707695,157
Base,1,26,0,5.263785022310913,158
Base,1,27,0,5.326688153203577,152
Base,1,26,1,5.376208396162838,150
Base,1,28,0,5.16513849934563,183
Base,1,28,1,5.1727918977849185,86
Base,1,27,1,5.423394242767245,146
Base,1,29,0,5.511830177158117,126
Base,1,30,0,5.132636900991201,155
Base,1,29,1,5.579234045930207,157
Base,1,30,1,5.171803209930658,100
Base,1,31,0,5.074425349012017,149
Base,1,31,1,5.033947932999581,147
Base,1,32,1,4.985214485786855,139
Base,1,32,0,5.204240166116506,121
Base,1,33,1,5.139054253231734,91
Base,1,33,0,5.1989182201214135,191
Base,1,34,1,5.185722246300429,162
Base,1,34,0,5.380028869025409,136
Base,1,35,0,5.24094682186842,118
Base,1,35,1,4.953690052963793,130
Base,2,0,0,5.356034851167351,139
Base,2,0,1,5.020190206822008,149
Base,2,1,0,4.9801867925561965,177
Base,2,1,1,4.988396286033094,163
Base,2,2,0,5.004915517754853,186
Base,2,2,1,5.054614576045424,149
Base,2,3,1,5.082291440106928,101
Base,2,3,0,5.191243608016521,125
Base,2,4,0,5.173150859307498,144
Base,2,4,1,5.0413312539458275,165
Base,2,5,0,5.282439296133816,168
Base,2,5,1,4.951499572023749,96
Base,2,6,0,5.415388001129031,121
Base,2,6,1,4.964826866984367,161
Base,2,7,0,5.157952880021185,178
Base,2,7,1,4.94342653080821,146
Base,2,8,0,5.09837151505053,147
Base,2,8,1,5.140793318860233,162
Base,2,9,0,5.280427403282374,95
Base,2,9,1,5.217566763982177,131
Base,2,10,1,5.253690530080348,98
Base,2,10,0,5.386426469311118,118
Base,2,11,0,5.329001518897712,151
Base,2,11,1,5.070918512064964,157
Base,2,12,1,4.910950580146164,150
Base,2,12,0,5.260363252833486,144
Base,2,13,0,5.021843072026968,101
Base,2,13,1,4.942888972815126,155
Base,2,14,0,5.148797730915248,144
Base,2,14,1,5.033610906917602,126
Base,2,15,0,5.189623588230461,117
Base,2,16,0,5.154677733313292,136
Base,2,15,1,5.307665092404932,78
Base,2,16,1,5.287999449763447,100
Base,2,17,0,5.18081577308476,113
Base,2,17,1,5.022133763879538,81
Base,2,18,0,5.054827286861837,176
Base,2,18,1,5.332309702411294,166
Base,2,19,1,4.84436415322125,126
Base,2,19,0,4.959578120149672,151
Base,2,20,0,5.0236890953965485,141
Base,2,20,1,4.994991474784911,150
Base,2,21,0,5.171818329952657,139
Base,2,21,1,5.232099140994251,158
Base,2,22,0,5.221150218974799,174
Base,2,22,1,5.181241002865136,122
Base,2,23,1,4.91026972560212,155
Base,2,23,0,5.253998871892691,136
Base,2,24,0,5.039972884114832,147
Base,2,24,1,5.299985971301794,138
Base,2,25,0,4.892238165251911,132
Base,2,25,1,4.926597779151052,179
Base,2,26,0,5.094910102896392,120
Base,2,26,1,5.114863160997629,119
Base,2,27,0,5.042040862608701,103
Base,2,28,0,4.9276267611421645,91
Base,2,27,1,5.103652622085065,151
Base,2,28,1,5.177949415985495,132
Base,2,29,0,5.012883593793958,154
Base,2,29,1,5.1984305791556835,141
Base,2,30,0,5.071394695900381,114
Base,2,31,0,4.890214954037219,161
Base,2,31,1,4.96711704088375,154
Base,2,30,1,5.300908009056002,139
Base,2,32,0,4.920313640963286,72
Base,2,32,1,5.142154296860099,142
Base,2,33,1,5.065326035954058,149
Base,2,33,0,5.209977735299617,91
Base,2,34,0,5.13765884982422,116
Base,2,34,1,5.181320984847844,156
Base,2,35,0,4.887428752146661,152
Base,2,35,1,5.162980775348842,160
Cal,0,0,0,7.077007528860122,250
Cal,0,0,1,6.713465979788452,259
Cal,0,1,0,6.774699226021767,263
Cal,0,1,1,7.304758465848863,217
Cal,0,2,0,7.024380624759942,270
Cal,0,2,1,6.8386453883722425,246
Cal,0,3,0,7.017744130920619,178
Cal,0,3,1,7.03618491301313,207
Cal,0,4,0,6.93096505664289,245
Cal,0,5,0,6.704329810105264,236
Cal,0,4,1,7.061850583180785,189
Cal,0,5,1,7.114496894180775,268
Cal,0,6,0,6.8971192399039865,229
Cal,0,6,1,6.633994890842587,223
Cal,0,7,0,6.751497637946159,231
Cal,0,7,1,7.129209235776216,254
Cal,0,8,0,6.712749107275158,194
Cal,0,8,1,6.930112903006375,195
Cal,0,9,0,6.913679332938045,228
Cal,0,10,0,6.919017286039889,227
Cal,0,9,1,7.078429874964058,259
Cal,0,10,1,6.703010968863964,213
Cal,0,11,0,6.9887598510831594,245
Cal,0,11,1,6.884451162070036,226
Cal,0,12,1,6.567221608944237,148
Cal,0,12,0,6.678362681996077,180
Cal,0,13,0,6.573864932172,145
Cal,0,14,0,6.783357399981469,212
Cal,0,13,1,7.072727501858026,180
Cal,0,14,1,6.810988147743046,170
Cal,0,16,1,6.611547973006964,109
Cal,0,15,0,6.9342743288725615,107
Cal,0,15,1,6.8140760231763124,109
Cal,0,16,0,6.907000552397221,142
Cal,0,17,0,6.876389488112181,99
Cal,0,17,1,6.908799324184656,103
Cal,0,18,0,6.633343264926225,191
Cal,0,18,1,6.871244416106492,216
Cal,0,19,0,6.600869119632989,199
Cal,0,19,1,6.673980973195285,244
Cal,0,20,1,6.837135431822389,213
Cal,0,20,0,7.053024479188025,239
Cal,0,21,0,6.734624530188739,217
Cal,0,21,1,6.90316008310765,204
Cal,0,22,0,6.889133085962385,166
Cal,0,22,1,7.219358807895333,242
Cal,0,23,0,6.895621018949896,204
Cal,0,23,1,6.974635103717446,193
Cal,0,24,0,6.8530537420883775,187
Cal,0,25,0,6.853415539022535,198
Cal,0,24,1,6.971172112971544,242
Cal,0,25,1,6.790402519982308,221
Cal,0,26,0,7.032000667881221,232
Cal,0,26,1,7.379064173903316,199
Cal,0,27,0,6.9244692251086235,214
Cal,0,27,1,7.093074655160308,238
Cal,0,28,0,7.29861848289147,212
Cal,0,28,1,7.280646565835923,210
Cal,0,29,0,7.26491635106504,222
Cal,0,29,1,7.073141174856573,216
Cal,0,30,0,6.912023146171123,189
Cal,0,30,1,6.975456158164889,250
Cal,0,31,0,7.0911520081572235,209
Cal,0,31,1,6.807098370976746,221
Cal,0,32,0,7.065384414978325,232
Cal,0,33,0,6.92743891524151,171
Cal,0,32,1,7.259707985911518,280
Cal,0,33,1,7.088877714239061,215
Cal,0,34,0,7.013012763112783,196
Cal,0,34,1,7.202648112084717,232
Cal,0,35,0,7.156246455386281,224
Cal,0,35,1,7.397487818263471,251
Cal,1,0,0,6.698190520051867,227
Cal,1,0,1,6.773160377051681,241
Cal,1,1,0,6.881294219754636,204
Cal,1,1,1,6.748121025972068,220
Cal,1,2,0,6.92590335290879,251
Cal,1,2,1,6.730656045023352,220
Cal,1,3,0,7.140018746256828,164
Cal,1,3,1,7.006915734149516,169
Cal,1,4,0,7.044332961086184,133
Cal,1,5,0,7.130997097119689,186
Cal,1,4,1,7.285190638154745,177
Cal,1,5,1,7.332764842081815,222
Cal,1,6,0,6.72733581578359,149
Cal,1,6,1,6.854270829819143,208
Cal,1,7,0,6.899661425035447,158
Cal,1,7,1,6.910503345075995,212
Cal,1,8,0,6.9489959119819105,135
Cal,1,8,1,6.773755884729326,211
Cal,1,9,0,7.1919185421429574,243
Cal,1,9,1,7.049355245195329,195
Cal,1,10,0,6.982040465809405,199
Cal,1,10,1,7.0163754359818995,202
Cal,1,11,0,7.171778966207057,211
Cal,1,12,0,6.601963441818953,171
Cal,1,11,1,7.213879762683064,177
Cal,1,12,1,6.6029744553379714,232
Cal,1,13,0,6.8461047620512545,187
Cal,1,13,1,7.174092757049948,107
Cal,1,14,1,6.918583581689745,166
Cal,1,14,0,7.0596450618468225,158
Cal,1,15,1,7.044076085090637,154
Cal,1,16,0,7.181008838117123,201
Cal,1,15,0,7.399023522622883,82
Cal,1,16,1,7.218961257021874,85
Cal,1,17,0,7.200653914827853,158
Cal,1,17,1,7.159223575145006,81
Cal,1,18,0,7.6255629770457745,220
Cal,1,18,1,7.111588297877461,211
Cal,1,19,0,7.278997122775763,234
Cal,1,19,1,7.2184773799963295,197
Cal,1,20,0,6.862991441041231,265
Cal,1,20,1,7.336429846007377,218
Cal,1,21,0,7.285451953765005,172
Cal,1,21,1,7.255125958006829,224
Cal,1,22,0,7.608906657900661,204
Cal,1,22,1,7.3846029681153595,185
Cal,1,23,0,7.420652926899493,259
Cal,1,23,1,6.845584785100073,265
Cal,1,24,1,6.890380990225822,193
Cal,1,24,0,7.361494398210198,225
Cal,1,25,0,7.045182810164988,237
Cal,1,25,1,7.036287480033934,211
Cal,1,26,0,6.877330706920475,229
Cal,1,26,1,7.05660354392603,207
Cal,1,27,0,7.170626283157617,211
Cal,1,27,1,7.083604152314365,209
Cal,1,28,0,7.4655282772146165,238
Cal,1,28,1,7.30753397103399,163
Cal,1,29,0,7.1501399660483,207
Cal,1,29,1,6.809737795032561,241
Cal,1,30,0,6.946384291630238,251
Cal,1,30,1,7.4876255369745195,177
Cal,1,31,0,7.135394926182926,181
Cal,1,31,1,7.108779852278531,183
Cal,1,32,0,7.056894883047789,199
Cal,1,32,1,7.215845288243145,200
Cal,1,33,0,7.180185149889439,262
Cal,1,33,1,7.376457412727177,194
Cal,1,34,0,7.546112365089357,225
Cal,1,35,1,6.873910264112055,206
Cal,1,34,1,7.488407684955746,260
Cal,1,35,0,7.463506259955466,163
Cal,2,0,0,7.040608857292682,231
Cal,2,1,0,7.140457154251635,250
Cal,2,0,1,7.735054148826748,263
Cal,2,1,1,6.9974652216769755,234
Cal,2,2,0,7.037359690759331,229
Cal,2,2,1,7.074520679190755,245
Cal,2,3,0,7.141690879128873,219
Cal,2,3,1,7.041892990935594,177
Cal,2,4,1,6.705805071629584,232
Cal,2,4,0,7.266007302328944,228
Cal,2,5,0,7.055888447910547,221
Cal,2,5,1,7.012804659083486,209
Cal,2,6,0,6.870196874253452,204
Cal,2,6,1,7.011212416924536,209
Cal,2,7,1,6.752052106894553,254
Cal,2,7,0,7.315144333988428,233
Cal,2,8,0,6.7887998088262975,211
Cal,2,8,1,6.887358271982521,222
Cal,2,9,0,6.751618923153728,210
Cal,2,9,1,6.922738093882799,227
Cal,2,10,0,6.739406345877796,209
Cal,2,11,0,7.046861457172781,200
Cal,2,10,1,7.207914830185473,189
Cal,2,11,1,6.969017346855253,211
Cal,2,12,0,6.952010404318571,174
Cal,2,12,1,6.837259801104665,139
Cal,2,13,0,6.759393885731697,122
Cal,2,13,1,7.069443350192159,200
Cal,2,14,0,6.604687409941107,196
Cal,2,14,1,6.864732355810702,165
Cal,2,15,0,6.8887500166893005,103
Cal,2,15,1,7.138165399897844,80
Cal,2,16,0,6.692450996953994,133
Cal,2,17,1,6.938466636929661,77
Cal,2,18,0,6.641309702768922,225
Cal,2,16,1,7.050914430990815,92
Cal,2,17,0,7.2824023040011525,113
Cal,2,18,1,6.94426253112033,239
Cal,2,19,0,6.90127713792026,219
Cal,2,20,0,6.7857546913437545,215
Cal,2,19,1,7.154060056898743,200
Cal,2,20,1,6.90930618532002,224
Cal,2,21,0,6.967465128283948,173
Cal,2,22,0,6.729969530832022,224
Cal,2,21,1,6.930733505170792,204
Cal,2,23,0,6.896444323007017,194
Cal,2,22,1,7.1649924563243985,156
Cal,2,23,1,7.172845936845988,209
Cal,2,24,0,7.446999701671302,233
Cal,2,24,1,7.0871955952607095,226
Cal,2,25,0,7.097796496935189,183
Cal,2,25,1,6.802566335070878,246
Cal,2,26,0,7.479172302875668,214
Cal,2,26,1,7.189644273370504,206
Cal,2,27,0,7.003403487149626,188
Cal,2,27,1,6.834523972123861,229
Cal,2,28,0,7.1912739761173725,175
Cal,2,28,1,7.056224446743727,212
Cal,2,29,0,7.168555431067944,233
Cal,2,29,1,7.198419213294983,219
Cal,2,30,0,7.386205167975277,201
Cal,2,30,1,7.0740343681536615,231
Cal,2,31,1,6.8685763529501855,211
Cal,2,31,0,6.960068681277335,231
Cal,2,32,0,7.019308369141072,203
Cal,2,32,1,6.629295635968447,249
Cal,2,33,0,6.405062276870012,170
Cal,2,33,1,6.160186703782529,206
Cal,2,34,0,6.134785085916519,222
Cal,2,34,1,5.849503311794251,215
Cal,2,35,1,5.517869302071631,224
Cal,2,35,0,5.705545923206955,213
