method,model_seed,nfe,admitted,residual_changed,proposed,eligibility_rejection,readiness_rejection,margin_rejection
full,0,100,0.0,0.0,0.6666666666666666,0.0,0.6666666666666666,0.0
full,0,102,0.0,0.0,0.9479166666666666,0.0,0.9479166666666666,0.0
full,0,104,0.0,0.0,0.9722222222222222,0.0,0.9722222222222222,0.0
full,0,106,0.0,0.0,0.9756944444444444,0.0,0.9756944444444444,0.0
full,0,108,0.90625,0.03125,0.9895833333333334,0.0,0.0,0.08333333333333333
full,0,110,0.9201388888888888,0.04861111111111111,0.9965277777777778,0.0,0.0,0.0763888888888889
full,0,112,0.9201388888888888,0.020833333333333332,0.9930555555555556,0.0,0.0,0.07291666666666667
full,0,114,0.9444444444444444,0.052083333333333336,0.9930555555555556,0.0,0.0,0.04861111111111111
full,0,116,0.9340277777777778,0.05555555555555555,1.0,0.0,0.0,0.06597222222222222
full,0,118,0.9201388888888888,0.06597222222222222,0.9965277777777778,0.0,0.0,0.0763888888888889
full,0,120,0.9305555555555556,0.041666666666666664,0.9895833333333334,0.0,0.0,0.059027777777777776
full,0,122,0.9444444444444444,0.052083333333333336,1.0,0.0,0.0,0.05555555555555555
full,0,124,0.9305555555555556,0.0625,0.9965277777777778,0.0,0.0,0.06597222222222222
full,0,126,0.9548611111111112,0.07291666666666667,1.0,0.0,0.0,0.04513888888888889
full,0,128,0.9618055555555556,0.059027777777777776,1.0,0.0,0.0,0.03819444444444445
full,0,130,0.9722222222222222,0.052083333333333336,1.0,0.0,0.0,0.027777777777777776
full,0,132,0.9548611111111112,0.03125,0.9965277777777778,0.0,0.0,0.041666666666666664
full,0,134,0.9618055555555556,0.0763888888888889,0.9965277777777778,0.0,0.0,0.034722222222222224
full,0,136,0.9826388888888888,0.06944444444444445,1.0,0.0,0.0,0.017361111111111112
full,0,138,0.9791666666666666,0.04513888888888889,1.0,0.0,0.0,0.020833333333333332
full,0,140,0.9930555555555556,0.04861111111111111,1.0,0.0,0.0,0.006944444444444444
full,0,142,0.9826388888888888,0.05555555555555555,1.0,0.0,0.0,0.017361111111111112
full,0,144,0.9861111111111112,0.04513888888888889,1.0,0.0,0.0,0.013888888888888888
full,0,146,0.9895833333333334,0.059027777777777776,1.0,0.0,0.0,0.010416666666666666
full,0,148,0.9895833333333334,0.052083333333333336,1.0,0.0,0.0,0.010416666666666666
full,0,150,0.9930555555555556,0.08333333333333333,1.0,0.0,0.0,0.006944444444444444
full,0,152,1.0,0.06597222222222222,1.0,0.0,0.0,0.0
full,0,154,1.0,0.059027777777777776,1.0,0.0,0.0,0.0
full,0,156,0.9930555555555556,0.05555555555555555,1.0,0.0,0.0,0.006944444444444444
full,0,158,0.9965277777777778,0.06944444444444445,1.0,0.0,0.0,0.003472222222222222
full,0,160,0.9965277777777778,0.0763888888888889,1.0,0.0,0.0,0.003472222222222222
full,0,162,1.0,0.0625,1.0,0.0,0.0,0.0
full,0,164,1.0,0.06944444444444445,1.0,0.0,0.0,0.0
full,0,166,1.0,0.08680555555555555,1.0,0.0,0.0,0.0
full,0,168,1.0,0.05555555555555555,1.0,0.0,0.0,0.0
full,0,170,1.0,0.052083333333333336,1.0,0.0,0.0,0.0
full,0,172,0.9965277777777778,0.04861111111111111,1.0,0.0,0.0,0.003472222222222222
full,0,174,0.9965277777777778,0.08333333333333333,1.0,0.0,0.0,0.003472222222222222
full,0,176,1.0,0.0798611111111111,1.0,0.0,0.0,0.0
full,0,178,1.0,0.08680555555555555,1.0,0.0,0.0,0.0
full,0,180,1.0,0.0763888888888889,1.0,0.0,0.0,0.0
full,0,182,1.0,0.11805555555555555,1.0,0.0,0.0,0.0
full,0,184,1.0,0.10416666666666667,1.0,0.0,0.0,0.0
full,0,186,1.0,0.07291666666666667,1.0,0.0,0.0,0.0
full,0,188,1.0,0.08680555555555555,1.0,0.0,0.0,0.0
full,0,190,1.0,0.125,1.0,0.0,0.0,0.0
full,0,192,1.0,0.125,1.0,0.0,0.0,0.0
full,0,194,1.0,0.10416666666666667,1.0,0.0,0.0,0.0
full,0,196,1.0,0.09027777777777778,1.0,0.0,0.0,0.0
full,0,198,1.0,0.08680555555555555,1.0,0.0,0.0,0.0
full,0,200,1.0,0.10069444444444445,1.0,0.0,0.0,0.0
full,0,202,1.0,0.11805555555555555,1.0,0.0,0.0,0.0
full,0,204,1.0,0.1284722222222222,1.0,0.0,0.0,0.0
full,0,206,1.0,0.10416666666666667,1.0,0.0,0.0,0.0
full,0,208,1.0,0.1527777777777778,1.0,0.0,0.0,0.0
full,0,210,1.0,0.14583333333333334,1.0,0.0,0.0,0.0
full,0,212,1.0,0.16319444444444445,1.0,0.0,0.0,0.0
full,0,214,1.0,0.1527777777777778,1.0,0.0,0.0,0.0
full,0,216,1.0,0.14930555555555555,1.0,0.0,0.0,0.0
full,0,218,1.0,0.1527777777777778,1.0,0.0,0.0,0.0
full,0,220,1.0,0.11458333333333333,1.0,0.0,0.0,0.0
full,0,222,0.9965277777777778,0.16319444444444445,1.0,0.0,0.0,0.003472222222222222
full,0,224,1.0,0.1527777777777778,1.0,0.0,0.0,0.0
full,0,226,1.0,0.15625,1.0,0.0,0.0,0.0
full,0,228,1.0,0.1736111111111111,1.0,0.0,0.0,0.0
full,0,230,1.0,0.1736111111111111,1.0,0.0,0.0,0.0
full,0,232,1.0,0.16666666666666666,1.0,0.0,0.0,0.0
full,0,234,1.0,0.1736111111111111,1.0,0.0,0.0,0.0
full,0,236,1.0,0.19444444444444445,1.0,0.0,0.0,0.0
full,0,238,1.0,0.1701388888888889,1.0,0.0,0.0,0.0
full,0,240,1.0,0.15625,1.0,0.0,0.0,0.0
full,0,242,1.0,0.16666666666666666,1.0,0.0,0.0,0.0
full,0,244,1.0,0.14930555555555555,1.0,0.0,0.0,0.0
full,0,246,1.0,0.1701388888888889,1.0,0.0,0.0,0.0
full,0,248,1.0,0.1701388888888889,1.0,0.0,0.0,0.0
full,0,250,1.0,0.16666666666666666,1.0,0.0,0.0,0.0
full,0,252,1.0,0.1597222222222222,1.0,0.0,0.0,0.0
full,0,254,1.0,0.1423611111111111,1.0,0.0,0.0,0.0
full,0,256,1.0,0.13541666666666666,1.0,0.0,0.0,0.0
full,0,258,1.0,0.11805555555555555,1.0,0.0,0.0,0.0
full,0,260,1.0,0.07291666666666667,1.0,0.0,0.0,0.0
full,0,262,1.0,0.06944444444444445,1.0,0.0,0.0,0.0
full,0,264,1.0,0.0763888888888889,1.0,0.0,0.0,0.0
full,0,266,1.0,0.04861111111111111,1.0,0.0,0.0,0.0
full,0,268,1.0,0.04861111111111111,1.0,0.0,0.0,0.0
full,0,270,1.0,0.03125,1.0,0.0,0.0,0.0
full,0,272,1.0,0.052083333333333336,1.0,0.0,0.0,0.0
full,0,274,1.0,0.041666666666666664,1.0,0.0,0.0,0.0
full,0,276,1.0,0.04513888888888889,1.0,0.0,0.0,0.0
full,0,278,1.0,0.013888888888888888,1.0,0.0,0.0,0.0
full,0,280,1.0,0.020833333333333332,1.0,0.0,0.0,0.0
full,0,282,1.0,0.052083333333333336,1.0,0.0,0.0,0.0
full,0,284,1.0,0.020833333333333332,1.0,0.0,0.0,0.0
full,0,286,1.0,0.010416666666666666,1.0,0.0,0.0,0.0
full,0,288,1.0,0.059027777777777776,1.0,0.0,0.0,0.0
full,0,290,1.0,0.059027777777777776,1.0,0.0,0.0,0.0
full,0,292,1.0,0.017361111111111112,1.0,0.0,0.0,0.0
full,0,294,1.0,0.034722222222222224,1.0,0.0,0.0,0.0
full,0,296,1.0,0.020833333333333332,1.0,0.0,0.0,0.0
full,0,298,1.0,0.03125,1.0,0.0,0.0,0.0
full,1,100,0.0,0.0,0.8472222222222222,0.0,0.8472222222222222,0.0
full,1,102,0.0,0.0,0.9965277777777778,0.0,0.9965277777777778,0.0
full,1,104,0.0,0.0,0.9722222222222222,0.0,0.9722222222222222,0.0
full,1,106,0.0,0.0,0.9826388888888888,0.0,0.9826388888888888,0.0
full,1,108,0.8888888888888888,0.010416666666666666,0.9861111111111112,0.0,0.0,0.09722222222222222
full,1,110,0.9409722222222222,0.034722222222222224,0.9930555555555556,0.0,0.0,0.052083333333333336
full,1,112,0.9340277777777778,0.0625,0.9965277777777778,0.0,0.0,0.0625
full,1,114,0.9131944444444444,0.041666666666666664,0.9965277777777778,0.0,0.0,0.08333333333333333
full,1,116,0.9548611111111112,0.041666666666666664,0.9965277777777778,0.0,0.0,0.041666666666666664
full,1,118,0.9618055555555556,0.04861111111111111,1.0,0.0,0.0,0.03819444444444445
full,1,120,0.9722222222222222,0.05555555555555555,0.9965277777777778,0.0,0.0,0.024305555555555556
full,1,122,0.9548611111111112,0.07291666666666667,1.0,0.0,0.0,0.04513888888888889
full,1,124,0.9548611111111112,0.052083333333333336,1.0,0.0,0.0,0.04513888888888889
full,1,126,0.9375,0.052083333333333336,0.9930555555555556,0.0,0.0,0.05555555555555555
full,1,128,0.9340277777777778,0.04513888888888889,1.0,0.0,0.0,0.06597222222222222
full,1,130,0.9583333333333334,0.041666666666666664,0.9930555555555556,0.0,0.0,0.034722222222222224
full,1,132,0.9340277777777778,0.04861111111111111,1.0,0.0,0.0,0.06597222222222222
full,1,134,0.90625,0.041666666666666664,1.0,0.0,0.0,0.09375
full,1,136,0.9340277777777778,0.059027777777777776,1.0,0.0,0.0,0.06597222222222222
full,1,138,0.9270833333333334,0.03819444444444445,1.0,0.0,0.0,0.07291666666666667
full,1,140,0.9409722222222222,0.041666666666666664,1.0,0.0,0.0,0.059027777777777776
full,1,142,0.9583333333333334,0.041666666666666664,1.0,0.0,0.0,0.041666666666666664
full,1,144,0.9513888888888888,0.041666666666666664,1.0,0.0,0.0,0.04861111111111111
full,1,146,0.96875,0.052083333333333336,1.0,0.0,0.0,0.03125
full,1,148,0.9375,0.059027777777777776,1.0,0.0,0.0,0.0625
full,1,150,0.9652777777777778,0.04861111111111111,1.0,0.0,0.0,0.034722222222222224
full,1,152,0.9583333333333334,0.04513888888888889,1.0,0.0,0.0,0.041666666666666664
full,1,154,0.9618055555555556,0.04861111111111111,0.9965277777777778,0.0,0.0,0.034722222222222224
full,1,156,0.96875,0.034722222222222224,1.0,0.0,0.0,0.03125
full,1,158,0.9583333333333334,0.06944444444444445,1.0,0.0,0.0,0.041666666666666664
full,1,160,0.9826388888888888,0.06944444444444445,1.0,0.0,0.0,0.017361111111111112
full,1,162,0.9861111111111112,0.06597222222222222,1.0,0.0,0.0,0.013888888888888888
full,1,164,0.9861111111111112,0.06944444444444445,1.0,0.0,0.0,0.013888888888888888
full,1,166,0.9861111111111112,0.07291666666666667,1.0,0.0,0.0,0.013888888888888888
full,1,168,0.9861111111111112,0.034722222222222224,1.0,0.0,0.0,0.013888888888888888
full,1,170,0.9826388888888888,0.0763888888888889,1.0,0.0,0.0,0.017361111111111112
full,1,172,0.9895833333333334,0.0763888888888889,1.0,0.0,0.0,0.010416666666666666
full,1,174,0.9930555555555556,0.06944444444444445,1.0,0.0,0.0,0.006944444444444444
full,1,176,0.9861111111111112,0.09375,1.0,0.0,0.0,0.013888888888888888
full,1,178,0.9895833333333334,0.09027777777777778,1.0,0.0,0.0,0.010416666666666666
full,1,180,0.9861111111111112,0.09027777777777778,1.0,0.0,0.0,0.013888888888888888
full,1,182,0.9930555555555556,0.08333333333333333,1.0,0.0,0.0,0.006944444444444444
full,1,184,0.9895833333333334,0.09027777777777778,1.0,0.0,0.0,0.010416666666666666
full,1,186,0.9965277777777778,0.10416666666666667,1.0,0.0,0.0,0.003472222222222222
full,1,188,0.9965277777777778,0.11805555555555555,1.0,0.0,0.0,0.003472222222222222
full,1,190,0.9930555555555556,0.10416666666666667,1.0,0.0,0.0,0.006944444444444444
full,1,192,0.9930555555555556,0.06944444444444445,1.0,0.0,0.0,0.006944444444444444
full,1,194,0.9930555555555556,0.11805555555555555,1.0,0.0,0.0,0.006944444444444444
full,1,196,0.9965277777777778,0.1388888888888889,1.0,0.0,0.0,0.003472222222222222
full,1,198,1.0,0.11805555555555555,1.0,0.0,0.0,0.0
full,1,200,0.9965277777777778,0.11458333333333333,1.0,0.0,0.0,0.003472222222222222
full,1,202,0.9895833333333334,0.1111111111111111,1.0,0.0,0.0,0.010416666666666666
full,1,204,0.9930555555555556,0.1284722222222222,1.0,0.0,0.0,0.006944444444444444
full,1,206,1.0,0.1423611111111111,1.0,0.0,0.0,0.0
full,1,208,1.0,0.1284722222222222,1.0,0.0,0.0,0.0
full,1,210,0.9965277777777778,0.1597222222222222,1.0,0.0,0.0,0.003472222222222222
full,1,212,0.9965277777777778,0.1423611111111111,1.0,0.0,0.0,0.003472222222222222
full,1,214,0.9965277777777778,0.1423611111111111,1.0,0.0,0.0,0.003472222222222222
full,1,216,1.0,0.11458333333333333,1.0,0.0,0.0,0.0
full,1,218,1.0,0.15625,1.0,0.0,0.0,0.0
full,1,220,0.9965277777777778,0.1701388888888889,1.0,0.0,0.0,0.003472222222222222
full,1,222,1.0,0.1388888888888889,1.0,0.0,0.0,0.0
full,1,224,1.0,0.12152777777777778,1.0,0.0,0.0,0.0
full,1,226,1.0,0.1597222222222222,1.0,0.0,0.0,0.0
full,1,228,1.0,0.13194444444444445,1.0,0.0,0.0,0.0
full,1,230,0.9965277777777778,0.1527777777777778,1.0,0.0,0.0,0.003472222222222222
full,1,232,1.0,0.1527777777777778,1.0,0.0,0.0,0.0
full,1,234,1.0,0.13541666666666666,1.0,0.0,0.0,0.0
full,1,236,1.0,0.16319444444444445,1.0,0.0,0.0,0.0
full,1,238,1.0,0.14930555555555555,1.0,0.0,0.0,0.0
full,1,240,1.0,0.1736111111111111,1.0,0.0,0.0,0.0
full,1,242,0.9965277777777778,0.1597222222222222,1.0,0.0,0.0,0.003472222222222222
full,1,244,1.0,0.16319444444444445,1.0,0.0,0.0,0.0
full,1,246,0.9965277777777778,0.1284722222222222,1.0,0.0,0.0,0.003472222222222222
full,1,248,1.0,0.1284722222222222,1.0,0.0,0.0,0.0
full,1,250,1.0,0.15625,1.0,0.0,0.0,0.0
full,1,252,0.9965277777777778,0.1076388888888889,1.0,0.0,0.0,0.003472222222222222
full,1,254,1.0,0.14930555555555555,1.0,0.0,0.0,0.0
full,1,256,1.0,0.12152777777777778,1.0,0.0,0.0,0.0
full,1,258,1.0,0.10416666666666667,1.0,0.0,0.0,0.0
full,1,260,1.0,0.09722222222222222,1.0,0.0,0.0,0.0
full,1,262,1.0,0.0798611111111111,1.0,0.0,0.0,0.0
full,1,264,1.0,0.041666666666666664,1.0,0.0,0.0,0.0
full,1,266,1.0,0.0625,1.0,0.0,0.0,0.0
full,1,268,1.0,0.05555555555555555,1.0,0.0,0.0,0.0
full,1,270,1.0,0.04861111111111111,1.0,0.0,0.0,0.0
full,1,272,1.0,0.03125,1.0,0.0,0.0,0.0
full,1,274,1.0,0.041666666666666664,1.0,0.0,0.0,0.0
full,1,276,1.0,0.04861111111111111,1.0,0.0,0.0,0.0
full,1,278,1.0,0.03819444444444445,1.0,0.0,0.0,0.0
full,1,280,1.0,0.017361111111111112,1.0,0.0,0.0,0.0
full,1,282,1.0,0.03819444444444445,1.0,0.0,0.0,0.0
full,1,284,1.0,0.041666666666666664,1.0,0.0,0.0,0.0
full,1,286,1.0,0.020833333333333332,1.0,0.0,0.0,0.0
full,1,288,1.0,0.034722222222222224,1.0,0.0,0.0,0.0
full,1,290,1.0,0.020833333333333332,1.0,0.0,0.0,0.0
full,1,292,1.0,0.03125,1.0,0.0,0.0,0.0
full,1,294,1.0,0.034722222222222224,1.0,0.0,0.0,0.0
full,1,296,1.0,0.03125,1.0,0.0,0.0,0.0
full,1,298,1.0,0.03819444444444445,1.0,0.0,0.0,0.0
full,2,100,0.0,0.0,0.6493055555555556,0.0,0.6493055555555556,0.0
full,2,102,0.0,0.0,0.8402777777777778,0.0,0.8402777777777778,0.0
full,2,104,0.0,0.0,0.8194444444444444,0.0,0.8194444444444444,0.0
full,2,106,0.0,0.0,0.7951388888888888,0.0,0.7951388888888888,0.0
full,2,108,0.6041666666666666,0.013888888888888888,0.7986111111111112,0.0,0.0,0.19444444444444445
full,2,110,0.5902777777777778,0.013888888888888888,0.8090277777777778,0.0,0.0,0.21875
full,2,112,0.5416666666666666,0.034722222222222224,0.8125,0.0,0.0,0.2708333333333333
full,2,114,0.5069444444444444,0.010416666666666666,0.7916666666666666,0.0,0.0,0.2847222222222222
full,2,116,0.5625,0.024305555555555556,0.8194444444444444,0.0,0.0,0.2569444444444444
full,2,118,0.4895833333333333,0.027777777777777776,0.8125,0.0,0.0,0.3229166666666667
full,2,120,0.5034722222222222,0.024305555555555556,0.7847222222222222,0.0,0.0,0.28125
full,2,122,0.5208333333333334,0.020833333333333332,0.8229166666666666,0.0,0.0,0.3020833333333333
full,2,124,0.4791666666666667,0.017361111111111112,0.7881944444444444,0.0,0.0,0.3090277777777778
full,2,126,0.4756944444444444,0.017361111111111112,0.8159722222222222,0.0,0.0,0.3402777777777778
full,2,128,0.46875,0.020833333333333332,0.7951388888888888,0.0,0.0,0.3263888888888889
full,2,130,0.4305555555555556,0.024305555555555556,0.7743055555555556,0.0,0.0,0.34375
full,2,132,0.4861111111111111,0.03125,0.8055555555555556,0.0,0.0,0.3194444444444444
full,2,134,0.4791666666666667,0.027777777777777776,0.8055555555555556,0.0,0.0,0.3263888888888889
full,2,136,0.5,0.041666666666666664,0.8194444444444444,0.0,0.0,0.3194444444444444
full,2,138,0.4548611111111111,0.024305555555555556,0.7881944444444444,0.0,0.0,0.3333333333333333
full,2,140,0.4097222222222222,0.017361111111111112,0.7916666666666666,0.0,0.0,0.3819444444444444
full,2,142,0.4340277777777778,0.010416666666666666,0.7604166666666666,0.0,0.0,0.3263888888888889
full,2,144,0.5,0.006944444444444444,0.7986111111111112,0.0,0.0,0.2986111111111111
full,2,146,0.4965277777777778,0.013888888888888888,0.8298611111111112,0.0,0.0,0.3333333333333333
full,2,148,0.4375,0.020833333333333332,0.7881944444444444,0.0,0.0,0.3506944444444444
full,2,150,0.4201388888888889,0.017361111111111112,0.8055555555555556,0.0,0.0,0.3854166666666667
full,2,152,0.4444444444444444,0.020833333333333332,0.8159722222222222,0.0,0.0,0.3715277777777778
full,2,154,0.4097222222222222,0.024305555555555556,0.8020833333333334,0.0,0.0,0.3923611111111111
full,2,156,0.4409722222222222,0.020833333333333332,0.7847222222222222,0.0,0.0,0.34375
full,2,158,0.3923611111111111,0.034722222222222224,0.7569444444444444,0.0,0.0,0.3645833333333333
full,2,160,0.3576388888888889,0.020833333333333332,0.7673611111111112,0.0,0.0,0.4097222222222222
full,2,162,0.3368055555555556,0.03819444444444445,0.7395833333333334,0.0,0.0,0.4027777777777778
full,2,164,0.3333333333333333,0.013888888888888888,0.7395833333333334,0.0,0.0,0.40625
full,2,166,0.2916666666666667,0.024305555555555556,0.75,0.0,0.0,0.4583333333333333
full,2,168,0.3229166666666667,0.024305555555555556,0.8333333333333334,0.0,0.0,0.5104166666666666
full,2,170,0.3159722222222222,0.020833333333333332,0.7638888888888888,0.0,0.0,0.4479166666666667
full,2,172,0.3020833333333333,0.017361111111111112,0.7881944444444444,0.0,0.0,0.4861111111111111
full,2,174,0.2986111111111111,0.017361111111111112,0.7777777777777778,0.0,0.0,0.4791666666666667
full,2,176,0.2986111111111111,0.020833333333333332,0.8125,0.0,0.0,0.5138888888888888
full,2,178,0.3333333333333333,0.027777777777777776,0.8541666666666666,0.0,0.0,0.5208333333333334
full,2,180,0.3194444444444444,0.027777777777777776,0.8298611111111112,0.0,0.0,0.5104166666666666
full,2,182,0.3298611111111111,0.03125,0.8611111111111112,0.0,0.0,0.53125
full,2,184,0.3680555555555556,0.03819444444444445,0.8611111111111112,0.0,0.0,0.4930555555555556
full,2,186,0.3680555555555556,0.041666666666666664,0.8993055555555556,0.0,0.0,0.53125
full,2,188,0.3993055555555556,0.034722222222222224,0.8923611111111112,0.0,0.0,0.4930555555555556
full,2,190,0.4270833333333333,0.03819444444444445,0.8923611111111112,0.0,0.0,0.4652777777777778
full,2,192,0.4583333333333333,0.06944444444444445,0.9027777777777778,0.0,0.0,0.4444444444444444
full,2,194,0.5034722222222222,0.041666666666666664,0.9340277777777778,0.0,0.0,0.4305555555555556
full,2,196,0.4583333333333333,0.04861111111111111,0.9375,0.0,0.0,0.4791666666666667
full,2,198,0.5,0.059027777777777776,0.9375,0.0,0.0,0.4375
full,2,200,0.5451388888888888,0.0763888888888889,0.96875,0.0,0.0,0.4236111111111111
full,2,202,0.5243055555555556,0.041666666666666664,0.9444444444444444,0.0,0.0,0.4201388888888889
full,2,204,0.5902777777777778,0.07291666666666667,0.9618055555555556,0.0,0.0,0.3715277777777778
full,2,206,0.59375,0.09027777777777778,0.9479166666666666,0.0,0.0,0.3541666666666667
full,2,208,0.6597222222222222,0.10069444444444445,0.9756944444444444,0.0,0.0,0.3159722222222222
full,2,210,0.71875,0.125,0.9895833333333334,0.0,0.0,0.2708333333333333
full,2,212,0.6840277777777778,0.09375,0.9756944444444444,0.0,0.0,0.2916666666666667
full,2,214,0.7152777777777778,0.13541666666666666,0.9791666666666666,0.0,0.0,0.2638888888888889
full,2,216,0.71875,0.09027777777777778,0.9965277777777778,0.0,0.0,0.2777777777777778
full,2,218,0.7638888888888888,0.1076388888888889,0.9861111111111112,0.0,0.0,0.2222222222222222
full,2,220,0.7916666666666666,0.10416666666666667,0.9965277777777778,0.0,0.0,0.2048611111111111
full,2,222,0.7743055555555556,0.10416666666666667,0.9895833333333334,0.0,0.0,0.2152777777777778
full,2,224,0.8368055555555556,0.1701388888888889,1.0,0.0,0.0,0.16319444444444445
full,2,226,0.8229166666666666,0.1423611111111111,0.9965277777777778,0.0,0.0,0.1736111111111111
full,2,228,0.8715277777777778,0.16319444444444445,0.9930555555555556,0.0,0.0,0.12152777777777778
full,2,230,0.875,0.1111111111111111,0.9965277777777778,0.0,0.0,0.12152777777777778
full,2,232,0.8472222222222222,0.14583333333333334,1.0,0.0,0.0,0.1527777777777778
full,2,234,0.875,0.18055555555555555,1.0,0.0,0.0,0.125
full,2,236,0.8784722222222222,0.1736111111111111,1.0,0.0,0.0,0.12152777777777778
full,2,238,0.8784722222222222,0.15625,1.0,0.0,0.0,0.12152777777777778
full,2,240,0.8993055555555556,0.13541666666666666,1.0,0.0,0.0,0.10069444444444445
full,2,242,0.9166666666666666,0.14930555555555555,1.0,0.0,0.0,0.08333333333333333
full,2,244,0.9270833333333334,0.11458333333333333,1.0,0.0,0.0,0.07291666666666667
full,2,246,0.90625,0.09027777777777778,1.0,0.0,0.0,0.09375
full,2,248,0.9236111111111112,0.13194444444444445,1.0,0.0,0.0,0.0763888888888889
full,2,250,0.9270833333333334,0.06944444444444445,1.0,0.0,0.0,0.07291666666666667
full,2,252,0.9409722222222222,0.10416666666666667,0.9965277777777778,0.0,0.0,0.05555555555555555
full,2,254,0.9340277777777778,0.11805555555555555,1.0,0.0,0.0,0.06597222222222222
full,2,256,0.9270833333333334,0.11458333333333333,1.0,0.0,0.0,0.07291666666666667
full,2,258,0.9930555555555556,0.059027777777777776,0.9965277777777778,0.0,0.0,0.003472222222222222
full,2,260,0.9965277777777778,0.1111111111111111,1.0,0.0,0.0,0.003472222222222222
full,2,262,1.0,0.04513888888888889,1.0,0.0,0.0,0.0
full,2,264,1.0,0.04513888888888889,1.0,0.0,0.0,0.0
full,2,266,1.0,0.06944444444444445,1.0,0.0,0.0,0.0
full,2,268,1.0,0.05555555555555555,1.0,0.0,0.0,0.0
full,2,270,1.0,0.05555555555555555,1.0,0.0,0.0,0.0
full,2,272,1.0,0.03819444444444445,1.0,0.0,0.0,0.0
full,2,274,1.0,0.024305555555555556,1.0,0.0,0.0,0.0
full,2,276,1.0,0.020833333333333332,1.0,0.0,0.0,0.0
full,2,278,1.0,0.03125,1.0,0.0,0.0,0.0
full,2,280,1.0,0.027777777777777776,1.0,0.0,0.0,0.0
full,2,282,1.0,0.034722222222222224,1.0,0.0,0.0,0.0
full,2,284,1.0,0.034722222222222224,1.0,0.0,0.0,0.0
full,2,286,1.0,0.024305555555555556,1.0,0.0,0.0,0.0
full,2,288,1.0,0.04513888888888889,1.0,0.0,0.0,0.0
full,2,290,1.0,0.010416666666666666,1.0,0.0,0.0,0.0
full,2,292,1.0,0.027777777777777776,1.0,0.0,0.0,0.0
full,2,294,1.0,0.020833333333333332,1.0,0.0,0.0,0.0
full,2,296,1.0,0.020833333333333332,1.0,0.0,0.0,0.0
full,2,298,1.0,0.027777777777777776,1.0,0.0,0.0,0.0
late_full,0,100,0.0,0.0,0.6666666666666666,0.6666666666666666,0.0,0.0
late_full,0,102,0.0,0.0,0.9479166666666666,0.9479166666666666,0.0,0.0
late_full,0,104,0.0,0.0,0.9722222222222222,0.9722222222222222,0.0,0.0
late_full,0,106,0.0,0.0,0.9756944444444444,0.9756944444444444,0.0,0.0
late_full,0,108,0.0,0.0,0.9895833333333334,0.9895833333333334,0.0,0.0
late_full,0,110,0.0,0.0,0.9965277777777778,0.9965277777777778,0.0,0.0
late_full,0,112,0.0,0.0,0.9965277777777778,0.9965277777777778,0.0,0.0
late_full,0,114,0.0,0.0,0.9965277777777778,0.9965277777777778,0.0,0.0
late_full,0,116,0.0,0.0,1.0,1.0,0.0,0.0
late_full,0,118,0.0,0.0,1.0,1.0,0.0,0.0
late_full,0,120,0.0,0.0,0.9965277777777778,0.9965277777777778,0.0,0.0
late_full,0,122,0.0,0.0,1.0,1.0,0.0,0.0
late_full,0,124,0.0,0.0,0.9895833333333334,0.9895833333333334,0.0,0.0
late_full,0,126,0.0,0.0,1.0,1.0,0.0,0.0
late_full,0,128,0.0,0.0,1.0,1.0,0.0,0.0
late_full,0,130,0.0,0.0,1.0,1.0,0.0,0.0
late_full,0,132,0.0,0.0,0.9965277777777778,0.9965277777777778,0.0,0.0
late_full,0,134,0.0,0.0,1.0,1.0,0.0,0.0
late_full,0,136,0.0,0.0,1.0,1.0,0.0,0.0
late_full,0,138,0.0,0.0,1.0,1.0,0.0,0.0
late_full,0,140,0.0,0.0,1.0,1.0,0.0,0.0
late_full,0,142,0.0,0.0,1.0,1.0,0.0,0.0
late_full,0,144,0.0,0.0,1.0,1.0,0.0,0.0
late_full,0,146,0.0,0.0,0.9965277777777778,0.9965277777777778,0.0,0.0
late_full,0,148,0.0,0.0,1.0,1.0,0.0,0.0
late_full,0,150,0.0,0.0,1.0,1.0,0.0,0.0
late_full,0,152,0.0,0.0,1.0,1.0,0.0,0.0
late_full,0,154,0.0,0.0,1.0,1.0,0.0,0.0
late_full,0,156,0.0,0.0,1.0,1.0,0.0,0.0
late_full,0,158,0.0,0.0,1.0,1.0,0.0,0.0
late_full,0,160,0.0,0.0,1.0,1.0,0.0,0.0
late_full,0,162,0.0,0.0,1.0,1.0,0.0,0.0
late_full,0,164,0.0,0.0,1.0,1.0,0.0,0.0
late_full,0,166,0.0,0.0,1.0,1.0,0.0,0.0
late_full,0,168,0.0,0.0,1.0,1.0,0.0,0.0
late_full,0,170,0.0,0.0,1.0,1.0,0.0,0.0
late_full,0,172,0.0,0.0,1.0,1.0,0.0,0.0
late_full,0,174,0.0,0.0,1.0,1.0,0.0,0.0
late_full,0,176,0.0,0.0,1.0,1.0,0.0,0.0
late_full,0,178,0.0,0.0,1.0,1.0,0.0,0.0
late_full,0,180,0.0,0.0,1.0,1.0,0.0,0.0
late_full,0,182,0.0,0.0,1.0,1.0,0.0,0.0
late_full,0,184,0.0,0.0,1.0,1.0,0.0,0.0
late_full,0,186,0.0,0.0,1.0,1.0,0.0,0.0
late_full,0,188,0.0,0.0,1.0,1.0,0.0,0.0
late_full,0,190,0.0,0.0,1.0,1.0,0.0,0.0
late_full,0,192,0.0,0.0,1.0,1.0,0.0,0.0
late_full,0,194,0.0,0.0,1.0,1.0,0.0,0.0
late_full,0,196,0.0,0.0,1.0,1.0,0.0,0.0
late_full,0,198,0.0,0.0,1.0,1.0,0.0,0.0
late_full,0,200,0.0,0.0,1.0,1.0,0.0,0.0
late_full,0,202,0.0,0.0,1.0,1.0,0.0,0.0
late_full,0,204,0.0,0.0,1.0,1.0,0.0,0.0
late_full,0,206,0.0,0.0,1.0,1.0,0.0,0.0
late_full,0,208,0.0,0.0,1.0,1.0,0.0,0.0
late_full,0,210,0.9965277777777778,0.18055555555555555,1.0,0.0,0.0,0.003472222222222222
late_full,0,212,0.9965277777777778,0.13541666666666666,1.0,0.0,0.0,0.003472222222222222
late_full,0,214,1.0,0.1423611111111111,1.0,0.0,0.0,0.0
late_full,0,216,1.0,0.12152777777777778,1.0,0.0,0.0,0.0
late_full,0,218,1.0,0.1111111111111111,1.0,0.0,0.0,0.0
late_full,0,220,1.0,0.1111111111111111,1.0,0.0,0.0,0.0
late_full,0,222,1.0,0.1527777777777778,1.0,0.0,0.0,0.0
late_full,0,224,0.9965277777777778,0.11805555555555555,1.0,0.0,0.0,0.003472222222222222
late_full,0,226,0.9965277777777778,0.10416666666666667,1.0,0.0,0.0,0.003472222222222222
late_full,0,228,0.9965277777777778,0.15625,1.0,0.0,0.0,0.003472222222222222
late_full,0,230,0.9965277777777778,0.13541666666666666,1.0,0.0,0.0,0.003472222222222222
late_full,0,232,0.9965277777777778,0.13194444444444445,1.0,0.0,0.0,0.003472222222222222
late_full,0,234,0.9965277777777778,0.19791666666666666,1.0,0.0,0.0,0.003472222222222222
late_full,0,236,1.0,0.12152777777777778,1.0,0.0,0.0,0.0
late_full,0,238,0.9965277777777778,0.16666666666666666,1.0,0.0,0.0,0.003472222222222222
late_full,0,240,0.9965277777777778,0.1076388888888889,1.0,0.0,0.0,0.003472222222222222
late_full,0,242,0.9965277777777778,0.1284722222222222,1.0,0.0,0.0,0.003472222222222222
late_full,0,244,1.0,0.1284722222222222,1.0,0.0,0.0,0.0
late_full,0,246,1.0,0.13541666666666666,1.0,0.0,0.0,0.0
late_full,0,248,1.0,0.125,1.0,0.0,0.0,0.0
late_full,0,250,1.0,0.11805555555555555,1.0,0.0,0.0,0.0
late_full,0,252,1.0,0.1597222222222222,1.0,0.0,0.0,0.0
late_full,0,254,0.9965277777777778,0.11458333333333333,1.0,0.0,0.0,0.003472222222222222
late_full,0,256,1.0,0.10416666666666667,1.0,0.0,0.0,0.0
late_full,0,258,1.0,0.09722222222222222,1.0,0.0,0.0,0.0
late_full,0,260,1.0,0.059027777777777776,1.0,0.0,0.0,0.0
late_full,0,262,1.0,0.06597222222222222,1.0,0.0,0.0,0.0
late_full,0,264,1.0,0.03125,1.0,0.0,0.0,0.0
late_full,0,266,1.0,0.013888888888888888,1.0,0.0,0.0,0.0
late_full,0,268,1.0,0.010416666666666666,1.0,0.0,0.0,0.0
late_full,0,270,1.0,0.024305555555555556,1.0,0.0,0.0,0.0
late_full,0,272,1.0,0.017361111111111112,1.0,0.0,0.0,0.0
late_full,0,274,1.0,0.03125,1.0,0.0,0.0,0.0
late_full,0,276,1.0,0.017361111111111112,1.0,0.0,0.0,0.0
late_full,0,278,0.9965277777777778,0.024305555555555556,1.0,0.0,0.0,0.003472222222222222
late_full,0,280,1.0,0.013888888888888888,1.0,0.0,0.0,0.0
late_full,0,282,1.0,0.020833333333333332,1.0,0.0,0.0,0.0
late_full,0,284,1.0,0.010416666666666666,1.0,0.0,0.0,0.0
late_full,0,286,1.0,0.020833333333333332,1.0,0.0,0.0,0.0
late_full,0,288,1.0,0.027777777777777776,1.0,0.0,0.0,0.0
late_full,0,290,1.0,0.024305555555555556,1.0,0.0,0.0,0.0
late_full,0,292,1.0,0.03125,1.0,0.0,0.0,0.0
late_full,0,294,1.0,0.013888888888888888,1.0,0.0,0.0,0.0
late_full,0,296,1.0,0.034722222222222224,1.0,0.0,0.0,0.0
late_full,0,298,1.0,0.017361111111111112,1.0,0.0,0.0,0.0
late_full,1,100,0.0,0.0,0.8472222222222222,0.8472222222222222,0.0,0.0
late_full,1,102,0.0,0.0,0.9965277777777778,0.9965277777777778,0.0,0.0
late_full,1,104,0.0,0.0,0.9722222222222222,0.9722222222222222,0.0,0.0
late_full,1,106,0.0,0.0,0.9826388888888888,0.9826388888888888,0.0,0.0
late_full,1,108,0.0,0.0,0.9861111111111112,0.9861111111111112,0.0,0.0
late_full,1,110,0.0,0.0,0.9895833333333334,0.9895833333333334,0.0,0.0
late_full,1,112,0.0,0.0,0.9965277777777778,0.9965277777777778,0.0,0.0
late_full,1,114,0.0,0.0,1.0,1.0,0.0,0.0
late_full,1,116,0.0,0.0,0.9965277777777778,0.9965277777777778,0.0,0.0
late_full,1,118,0.0,0.0,0.9965277777777778,0.9965277777777778,0.0,0.0
late_full,1,120,0.0,0.0,1.0,1.0,0.0,0.0
late_full,1,122,0.0,0.0,1.0,1.0,0.0,0.0
late_full,1,124,0.0,0.0,0.9965277777777778,0.9965277777777778,0.0,0.0
late_full,1,126,0.0,0.0,0.9930555555555556,0.9930555555555556,0.0,0.0
late_full,1,128,0.0,0.0,0.9965277777777778,0.9965277777777778,0.0,0.0
late_full,1,130,0.0,0.0,0.9895833333333334,0.9895833333333334,0.0,0.0
late_full,1,132,0.0,0.0,0.9965277777777778,0.9965277777777778,0.0,0.0
late_full,1,134,0.0,0.0,0.9965277777777778,0.9965277777777778,0.0,0.0
late_full,1,136,0.0,0.0,0.9965277777777778,0.9965277777777778,0.0,0.0
late_full,1,138,0.0,0.0,1.0,1.0,0.0,0.0
late_full,1,140,0.0,0.0,0.9965277777777778,0.9965277777777778,0.0,0.0
late_full,1,142,0.0,0.0,1.0,1.0,0.0,0.0
late_full,1,144,0.0,0.0,0.9965277777777778,0.9965277777777778,0.0,0.0
late_full,1,146,0.0,0.0,1.0,1.0,0.0,0.0
late_full,1,148,0.0,0.0,1.0,1.0,0.0,0.0
late_full,1,150,0.0,0.0,1.0,1.0,0.0,0.0
late_full,1,152,0.0,0.0,1.0,1.0,0.0,0.0
late_full,1,154,0.0,0.0,1.0,1.0,0.0,0.0
late_full,1,156,0.0,0.0,1.0,1.0,0.0,0.0
late_full,1,158,0.0,0.0,1.0,1.0,0.0,0.0
late_full,1,160,0.0,0.0,1.0,1.0,0.0,0.0
late_full,1,162,0.0,0.0,1.0,1.0,0.0,0.0
late_full,1,164,0.0,0.0,1.0,1.0,0.0,0.0
late_full,1,166,0.0,0.0,1.0,1.0,0.0,0.0
late_full,1,168,0.0,0.0,1.0,1.0,0.0,0.0
late_full,1,170,0.0,0.0,1.0,1.0,0.0,0.0
late_full,1,172,0.0,0.0,1.0,1.0,0.0,0.0
late_full,1,174,0.0,0.0,1.0,1.0,0.0,0.0
late_full,1,176,0.0,0.0,1.0,1.0,0.0,0.0
late_full,1,178,0.0,0.0,1.0,1.0,0.0,0.0
late_full,1,180,0.0,0.0,1.0,1.0,0.0,0.0
late_full,1,182,0.0,0.0,1.0,1.0,0.0,0.0
late_full,1,184,0.0,0.0,1.0,1.0,0.0,0.0
late_full,1,186,0.0,0.0,1.0,1.0,0.0,0.0
late_full,1,188,0.0,0.0,1.0,1.0,0.0,0.0
late_full,1,190,0.0,0.0,1.0,1.0,0.0,0.0
late_full,1,192,0.0,0.0,1.0,1.0,0.0,0.0
late_full,1,194,0.0,0.0,1.0,1.0,0.0,0.0
late_full,1,196,0.0,0.0,1.0,1.0,0.0,0.0
late_full,1,198,0.0,0.0,1.0,1.0,0.0,0.0
late_full,1,200,0.0,0.0,1.0,1.0,0.0,0.0
late_full,1,202,0.0,0.0,1.0,1.0,0.0,0.0
late_full,1,204,0.0,0.0,1.0,1.0,0.0,0.0
late_full,1,206,0.0,0.0,1.0,1.0,0.0,0.0
late_full,1,208,0.0,0.0,1.0,1.0,0.0,0.0
late_full,1,210,1.0,0.18055555555555555,1.0,0.0,0.0,0.0
late_full,1,212,1.0,0.1736111111111111,1.0,0.0,0.0,0.0
late_full,1,214,1.0,0.1597222222222222,1.0,0.0,0.0,0.0
late_full,1,216,1.0,0.1701388888888889,1.0,0.0,0.0,0.0
late_full,1,218,1.0,0.16319444444444445,1.0,0.0,0.0,0.0
late_full,1,220,1.0,0.0798611111111111,1.0,0.0,0.0,0.0
late_full,1,222,1.0,0.1284722222222222,1.0,0.0,0.0,0.0
late_full,1,224,1.0,0.1284722222222222,1.0,0.0,0.0,0.0
late_full,1,226,1.0,0.1284722222222222,1.0,0.0,0.0,0.0
late_full,1,228,1.0,0.08333333333333333,1.0,0.0,0.0,0.0
late_full,1,230,1.0,0.1111111111111111,1.0,0.0,0.0,0.0
late_full,1,232,1.0,0.11805555555555555,1.0,0.0,0.0,0.0
late_full,1,234,0.9965277777777778,0.09375,1.0,0.0,0.0,0.003472222222222222
late_full,1,236,1.0,0.1076388888888889,1.0,0.0,0.0,0.0
late_full,1,238,1.0,0.11805555555555555,1.0,0.0,0.0,0.0
late_full,1,240,1.0,0.10416666666666667,1.0,0.0,0.0,0.0
late_full,1,242,1.0,0.09722222222222222,1.0,0.0,0.0,0.0
late_full,1,244,1.0,0.09722222222222222,1.0,0.0,0.0,0.0
late_full,1,246,1.0,0.1527777777777778,1.0,0.0,0.0,0.0
late_full,1,248,1.0,0.09375,1.0,0.0,0.0,0.0
late_full,1,250,1.0,0.09722222222222222,1.0,0.0,0.0,0.0
late_full,1,252,1.0,0.11458333333333333,1.0,0.0,0.0,0.0
late_full,1,254,1.0,0.0798611111111111,1.0,0.0,0.0,0.0
late_full,1,256,1.0,0.10069444444444445,1.0,0.0,0.0,0.0
late_full,1,258,1.0,0.052083333333333336,1.0,0.0,0.0,0.0
late_full,1,260,1.0,0.04513888888888889,1.0,0.0,0.0,0.0
late_full,1,262,1.0,0.027777777777777776,1.0,0.0,0.0,0.0
late_full,1,264,1.0,0.013888888888888888,1.0,0.0,0.0,0.0
late_full,1,266,1.0,0.013888888888888888,1.0,0.0,0.0,0.0
late_full,1,268,1.0,0.024305555555555556,1.0,0.0,0.0,0.0
late_full,1,270,1.0,0.027777777777777776,1.0,0.0,0.0,0.0
late_full,1,272,1.0,0.006944444444444444,1.0,0.0,0.0,0.0
late_full,1,274,1.0,0.020833333333333332,1.0,0.0,0.0,0.0
late_full,1,276,1.0,0.013888888888888888,1.0,0.0,0.0,0.0
late_full,1,278,1.0,0.017361111111111112,1.0,0.0,0.0,0.0
late_full,1,280,1.0,0.010416666666666666,1.0,0.0,0.0,0.0
late_full,1,282,1.0,0.003472222222222222,1.0,0.0,0.0,0.0
late_full,1,284,1.0,0.017361111111111112,1.0,0.0,0.0,0.0
late_full,1,286,1.0,0.003472222222222222,1.0,0.0,0.0,0.0
late_full,1,288,1.0,0.020833333333333332,1.0,0.0,0.0,0.0
late_full,1,290,1.0,0.03125,1.0,0.0,0.0,0.0
late_full,1,292,1.0,0.013888888888888888,1.0,0.0,0.0,0.0
late_full,1,294,1.0,0.027777777777777776,1.0,0.0,0.0,0.0
late_full,1,296,1.0,0.027777777777777776,1.0,0.0,0.0,0.0
late_full,1,298,1.0,0.03125,1.0,0.0,0.0,0.0
late_full,2,100,0.0,0.0,0.6493055555555556,0.6493055555555556,0.0,0.0
late_full,2,102,0.0,0.0,0.8402777777777778,0.8402777777777778,0.0,0.0
late_full,2,104,0.0,0.0,0.8194444444444444,0.8194444444444444,0.0,0.0
late_full,2,106,0.0,0.0,0.7951388888888888,0.7951388888888888,0.0,0.0
late_full,2,108,0.0,0.0,0.7986111111111112,0.7986111111111112,0.0,0.0
late_full,2,110,0.0,0.0,0.8055555555555556,0.8055555555555556,0.0,0.0
late_full,2,112,0.0,0.0,0.8194444444444444,0.8194444444444444,0.0,0.0
late_full,2,114,0.0,0.0,0.8298611111111112,0.8298611111111112,0.0,0.0
late_full,2,116,0.0,0.0,0.84375,0.84375,0.0,0.0
late_full,2,118,0.0,0.0,0.8194444444444444,0.8194444444444444,0.0,0.0
late_full,2,120,0.0,0.0,0.7847222222222222,0.7847222222222222,0.0,0.0
late_full,2,122,0.0,0.0,0.8125,0.8125,0.0,0.0
late_full,2,124,0.0,0.0,0.7743055555555556,0.7743055555555556,0.0,0.0
late_full,2,126,0.0,0.0,0.8090277777777778,0.8090277777777778,0.0,0.0
late_full,2,128,0.0,0.0,0.8194444444444444,0.8194444444444444,0.0,0.0
late_full,2,130,0.0,0.0,0.7743055555555556,0.7743055555555556,0.0,0.0
late_full,2,132,0.0,0.0,0.7881944444444444,0.7881944444444444,0.0,0.0
late_full,2,134,0.0,0.0,0.7951388888888888,0.7951388888888888,0.0,0.0
late_full,2,136,0.0,0.0,0.8125,0.8125,0.0,0.0
late_full,2,138,0.0,0.0,0.8020833333333334,0.8020833333333334,0.0,0.0
late_full,2,140,0.0,0.0,0.7569444444444444,0.7569444444444444,0.0,0.0
late_full,2,142,0.0,0.0,0.78125,0.78125,0.0,0.0
late_full,2,144,0.0,0.0,0.84375,0.84375,0.0,0.0
late_full,2,146,0.0,0.0,0.8263888888888888,0.8263888888888888,0.0,0.0
late_full,2,148,0.0,0.0,0.8020833333333334,0.8020833333333334,0.0,0.0
late_full,2,150,0.0,0.0,0.8263888888888888,0.8263888888888888,0.0,0.0
late_full,2,152,0.0,0.0,0.8194444444444444,0.8194444444444444,0.0,0.0
late_full,2,154,0.0,0.0,0.7881944444444444,0.7881944444444444,0.0,0.0
late_full,2,156,0.0,0.0,0.7673611111111112,0.7673611111111112,0.0,0.0
late_full,2,158,0.0,0.0,0.7291666666666666,0.7291666666666666,0.0,0.0
late_full,2,160,0.0,0.0,0.7013888888888888,0.7013888888888888,0.0,0.0
late_full,2,162,0.0,0.0,0.7916666666666666,0.7916666666666666,0.0,0.0
late_full,2,164,0.0,0.0,0.7881944444444444,0.7881944444444444,0.0,0.0
late_full,2,166,0.0,0.0,0.8298611111111112,0.8298611111111112,0.0,0.0
late_full,2,168,0.0,0.0,0.8541666666666666,0.8541666666666666,0.0,0.0
late_full,2,170,0.0,0.0,0.8923611111111112,0.8923611111111112,0.0,0.0
late_full,2,172,0.0,0.0,0.8819444444444444,0.8819444444444444,0.0,0.0
late_full,2,174,0.0,0.0,0.8784722222222222,0.8784722222222222,0.0,0.0
late_full,2,176,0.0,0.0,0.90625,0.90625,0.0,0.0
late_full,2,178,0.0,0.0,0.8923611111111112,0.8923611111111112,0.0,0.0
late_full,2,180,0.0,0.0,0.8923611111111112,0.8923611111111112,0.0,0.0
late_full,2,182,0.0,0.0,0.9097222222222222,0.9097222222222222,0.0,0.0
late_full,2,184,0.0,0.0,0.8784722222222222,0.8784722222222222,0.0,0.0
late_full,2,186,0.0,0.0,0.8923611111111112,0.8923611111111112,0.0,0.0
late_full,2,188,0.0,0.0,0.8923611111111112,0.8923611111111112,0.0,0.0
late_full,2,190,0.0,0.0,0.9270833333333334,0.9270833333333334,0.0,0.0
late_full,2,192,0.0,0.0,0.9479166666666666,0.9479166666666666,0.0,0.0
late_full,2,194,0.0,0.0,0.9479166666666666,0.9479166666666666,0.0,0.0
late_full,2,196,0.0,0.0,0.9513888888888888,0.9513888888888888,0.0,0.0
late_full,2,198,0.0,0.0,0.9548611111111112,0.9548611111111112,0.0,0.0
late_full,2,200,0.0,0.0,0.9618055555555556,0.9618055555555556,0.0,0.0
late_full,2,202,0.0,0.0,0.9861111111111112,0.9861111111111112,0.0,0.0
late_full,2,204,0.0,0.0,0.9722222222222222,0.9722222222222222,0.0,0.0
late_full,2,206,0.0,0.0,0.9895833333333334,0.9895833333333334,0.0,0.0
late_full,2,208,0.0,0.0,0.9930555555555556,0.9930555555555556,0.0,0.0
late_full,2,210,0.8819444444444444,0.1388888888888889,0.9861111111111112,0.0,0.0,0.10416666666666667
late_full,2,212,0.8611111111111112,0.13194444444444445,0.9895833333333334,0.0,0.0,0.1284722222222222
late_full,2,214,0.8472222222222222,0.11458333333333333,0.9930555555555556,0.0,0.0,0.14583333333333334
late_full,2,216,0.875,0.14930555555555555,0.9861111111111112,0.0,0.0,0.1111111111111111
late_full,2,218,0.8819444444444444,0.1388888888888889,0.9861111111111112,0.0,0.0,0.10416666666666667
late_full,2,220,0.8958333333333334,0.12152777777777778,1.0,0.0,0.0,0.10416666666666667
late_full,2,222,0.9131944444444444,0.1388888888888889,1.0,0.0,0.0,0.08680555555555555
late_full,2,224,0.9201388888888888,0.11458333333333333,0.9965277777777778,0.0,0.0,0.0763888888888889
late_full,2,226,0.9166666666666666,0.10416666666666667,1.0,0.0,0.0,0.08333333333333333
late_full,2,228,0.9097222222222222,0.1111111111111111,0.9930555555555556,0.0,0.0,0.08333333333333333
late_full,2,230,0.9305555555555556,0.0763888888888889,0.9965277777777778,0.0,0.0,0.06597222222222222
late_full,2,232,0.9375,0.125,1.0,0.0,0.0,0.0625
late_full,2,234,0.9444444444444444,0.1111111111111111,1.0,0.0,0.0,0.05555555555555555
late_full,2,236,0.9340277777777778,0.10416666666666667,1.0,0.0,0.0,0.06597222222222222
late_full,2,238,0.9618055555555556,0.11805555555555555,0.9965277777777778,0.0,0.0,0.034722222222222224
late_full,2,240,0.9652777777777778,0.11458333333333333,1.0,0.0,0.0,0.034722222222222224
late_full,2,242,0.9548611111111112,0.11458333333333333,0.9965277777777778,0.0,0.0,0.041666666666666664
late_full,2,244,0.9791666666666666,0.10069444444444445,0.9965277777777778,0.0,0.0,0.017361111111111112
late_full,2,246,0.9756944444444444,0.11458333333333333,1.0,0.0,0.0,0.024305555555555556
late_full,2,248,0.9722222222222222,0.1597222222222222,1.0,0.0,0.0,0.027777777777777776
late_full,2,250,0.9722222222222222,0.0798611111111111,1.0,0.0,0.0,0.027777777777777776
late_full,2,252,0.96875,0.11458333333333333,1.0,0.0,0.0,0.03125
late_full,2,254,0.9826388888888888,0.1111111111111111,1.0,0.0,0.0,0.017361111111111112
late_full,2,256,0.9930555555555556,0.10416666666666667,1.0,0.0,0.0,0.006944444444444444
late_full,2,258,1.0,0.03819444444444445,1.0,0.0,0.0,0.0
late_full,2,260,1.0,0.0763888888888889,1.0,0.0,0.0,0.0
late_full,2,262,1.0,0.041666666666666664,1.0,0.0,0.0,0.0
late_full,2,264,1.0,0.027777777777777776,1.0,0.0,0.0,0.0
late_full,2,266,1.0,0.041666666666666664,1.0,0.0,0.0,0.0
late_full,2,268,1.0,0.034722222222222224,1.0,0.0,0.0,0.0
late_full,2,270,1.0,0.052083333333333336,1.0,0.0,0.0,0.0
late_full,2,272,1.0,0.024305555555555556,1.0,0.0,0.0,0.0
late_full,2,274,1.0,0.027777777777777776,1.0,0.0,0.0,0.0
late_full,2,276,1.0,0.017361111111111112,1.0,0.0,0.0,0.0
late_full,2,278,1.0,0.04513888888888889,1.0,0.0,0.0,0.0
late_full,2,280,1.0,0.017361111111111112,1.0,0.0,0.0,0.0
late_full,2,282,0.9965277777777778,0.020833333333333332,1.0,0.0,0.0,0.003472222222222222
late_full,2,284,0.9965277777777778,0.020833333333333332,1.0,0.0,0.0,0.003472222222222222
late_full,2,286,1.0,0.010416666666666666,1.0,0.0,0.0,0.0
late_full,2,288,1.0,0.03819444444444445,1.0,0.0,0.0,0.0
late_full,2,290,1.0,0.03125,1.0,0.0,0.0,0.0
late_full,2,292,1.0,0.05555555555555555,1.0,0.0,0.0,0.0
late_full,2,294,1.0,0.027777777777777776,1.0,0.0,0.0,0.0
late_full,2,296,1.0,0.041666666666666664,1.0,0.0,0.0,0.0
late_full,2,298,1.0,0.024305555555555556,1.0,0.0,0.0,0.0
late_no_residual,0,100,0.0,0.0,0.65625,0.65625,0.0,0.0
late_no_residual,0,102,0.0,0.0,0.9444444444444444,0.9444444444444444,0.0,0.0
late_no_residual,0,104,0.0,0.0,0.96875,0.96875,0.0,0.0
late_no_residual,0,106,0.0,0.0,0.9756944444444444,0.9756944444444444,0.0,0.0
late_no_residual,0,108,0.0,0.0,0.9895833333333334,0.9895833333333334,0.0,0.0
late_no_residual,0,110,0.0,0.0,0.9965277777777778,0.9965277777777778,0.0,0.0
late_no_residual,0,112,0.0,0.0,0.9965277777777778,0.9965277777777778,0.0,0.0
late_no_residual,0,114,0.0,0.0,0.9965277777777778,0.9965277777777778,0.0,0.0
late_no_residual,0,116,0.0,0.0,0.9965277777777778,0.9965277777777778,0.0,0.0
late_no_residual,0,118,0.0,0.0,1.0,1.0,0.0,0.0
late_no_residual,0,120,0.0,0.0,0.9965277777777778,0.9965277777777778,0.0,0.0
late_no_residual,0,122,0.0,0.0,1.0,1.0,0.0,0.0
late_no_residual,0,124,0.0,0.0,0.9895833333333334,0.9895833333333334,0.0,0.0
late_no_residual,0,126,0.0,0.0,1.0,1.0,0.0,0.0
late_no_residual,0,128,0.0,0.0,1.0,1.0,0.0,0.0
late_no_residual,0,130,0.0,0.0,1.0,1.0,0.0,0.0
late_no_residual,0,132,0.0,0.0,0.9965277777777778,0.9965277777777778,0.0,0.0
late_no_residual,0,134,0.0,0.0,1.0,1.0,0.0,0.0
late_no_residual,0,136,0.0,0.0,1.0,1.0,0.0,0.0
late_no_residual,0,138,0.0,0.0,1.0,1.0,0.0,0.0
late_no_residual,0,140,0.0,0.0,1.0,1.0,0.0,0.0
late_no_residual,0,142,0.0,0.0,1.0,1.0,0.0,0.0
late_no_residual,0,144,0.0,0.0,1.0,1.0,0.0,0.0
late_no_residual,0,146,0.0,0.0,0.9965277777777778,0.9965277777777778,0.0,0.0
late_no_residual,0,148,0.0,0.0,1.0,1.0,0.0,0.0
late_no_residual,0,150,0.0,0.0,1.0,1.0,0.0,0.0
late_no_residual,0,152,0.0,0.0,1.0,1.0,0.0,0.0
late_no_residual,0,154,0.0,0.0,1.0,1.0,0.0,0.0
late_no_residual,0,156,0.0,0.0,1.0,1.0,0.0,0.0
late_no_residual,0,158,0.0,0.0,1.0,1.0,0.0,0.0
late_no_residual,0,160,0.0,0.0,1.0,1.0,0.0,0.0
late_no_residual,0,162,0.0,0.0,1.0,1.0,0.0,0.0
late_no_residual,0,164,0.0,0.0,1.0,1.0,0.0,0.0
late_no_residual,0,166,0.0,0.0,1.0,1.0,0.0,0.0
late_no_residual,0,168,0.0,0.0,1.0,1.0,0.0,0.0
late_no_residual,0,170,0.0,0.0,1.0,1.0,0.0,0.0
late_no_residual,0,172,0.0,0.0,1.0,1.0,0.0,0.0
late_no_residual,0,174,0.0,0.0,1.0,1.0,0.0,0.0
late_no_residual,0,176,0.0,0.0,1.0,1.0,0.0,0.0
late_no_residual,0,178,0.0,0.0,1.0,1.0,0.0,0.0
late_no_residual,0,180,0.0,0.0,1.0,1.0,0.0,0.0
late_no_residual,0,182,0.0,0.0,1.0,1.0,0.0,0.0
late_no_residual,0,184,0.0,0.0,1.0,1.0,0.0,0.0
late_no_residual,0,186,0.0,0.0,1.0,1.0,0.0,0.0
late_no_residual,0,188,0.0,0.0,1.0,1.0,0.0,0.0
late_no_residual,0,190,0.0,0.0,1.0,1.0,0.0,0.0
late_no_residual,0,192,0.0,0.0,1.0,1.0,0.0,0.0
late_no_residual,0,194,0.0,0.0,1.0,1.0,0.0,0.0
late_no_residual,0,196,0.0,0.0,1.0,1.0,0.0,0.0
late_no_residual,0,198,0.0,0.0,1.0,1.0,0.0,0.0
late_no_residual,0,200,0.0,0.0,1.0,1.0,0.0,0.0
late_no_residual,0,202,0.0,0.0,1.0,1.0,0.0,0.0
late_no_residual,0,204,0.0,0.0,1.0,1.0,0.0,0.0
late_no_residual,0,206,0.0,0.0,1.0,1.0,0.0,0.0
late_no_residual,0,208,0.0,0.0,1.0,1.0,0.0,0.0
late_no_residual,0,210,0.9965277777777778,0.0,1.0,0.0,0.0,0.003472222222222222
late_no_residual,0,212,0.9965277777777778,0.0,1.0,0.0,0.0,0.003472222222222222
late_no_residual,0,214,1.0,0.0,1.0,0.0,0.0,0.0
late_no_residual,0,216,1.0,0.0,1.0,0.0,0.0,0.0
late_no_residual,0,218,0.9965277777777778,0.0,1.0,0.0,0.0,0.003472222222222222
late_no_residual,0,220,0.9965277777777778,0.0,1.0,0.0,0.0,0.003472222222222222
late_no_residual,0,222,1.0,0.0,1.0,0.0,0.0,0.0
late_no_residual,0,224,0.9965277777777778,0.0,1.0,0.0,0.0,0.003472222222222222
late_no_residual,0,226,1.0,0.0,1.0,0.0,0.0,0.0
late_no_residual,0,228,0.9965277777777778,0.0,1.0,0.0,0.0,0.003472222222222222
late_no_residual,0,230,0.9965277777777778,0.0,1.0,0.0,0.0,0.003472222222222222
late_no_residual,0,232,0.9930555555555556,0.0,1.0,0.0,0.0,0.006944444444444444
late_no_residual,0,234,0.9930555555555556,0.0,1.0,0.0,0.0,0.006944444444444444
late_no_residual,0,236,0.9965277777777778,0.0,1.0,0.0,0.0,0.003472222222222222
late_no_residual,0,238,0.9965277777777778,0.0,1.0,0.0,0.0,0.003472222222222222
late_no_residual,0,240,1.0,0.0,1.0,0.0,0.0,0.0
late_no_residual,0,242,0.9965277777777778,0.0,1.0,0.0,0.0,0.003472222222222222
late_no_residual,0,244,0.9965277777777778,0.0,1.0,0.0,0.0,0.003472222222222222
late_no_residual,0,246,0.9965277777777778,0.0,1.0,0.0,0.0,0.003472222222222222
late_no_residual,0,248,0.9930555555555556,0.0,1.0,0.0,0.0,0.006944444444444444
late_no_residual,0,250,0.9965277777777778,0.0,1.0,0.0,0.0,0.003472222222222222
late_no_residual,0,252,1.0,0.0,1.0,0.0,0.0,0.0
late_no_residual,0,254,0.9965277777777778,0.0,1.0,0.0,0.0,0.003472222222222222
late_no_residual,0,256,0.9965277777777778,0.0,1.0,0.0,0.0,0.003472222222222222
late_no_residual,0,258,1.0,0.0,1.0,0.0,0.0,0.0
late_no_residual,0,260,1.0,0.0,1.0,0.0,0.0,0.0
late_no_residual,0,262,1.0,0.0,1.0,0.0,0.0,0.0
late_no_residual,0,264,1.0,0.0,1.0,0.0,0.0,0.0
late_no_residual,0,266,1.0,0.0,1.0,0.0,0.0,0.0
late_no_residual,0,268,1.0,0.0,1.0,0.0,0.0,0.0
late_no_residual,0,270,1.0,0.0,1.0,0.0,0.0,0.0
late_no_residual,0,272,1.0,0.0,1.0,0.0,0.0,0.0
late_no_residual,0,274,1.0,0.0,1.0,0.0,0.0,0.0
late_no_residual,0,276,1.0,0.0,1.0,0.0,0.0,0.0
late_no_residual,0,278,1.0,0.0,1.0,0.0,0.0,0.0
late_no_residual,0,280,1.0,0.0,1.0,0.0,0.0,0.0
late_no_residual,0,282,1.0,0.0,1.0,0.0,0.0,0.0
late_no_residual,0,284,1.0,0.0,1.0,0.0,0.0,0.0
late_no_residual,0,286,1.0,0.0,1.0,0.0,0.0,0.0
late_no_residual,0,288,1.0,0.0,1.0,0.0,0.0,0.0
late_no_residual,0,290,1.0,0.0,1.0,0.0,0.0,0.0
late_no_residual,0,292,1.0,0.0,1.0,0.0,0.0,0.0
late_no_residual,0,294,1.0,0.0,1.0,0.0,0.0,0.0
late_no_residual,0,296,1.0,0.0,1.0,0.0,0.0,0.0
late_no_residual,0,298,1.0,0.0,1.0,0.0,0.0,0.0
late_no_residual,1,100,0.0,0.0,0.84375,0.84375,0.0,0.0
late_no_residual,1,102,0.0,0.0,0.9861111111111112,0.9861111111111112,0.0,0.0
late_no_residual,1,104,0.0,0.0,0.9756944444444444,0.9756944444444444,0.0,0.0
late_no_residual,1,106,0.0,0.0,0.9826388888888888,0.9826388888888888,0.0,0.0
late_no_residual,1,108,0.0,0.0,0.9861111111111112,0.9861111111111112,0.0,0.0
late_no_residual,1,110,0.0,0.0,0.9861111111111112,0.9861111111111112,0.0,0.0
late_no_residual,1,112,0.0,0.0,0.9965277777777778,0.9965277777777778,0.0,0.0
late_no_residual,1,114,0.0,0.0,1.0,1.0,0.0,0.0
late_no_residual,1,116,0.0,0.0,0.9965277777777778,0.9965277777777778,0.0,0.0
late_no_residual,1,118,0.0,0.0,0.9965277777777778,0.9965277777777778,0.0,0.0
late_no_residual,1,120,0.0,0.0,1.0,1.0,0.0,0.0
late_no_residual,1,122,0.0,0.0,1.0,1.0,0.0,0.0
late_no_residual,1,124,0.0,0.0,0.9965277777777778,0.9965277777777778,0.0,0.0
late_no_residual,1,126,0.0,0.0,0.9930555555555556,0.9930555555555556,0.0,0.0
late_no_residual,1,128,0.0,0.0,0.9965277777777778,0.9965277777777778,0.0,0.0
late_no_residual,1,130,0.0,0.0,0.9895833333333334,0.9895833333333334,0.0,0.0
late_no_residual,1,132,0.0,0.0,1.0,1.0,0.0,0.0
late_no_residual,1,134,0.0,0.0,0.9965277777777778,0.9965277777777778,0.0,0.0
late_no_residual,1,136,0.0,0.0,0.9965277777777778,0.9965277777777778,0.0,0.0
late_no_residual,1,138,0.0,0.0,1.0,1.0,0.0,0.0
late_no_residual,1,140,0.0,0.0,0.9965277777777778,0.9965277777777778,0.0,0.0
late_no_residual,1,142,0.0,0.0,1.0,1.0,0.0,0.0
late_no_residual,1,144,0.0,0.0,0.9965277777777778,0.9965277777777778,0.0,0.0
late_no_residual,1,146,0.0,0.0,1.0,1.0,0.0,0.0
late_no_residual,1,148,0.0,0.0,1.0,1.0,0.0,0.0
late_no_residual,1,150,0.0,0.0,1.0,1.0,0.0,0.0
late_no_residual,1,152,0.0,0.0,1.0,1.0,0.0,0.0
late_no_residual,1,154,0.0,0.0,1.0,1.0,0.0,0.0
late_no_residual,1,156,0.0,0.0,1.0,1.0,0.0,0.0
late_no_residual,1,158,0.0,0.0,1.0,1.0,0.0,0.0
late_no_residual,1,160,0.0,0.0,1.0,1.0,0.0,0.0
late_no_residual,1,162,0.0,0.0,1.0,1.0,0.0,0.0
late_no_residual,1,164,0.0,0.0,1.0,1.0,0.0,0.0
late_no_residual,1,166,0.0,0.0,1.0,1.0,0.0,0.0
late_no_residual,1,168,0.0,0.0,1.0,1.0,0.0,0.0
late_no_residual,1,170,0.0,0.0,1.0,1.0,0.0,0.0
late_no_residual,1,172,0.0,0.0,1.0,1.0,0.0,0.0
late_no_residual,1,174,0.0,0.0,1.0,1.0,0.0,0.0
late_no_residual,1,176,0.0,0.0,1.0,1.0,0.0,0.0
late_no_residual,1,178,0.0,0.0,1.0,1.0,0.0,0.0
late_no_residual,1,180,0.0,0.0,1.0,1.0,0.0,0.0
late_no_residual,1,182,0.0,0.0,1.0,1.0,0.0,0.0
late_no_residual,1,184,0.0,0.0,1.0,1.0,0.0,0.0
late_no_residual,1,186,0.0,0.0,1.0,1.0,0.0,0.0
late_no_residual,1,188,0.0,0.0,1.0,1.0,0.0,0.0
late_no_residual,1,190,0.0,0.0,1.0,1.0,0.0,0.0
late_no_residual,1,192,0.0,0.0,1.0,1.0,0.0,0.0
late_no_residual,1,194,0.0,0.0,1.0,1.0,0.0,0.0
late_no_residual,1,196,0.0,0.0,1.0,1.0,0.0,0.0
late_no_residual,1,198,0.0,0.0,1.0,1.0,0.0,0.0
late_no_residual,1,200,0.0,0.0,1.0,1.0,0.0,0.0
late_no_residual,1,202,0.0,0.0,1.0,1.0,0.0,0.0
late_no_residual,1,204,0.0,0.0,1.0,1.0,0.0,0.0
late_no_residual,1,206,0.0,0.0,1.0,1.0,0.0,0.0
late_no_residual,1,208,0.0,0.0,1.0,1.0,0.0,0.0
late_no_residual,1,210,1.0,0.0,1.0,0.0,0.0,0.0
late_no_residual,1,212,1.0,0.0,1.0,0.0,0.0,0.0
late_no_residual,1,214,1.0,0.0,1.0,0.0,0.0,0.0
late_no_residual,1,216,1.0,0.0,1.0,0.0,0.0,0.0
late_no_residual,1,218,1.0,0.0,1.0,0.0,0.0,0.0
late_no_residual,1,220,1.0,0.0,1.0,0.0,0.0,0.0
late_no_residual,1,222,1.0,0.0,1.0,0.0,0.0,0.0
late_no_residual,1,224,1.0,0.0,1.0,0.0,0.0,0.0
late_no_residual,1,226,1.0,0.0,1.0,0.0,0.0,0.0
late_no_residual,1,228,1.0,0.0,1.0,0.0,0.0,0.0
late_no_residual,1,230,1.0,0.0,1.0,0.0,0.0,0.0
late_no_residual,1,232,1.0,0.0,1.0,0.0,0.0,0.0
late_no_residual,1,234,0.9965277777777778,0.0,1.0,0.0,0.0,0.003472222222222222
late_no_residual,1,236,1.0,0.0,1.0,0.0,0.0,0.0
late_no_residual,1,238,1.0,0.0,1.0,0.0,0.0,0.0
late_no_residual,1,240,1.0,0.0,1.0,0.0,0.0,0.0
late_no_residual,1,242,1.0,0.0,1.0,0.0,0.0,0.0
late_no_residual,1,244,1.0,0.0,1.0,0.0,0.0,0.0
late_no_residual,1,246,1.0,0.0,1.0,0.0,0.0,0.0
late_no_residual,1,248,1.0,0.0,1.0,0.0,0.0,0.0
late_no_residual,1,250,1.0,0.0,1.0,0.0,0.0,0.0
late_no_residual,1,252,1.0,0.0,1.0,0.0,0.0,0.0
late_no_residual,1,254,1.0,0.0,1.0,0.0,0.0,0.0
late_no_residual,1,256,1.0,0.0,1.0,0.0,0.0,0.0
late_no_residual,1,258,1.0,0.0,1.0,0.0,0.0,0.0
late_no_residual,1,260,1.0,0.0,1.0,0.0,0.0,0.0
late_no_residual,1,262,1.0,0.0,1.0,0.0,0.0,0.0
late_no_residual,1,264,1.0,0.0,1.0,0.0,0.0,0.0
late_no_residual,1,266,1.0,0.0,1.0,0.0,0.0,0.0
late_no_residual,1,268,1.0,0.0,1.0,0.0,0.0,0.0
late_no_residual,1,270,1.0,0.0,1.0,0.0,0.0,0.0
late_no_residual,1,272,1.0,0.0,1.0,0.0,0.0,0.0
late_no_residual,1,274,1.0,0.0,1.0,0.0,0.0,0.0
late_no_residual,1,276,1.0,0.0,1.0,0.0,0.0,0.0
late_no_residual,1,278,1.0,0.0,1.0,0.0,0.0,0.0
late_no_residual,1,280,1.0,0.0,1.0,0.0,0.0,0.0
late_no_residual,1,282,1.0,0.0,1.0,0.0,0.0,0.0
late_no_residual,1,284,1.0,0.0,1.0,0.0,0.0,0.0
late_no_residual,1,286,1.0,0.0,1.0,0.0,0.0,0.0
late_no_residual,1,288,1.0,0.0,1.0,0.0,0.0,0.0
late_no_residual,1,290,1.0,0.0,1.0,0.0,0.0,0.0
late_no_residual,1,292,1.0,0.0,1.0,0.0,0.0,0.0
late_no_residual,1,294,1.0,0.0,1.0,0.0,0.0,0.0
late_no_residual,1,296,1.0,0.0,1.0,0.0,0.0,0.0
late_no_residual,1,298,1.0,0.0,1.0,0.0,0.0,0.0
late_no_residual,2,100,0.0,0.0,0.6388888888888888,0.6388888888888888,0.0,0.0
late_no_residual,2,102,0.0,0.0,0.8333333333333334,0.8333333333333334,0.0,0.0
late_no_residual,2,104,0.0,0.0,0.8194444444444444,0.8194444444444444,0.0,0.0
late_no_residual,2,106,0.0,0.0,0.7986111111111112,0.7986111111111112,0.0,0.0
late_no_residual,2,108,0.0,0.0,0.8020833333333334,0.8020833333333334,0.0,0.0
late_no_residual,2,110,0.0,0.0,0.8055555555555556,0.8055555555555556,0.0,0.0
late_no_residual,2,112,0.0,0.0,0.8298611111111112,0.8298611111111112,0.0,0.0
late_no_residual,2,114,0.0,0.0,0.8402777777777778,0.8402777777777778,0.0,0.0
late_no_residual,2,116,0.0,0.0,0.8402777777777778,0.8402777777777778,0.0,0.0
late_no_residual,2,118,0.0,0.0,0.8263888888888888,0.8263888888888888,0.0,0.0
late_no_residual,2,120,0.0,0.0,0.7881944444444444,0.7881944444444444,0.0,0.0
late_no_residual,2,122,0.0,0.0,0.8159722222222222,0.8159722222222222,0.0,0.0
late_no_residual,2,124,0.0,0.0,0.7708333333333334,0.7708333333333334,0.0,0.0
late_no_residual,2,126,0.0,0.0,0.8020833333333334,0.8020833333333334,0.0,0.0
late_no_residual,2,128,0.0,0.0,0.8263888888888888,0.8263888888888888,0.0,0.0
late_no_residual,2,130,0.0,0.0,0.78125,0.78125,0.0,0.0
late_no_residual,2,132,0.0,0.0,0.7916666666666666,0.7916666666666666,0.0,0.0
late_no_residual,2,134,0.0,0.0,0.7951388888888888,0.7951388888888888,0.0,0.0
late_no_residual,2,136,0.0,0.0,0.8229166666666666,0.8229166666666666,0.0,0.0
late_no_residual,2,138,0.0,0.0,0.7951388888888888,0.7951388888888888,0.0,0.0
late_no_residual,2,140,0.0,0.0,0.7708333333333334,0.7708333333333334,0.0,0.0
late_no_residual,2,142,0.0,0.0,0.7777777777777778,0.7777777777777778,0.0,0.0
late_no_residual,2,144,0.0,0.0,0.8472222222222222,0.8472222222222222,0.0,0.0
late_no_residual,2,146,0.0,0.0,0.8298611111111112,0.8298611111111112,0.0,0.0
late_no_residual,2,148,0.0,0.0,0.8159722222222222,0.8159722222222222,0.0,0.0
late_no_residual,2,150,0.0,0.0,0.8194444444444444,0.8194444444444444,0.0,0.0
late_no_residual,2,152,0.0,0.0,0.8159722222222222,0.8159722222222222,0.0,0.0
late_no_residual,2,154,0.0,0.0,0.7881944444444444,0.7881944444444444,0.0,0.0
late_no_residual,2,156,0.0,0.0,0.7673611111111112,0.7673611111111112,0.0,0.0
late_no_residual,2,158,0.0,0.0,0.7395833333333334,0.7395833333333334,0.0,0.0
late_no_residual,2,160,0.0,0.0,0.7013888888888888,0.7013888888888888,0.0,0.0
late_no_residual,2,162,0.0,0.0,0.7743055555555556,0.7743055555555556,0.0,0.0
late_no_residual,2,164,0.0,0.0,0.7847222222222222,0.7847222222222222,0.0,0.0
late_no_residual,2,166,0.0,0.0,0.8229166666666666,0.8229166666666666,0.0,0.0
late_no_residual,2,168,0.0,0.0,0.8472222222222222,0.8472222222222222,0.0,0.0
late_no_residual,2,170,0.0,0.0,0.8819444444444444,0.8819444444444444,0.0,0.0
late_no_residual,2,172,0.0,0.0,0.8854166666666666,0.8854166666666666,0.0,0.0
late_no_residual,2,174,0.0,0.0,0.8784722222222222,0.8784722222222222,0.0,0.0
late_no_residual,2,176,0.0,0.0,0.90625,0.90625,0.0,0.0
late_no_residual,2,178,0.0,0.0,0.8888888888888888,0.8888888888888888,0.0,0.0
late_no_residual,2,180,0.0,0.0,0.8819444444444444,0.8819444444444444,0.0,0.0
late_no_residual,2,182,0.0,0.0,0.9097222222222222,0.9097222222222222,0.0,0.0
late_no_residual,2,184,0.0,0.0,0.8680555555555556,0.8680555555555556,0.0,0.0
late_no_residual,2,186,0.0,0.0,0.8854166666666666,0.8854166666666666,0.0,0.0
late_no_residual,2,188,0.0,0.0,0.8854166666666666,0.8854166666666666,0.0,0.0
late_no_residual,2,190,0.0,0.0,0.9166666666666666,0.9166666666666666,0.0,0.0
late_no_residual,2,192,0.0,0.0,0.9479166666666666,0.9479166666666666,0.0,0.0
late_no_residual,2,194,0.0,0.0,0.9444444444444444,0.9444444444444444,0.0,0.0
late_no_residual,2,196,0.0,0.0,0.9444444444444444,0.9444444444444444,0.0,0.0
late_no_residual,2,198,0.0,0.0,0.9444444444444444,0.9444444444444444,0.0,0.0
late_no_residual,2,200,0.0,0.0,0.9583333333333334,0.9583333333333334,0.0,0.0
late_no_residual,2,202,0.0,0.0,0.9791666666666666,0.9791666666666666,0.0,0.0
late_no_residual,2,204,0.0,0.0,0.9722222222222222,0.9722222222222222,0.0,0.0
late_no_residual,2,206,0.0,0.0,0.9861111111111112,0.9861111111111112,0.0,0.0
late_no_residual,2,208,0.0,0.0,0.9826388888888888,0.9826388888888888,0.0,0.0
late_no_residual,2,210,0.8680555555555556,0.0,0.9826388888888888,0.0,0.0,0.11458333333333333
late_no_residual,2,212,0.84375,0.0,0.9861111111111112,0.0,0.0,0.1423611111111111
late_no_residual,2,214,0.8125,0.0,0.9826388888888888,0.0,0.0,0.1701388888888889
late_no_residual,2,216,0.8541666666666666,0.0,0.9791666666666666,0.0,0.0,0.125
late_no_residual,2,218,0.8611111111111112,0.0,0.9861111111111112,0.0,0.0,0.125
late_no_residual,2,220,0.8819444444444444,0.0,1.0,0.0,0.0,0.11805555555555555
late_no_residual,2,222,0.90625,0.0,0.9930555555555556,0.0,0.0,0.08680555555555555
late_no_residual,2,224,0.9027777777777778,0.0,0.9965277777777778,0.0,0.0,0.09375
late_no_residual,2,226,0.9027777777777778,0.0,1.0,0.0,0.0,0.09722222222222222
late_no_residual,2,228,0.8784722222222222,0.0,0.9861111111111112,0.0,0.0,0.1076388888888889
late_no_residual,2,230,0.9166666666666666,0.0,0.9965277777777778,0.0,0.0,0.0798611111111111
late_no_residual,2,232,0.9166666666666666,0.0,1.0,0.0,0.0,0.08333333333333333
late_no_residual,2,234,0.9305555555555556,0.0,1.0,0.0,0.0,0.06944444444444445
late_no_residual,2,236,0.9097222222222222,0.0,0.9965277777777778,0.0,0.0,0.08680555555555555
late_no_residual,2,238,0.9409722222222222,0.0,0.9965277777777778,0.0,0.0,0.05555555555555555
late_no_residual,2,240,0.9513888888888888,0.0,1.0,0.0,0.0,0.04861111111111111
late_no_residual,2,242,0.9548611111111112,0.0,0.9965277777777778,0.0,0.0,0.041666666666666664
late_no_residual,2,244,0.9479166666666666,0.0,1.0,0.0,0.0,0.052083333333333336
late_no_residual,2,246,0.9618055555555556,0.0,1.0,0.0,0.0,0.03819444444444445
late_no_residual,2,248,0.9513888888888888,0.0,1.0,0.0,0.0,0.04861111111111111
late_no_residual,2,250,0.9722222222222222,0.0,1.0,0.0,0.0,0.027777777777777776
late_no_residual,2,252,0.9756944444444444,0.0,1.0,0.0,0.0,0.024305555555555556
late_no_residual,2,254,0.9861111111111112,0.0,1.0,0.0,0.0,0.013888888888888888
late_no_residual,2,256,0.9826388888888888,0.0,1.0,0.0,0.0,0.017361111111111112
late_no_residual,2,258,1.0,0.0,1.0,0.0,0.0,0.0
late_no_residual,2,260,1.0,0.0,1.0,0.0,0.0,0.0
late_no_residual,2,262,1.0,0.0,1.0,0.0,0.0,0.0
late_no_residual,2,264,1.0,0.0,1.0,0.0,0.0,0.0
late_no_residual,2,266,1.0,0.0,1.0,0.0,0.0,0.0
late_no_residual,2,268,1.0,0.0,1.0,0.0,0.0,0.0
late_no_residual,2,270,1.0,0.0,1.0,0.0,0.0,0.0
late_no_residual,2,272,1.0,0.0,1.0,0.0,0.0,0.0
late_no_residual,2,274,1.0,0.0,1.0,0.0,0.0,0.0
late_no_residual,2,276,1.0,0.0,1.0,0.0,0.0,0.0
late_no_residual,2,278,1.0,0.0,1.0,0.0,0.0,0.0
late_no_residual,2,280,1.0,0.0,1.0,0.0,0.0,0.0
late_no_residual,2,282,0.9965277777777778,0.0,1.0,0.0,0.0,0.003472222222222222
late_no_residual,2,284,0.9965277777777778,0.0,0.9965277777777778,0.0,0.0,0.0
late_no_residual,2,286,1.0,0.0,1.0,0.0,0.0,0.0
late_no_residual,2,288,1.0,0.0,1.0,0.0,0.0,0.0
late_no_residual,2,290,1.0,0.0,1.0,0.0,0.0,0.0
late_no_residual,2,292,1.0,0.0,1.0,0.0,0.0,0.0
late_no_residual,2,294,1.0,0.0,1.0,0.0,0.0,0.0
late_no_residual,2,296,1.0,0.0,1.0,0.0,0.0,0.0
late_no_residual,2,298,1.0,0.0,1.0,0.0,0.0,0.0
no_residual,0,100,0.0,0.0,0.65625,0.0,0.65625,0.0
no_residual,0,102,0.0,0.0,0.9444444444444444,0.0,0.9444444444444444,0.0
no_residual,0,104,0.0,0.0,0.96875,0.0,0.96875,0.0
no_residual,0,106,0.0,0.0,0.9756944444444444,0.0,0.9756944444444444,0.0
no_residual,0,108,0.8993055555555556,0.0,0.9895833333333334,0.0,0.0,0.09027777777777778
no_residual,0,110,0.9166666666666666,0.0,0.9930555555555556,0.0,0.0,0.0763888888888889
no_residual,0,112,0.9166666666666666,0.0,0.9930555555555556,0.0,0.0,0.0763888888888889
no_residual,0,114,0.9409722222222222,0.0,0.9930555555555556,0.0,0.0,0.052083333333333336
no_residual,0,116,0.9270833333333334,0.0,0.9965277777777778,0.0,0.0,0.06944444444444445
no_residual,0,118,0.9166666666666666,0.0,0.9965277777777778,0.0,0.0,0.0798611111111111
no_residual,0,120,0.9236111111111112,0.0,0.9861111111111112,0.0,0.0,0.0625
no_residual,0,122,0.9375,0.0,1.0,0.0,0.0,0.0625
no_residual,0,124,0.9305555555555556,0.0,0.9965277777777778,0.0,0.0,0.06597222222222222
no_residual,0,126,0.9548611111111112,0.0,1.0,0.0,0.0,0.04513888888888889
no_residual,0,128,0.9548611111111112,0.0,1.0,0.0,0.0,0.04513888888888889
no_residual,0,130,0.9618055555555556,0.0,1.0,0.0,0.0,0.03819444444444445
no_residual,0,132,0.9513888888888888,0.0,0.9965277777777778,0.0,0.0,0.04513888888888889
no_residual,0,134,0.9583333333333334,0.0,0.9965277777777778,0.0,0.0,0.03819444444444445
no_residual,0,136,0.9722222222222222,0.0,1.0,0.0,0.0,0.027777777777777776
no_residual,0,138,0.9756944444444444,0.0,1.0,0.0,0.0,0.024305555555555556
no_residual,0,140,0.9826388888888888,0.0,1.0,0.0,0.0,0.017361111111111112
no_residual,0,142,0.9826388888888888,0.0,1.0,0.0,0.0,0.017361111111111112
no_residual,0,144,0.9791666666666666,0.0,1.0,0.0,0.0,0.020833333333333332
no_residual,0,146,0.9861111111111112,0.0,1.0,0.0,0.0,0.013888888888888888
no_residual,0,148,0.9895833333333334,0.0,1.0,0.0,0.0,0.010416666666666666
no_residual,0,150,0.9965277777777778,0.0,1.0,0.0,0.0,0.003472222222222222
no_residual,0,152,0.9965277777777778,0.0,1.0,0.0,0.0,0.003472222222222222
no_residual,0,154,1.0,0.0,1.0,0.0,0.0,0.0
no_residual,0,156,0.9965277777777778,0.0,1.0,0.0,0.0,0.003472222222222222
no_residual,0,158,0.9965277777777778,0.0,1.0,0.0,0.0,0.003472222222222222
no_residual,0,160,0.9965277777777778,0.0,1.0,0.0,0.0,0.003472222222222222
no_residual,0,162,0.9965277777777778,0.0,1.0,0.0,0.0,0.003472222222222222
no_residual,0,164,1.0,0.0,1.0,0.0,0.0,0.0
no_residual,0,166,1.0,0.0,1.0,0.0,0.0,0.0
no_residual,0,168,1.0,0.0,1.0,0.0,0.0,0.0
no_residual,0,170,0.9965277777777778,0.0,1.0,0.0,0.0,0.003472222222222222
no_residual,0,172,1.0,0.0,1.0,0.0,0.0,0.0
no_residual,0,174,0.9965277777777778,0.0,1.0,0.0,0.0,0.003472222222222222
no_residual,0,176,1.0,0.0,1.0,0.0,0.0,0.0
no_residual,0,178,1.0,0.0,1.0,0.0,0.0,0.0
no_residual,0,180,1.0,0.0,1.0,0.0,0.0,0.0
no_residual,0,182,1.0,0.0,1.0,0.0,0.0,0.0
no_residual,0,184,1.0,0.0,1.0,0.0,0.0,0.0
no_residual,0,186,1.0,0.0,1.0,0.0,0.0,0.0
no_residual,0,188,1.0,0.0,1.0,0.0,0.0,0.0
no_residual,0,190,1.0,0.0,1.0,0.0,0.0,0.0
no_residual,0,192,1.0,0.0,1.0,0.0,0.0,0.0
no_residual,0,194,1.0,0.0,1.0,0.0,0.0,0.0
no_residual,0,196,1.0,0.0,1.0,0.0,0.0,0.0
no_residual,0,198,1.0,0.0,1.0,0.0,0.0,0.0
no_residual,0,200,1.0,0.0,1.0,0.0,0.0,0.0
no_residual,0,202,1.0,0.0,1.0,0.0,0.0,0.0
no_residual,0,204,1.0,0.0,1.0,0.0,0.0,0.0
no_residual,0,206,1.0,0.0,1.0,0.0,0.0,0.0
no_residual,0,208,1.0,0.0,1.0,0.0,0.0,0.0
no_residual,0,210,1.0,0.0,1.0,0.0,0.0,0.0
no_residual,0,212,1.0,0.0,1.0,0.0,0.0,0.0
no_residual,0,214,1.0,0.0,1.0,0.0,0.0,0.0
no_residual,0,216,1.0,0.0,1.0,0.0,0.0,0.0
no_residual,0,218,1.0,0.0,1.0,0.0,0.0,0.0
no_residual,0,220,1.0,0.0,1.0,0.0,0.0,0.0
no_residual,0,222,1.0,0.0,1.0,0.0,0.0,0.0
no_residual,0,224,1.0,0.0,1.0,0.0,0.0,0.0
no_residual,0,226,1.0,0.0,1.0,0.0,0.0,0.0
no_residual,0,228,1.0,0.0,1.0,0.0,0.0,0.0
no_residual,0,230,1.0,0.0,1.0,0.0,0.0,0.0
no_residual,0,232,1.0,0.0,1.0,0.0,0.0,0.0
no_residual,0,234,1.0,0.0,1.0,0.0,0.0,0.0
no_residual,0,236,1.0,0.0,1.0,0.0,0.0,0.0
no_residual,0,238,1.0,0.0,1.0,0.0,0.0,0.0
no_residual,0,240,1.0,0.0,1.0,0.0,0.0,0.0
no_residual,0,242,1.0,0.0,1.0,0.0,0.0,0.0
no_residual,0,244,1.0,0.0,1.0,0.0,0.0,0.0
no_residual,0,246,1.0,0.0,1.0,0.0,0.0,0.0
no_residual,0,248,1.0,0.0,1.0,0.0,0.0,0.0
no_residual,0,250,1.0,0.0,1.0,0.0,0.0,0.0
no_residual,0,252,1.0,0.0,1.0,0.0,0.0,0.0
no_residual,0,254,1.0,0.0,1.0,0.0,0.0,0.0
no_residual,0,256,1.0,0.0,1.0,0.0,0.0,0.0
no_residual,0,258,1.0,0.0,1.0,0.0,0.0,0.0
no_residual,0,260,1.0,0.0,1.0,0.0,0.0,0.0
no_residual,0,262,1.0,0.0,1.0,0.0,0.0,0.0
no_residual,0,264,1.0,0.0,1.0,0.0,0.0,0.0
no_residual,0,266,1.0,0.0,1.0,0.0,0.0,0.0
no_residual,0,268,1.0,0.0,1.0,0.0,0.0,0.0
no_residual,0,270,1.0,0.0,1.0,0.0,0.0,0.0
no_residual,0,272,1.0,0.0,1.0,0.0,0.0,0.0
no_residual,0,274,1.0,0.0,1.0,0.0,0.0,0.0
no_residual,0,276,1.0,0.0,1.0,0.0,0.0,0.0
no_residual,0,278,1.0,0.0,1.0,0.0,0.0,0.0
no_residual,0,280,1.0,0.0,1.0,0.0,0.0,0.0
no_residual,0,282,1.0,0.0,1.0,0.0,0.0,0.0
no_residual,0,284,1.0,0.0,1.0,0.0,0.0,0.0
no_residual,0,286,1.0,0.0,1.0,0.0,0.0,0.0
no_residual,0,288,1.0,0.0,1.0,0.0,0.0,0.0
no_residual,0,290,1.0,0.0,1.0,0.0,0.0,0.0
no_residual,0,292,1.0,0.0,1.0,0.0,0.0,0.0
no_residual,0,294,1.0,0.0,1.0,0.0,0.0,0.0
no_residual,0,296,1.0,0.0,1.0,0.0,0.0,0.0
no_residual,0,298,1.0,0.0,1.0,0.0,0.0,0.0
no_residual,1,100,0.0,0.0,0.84375,0.0,0.84375,0.0
no_residual,1,102,0.0,0.0,0.9861111111111112,0.0,0.9861111111111112,0.0
no_residual,1,104,0.0,0.0,0.9756944444444444,0.0,0.9756944444444444,0.0
no_residual,1,106,0.0,0.0,0.9826388888888888,0.0,0.9826388888888888,0.0
no_residual,1,108,0.8854166666666666,0.0,0.9861111111111112,0.0,0.0,0.10069444444444445
no_residual,1,110,0.9305555555555556,0.0,0.9930555555555556,0.0,0.0,0.0625
no_residual,1,112,0.9201388888888888,0.0,0.9965277777777778,0.0,0.0,0.0763888888888889
no_residual,1,114,0.9131944444444444,0.0,0.9965277777777778,0.0,0.0,0.08333333333333333
no_residual,1,116,0.9479166666666666,0.0,0.9965277777777778,0.0,0.0,0.04861111111111111
no_residual,1,118,0.9479166666666666,0.0,1.0,0.0,0.0,0.052083333333333336
no_residual,1,120,0.96875,0.0,0.9965277777777778,0.0,0.0,0.027777777777777776
no_residual,1,122,0.9479166666666666,0.0,1.0,0.0,0.0,0.052083333333333336
no_residual,1,124,0.9548611111111112,0.0,1.0,0.0,0.0,0.04513888888888889
no_residual,1,126,0.9270833333333334,0.0,0.9930555555555556,0.0,0.0,0.06597222222222222
no_residual,1,128,0.9340277777777778,0.0,1.0,0.0,0.0,0.06597222222222222
no_residual,1,130,0.9548611111111112,0.0,0.9930555555555556,0.0,0.0,0.03819444444444445
no_residual,1,132,0.9270833333333334,0.0,1.0,0.0,0.0,0.07291666666666667
no_residual,1,134,0.9131944444444444,0.0,1.0,0.0,0.0,0.08680555555555555
no_residual,1,136,0.9305555555555556,0.0,1.0,0.0,0.0,0.06944444444444445
no_residual,1,138,0.9236111111111112,0.0,1.0,0.0,0.0,0.0763888888888889
no_residual,1,140,0.9479166666666666,0.0,1.0,0.0,0.0,0.052083333333333336
no_residual,1,142,0.9409722222222222,0.0,1.0,0.0,0.0,0.059027777777777776
no_residual,1,144,0.9583333333333334,0.0,1.0,0.0,0.0,0.041666666666666664
no_residual,1,146,0.9618055555555556,0.0,1.0,0.0,0.0,0.03819444444444445
no_residual,1,148,0.9340277777777778,0.0,1.0,0.0,0.0,0.06597222222222222
no_residual,1,150,0.9479166666666666,0.0,1.0,0.0,0.0,0.052083333333333336
no_residual,1,152,0.9513888888888888,0.0,1.0,0.0,0.0,0.04861111111111111
no_residual,1,154,0.9409722222222222,0.0,0.9965277777777778,0.0,0.0,0.05555555555555555
no_residual,1,156,0.9722222222222222,0.0,1.0,0.0,0.0,0.027777777777777776
no_residual,1,158,0.9618055555555556,0.0,1.0,0.0,0.0,0.03819444444444445
no_residual,1,160,0.9861111111111112,0.0,1.0,0.0,0.0,0.013888888888888888
no_residual,1,162,0.9826388888888888,0.0,1.0,0.0,0.0,0.017361111111111112
no_residual,1,164,0.9895833333333334,0.0,1.0,0.0,0.0,0.010416666666666666
no_residual,1,166,0.9895833333333334,0.0,1.0,0.0,0.0,0.010416666666666666
no_residual,1,168,0.9826388888888888,0.0,1.0,0.0,0.0,0.017361111111111112
no_residual,1,170,0.9791666666666666,0.0,1.0,0.0,0.0,0.020833333333333332
no_residual,1,172,0.9861111111111112,0.0,1.0,0.0,0.0,0.013888888888888888
no_residual,1,174,0.9861111111111112,0.0,1.0,0.0,0.0,0.013888888888888888
no_residual,1,176,0.9895833333333334,0.0,1.0,0.0,0.0,0.010416666666666666
no_residual,1,178,0.9895833333333334,0.0,1.0,0.0,0.0,0.010416666666666666
no_residual,1,180,0.9861111111111112,0.0,1.0,0.0,0.0,0.013888888888888888
no_residual,1,182,0.9895833333333334,0.0,1.0,0.0,0.0,0.010416666666666666
no_residual,1,184,0.9826388888888888,0.0,1.0,0.0,0.0,0.017361111111111112
no_residual,1,186,1.0,0.0,1.0,0.0,0.0,0.0
no_residual,1,188,0.9965277777777778,0.0,1.0,0.0,0.0,0.003472222222222222
no_residual,1,190,0.9965277777777778,0.0,1.0,0.0,0.0,0.003472222222222222
no_residual,1,192,0.9930555555555556,0.0,1.0,0.0,0.0,0.006944444444444444
no_residual,1,194,0.9930555555555556,0.0,1.0,0.0,0.0,0.006944444444444444
no_residual,1,196,0.9930555555555556,0.0,1.0,0.0,0.0,0.006944444444444444
no_residual,1,198,1.0,0.0,1.0,0.0,0.0,0.0
no_residual,1,200,0.9930555555555556,0.0,1.0,0.0,0.0,0.006944444444444444
no_residual,1,202,0.9930555555555556,0.0,1.0,0.0,0.0,0.006944444444444444
no_residual,1,204,0.9861111111111112,0.0,1.0,0.0,0.0,0.013888888888888888
no_residual,1,206,1.0,0.0,1.0,0.0,0.0,0.0
no_residual,1,208,0.9930555555555556,0.0,1.0,0.0,0.0,0.006944444444444444
no_residual,1,210,0.9965277777777778,0.0,1.0,0.0,0.0,0.003472222222222222
no_residual,1,212,0.9965277777777778,0.0,1.0,0.0,0.0,0.003472222222222222
no_residual,1,214,0.9965277777777778,0.0,1.0,0.0,0.0,0.003472222222222222
no_residual,1,216,0.9965277777777778,0.0,1.0,0.0,0.0,0.003472222222222222
no_residual,1,218,0.9965277777777778,0.0,1.0,0.0,0.0,0.003472222222222222
no_residual,1,220,0.9965277777777778,0.0,1.0,0.0,0.0,0.003472222222222222
no_residual,1,222,1.0,0.0,1.0,0.0,0.0,0.0
no_residual,1,224,1.0,0.0,1.0,0.0,0.0,0.0
no_residual,1,226,1.0,0.0,1.0,0.0,0.0,0.0
no_residual,1,228,1.0,0.0,1.0,0.0,0.0,0.0
no_residual,1,230,1.0,0.0,1.0,0.0,0.0,0.0
no_residual,1,232,1.0,0.0,1.0,0.0,0.0,0.0
no_residual,1,234,1.0,0.0,1.0,0.0,0.0,0.0
no_residual,1,236,1.0,0.0,1.0,0.0,0.0,0.0
no_residual,1,238,1.0,0.0,1.0,0.0,0.0,0.0
no_residual,1,240,0.9965277777777778,0.0,1.0,0.0,0.0,0.003472222222222222
no_residual,1,242,0.9965277777777778,0.0,1.0,0.0,0.0,0.003472222222222222
no_residual,1,244,0.9965277777777778,0.0,1.0,0.0,0.0,0.003472222222222222
no_residual,1,246,1.0,0.0,1.0,0.0,0.0,0.0
no_residual,1,248,1.0,0.0,1.0,0.0,0.0,0.0
no_residual,1,250,1.0,0.0,1.0,0.0,0.0,0.0
no_residual,1,252,1.0,0.0,1.0,0.0,0.0,0.0
no_residual,1,254,1.0,0.0,1.0,0.0,0.0,0.0
no_residual,1,256,0.9965277777777778,0.0,1.0,0.0,0.0,0.003472222222222222
no_residual,1,258,1.0,0.0,1.0,0.0,0.0,0.0
no_residual,1,260,1.0,0.0,1.0,0.0,0.0,0.0
no_residual,1,262,1.0,0.0,1.0,0.0,0.0,0.0
no_residual,1,264,1.0,0.0,1.0,0.0,0.0,0.0
no_residual,1,266,1.0,0.0,1.0,0.0,0.0,0.0
no_residual,1,268,1.0,0.0,1.0,0.0,0.0,0.0
no_residual,1,270,1.0,0.0,1.0,0.0,0.0,0.0
no_residual,1,272,1.0,0.0,1.0,0.0,0.0,0.0
no_residual,1,274,1.0,0.0,1.0,0.0,0.0,0.0
no_residual,1,276,1.0,0.0,1.0,0.0,0.0,0.0
no_residual,1,278,1.0,0.0,1.0,0.0,0.0,0.0
no_residual,1,280,1.0,0.0,1.0,0.0,0.0,0.0
no_residual,1,282,1.0,0.0,1.0,0.0,0.0,0.0
no_residual,1,284,1.0,0.0,1.0,0.0,0.0,0.0
no_residual,1,286,1.0,0.0,1.0,0.0,0.0,0.0
no_residual,1,288,1.0,0.0,1.0,0.0,0.0,0.0
no_residual,1,290,1.0,0.0,1.0,0.0,0.0,0.0
no_residual,1,292,1.0,0.0,1.0,0.0,0.0,0.0
no_residual,1,294,1.0,0.0,1.0,0.0,0.0,0.0
no_residual,1,296,1.0,0.0,1.0,0.0,0.0,0.0
no_residual,1,298,1.0,0.0,1.0,0.0,0.0,0.0
no_residual,2,100,0.0,0.0,0.6388888888888888,0.0,0.6388888888888888,0.0
no_residual,2,102,0.0,0.0,0.8333333333333334,0.0,0.8333333333333334,0.0
no_residual,2,104,0.0,0.0,0.8194444444444444,0.0,0.8194444444444444,0.0
no_residual,2,106,0.0,0.0,0.7986111111111112,0.0,0.7986111111111112,0.0
no_residual,2,108,0.6041666666666666,0.0,0.8020833333333334,0.0,0.0,0.19791666666666666
no_residual,2,110,0.5798611111111112,0.0,0.8125,0.0,0.0,0.2326388888888889
no_residual,2,112,0.53125,0.0,0.8159722222222222,0.0,0.0,0.2847222222222222
no_residual,2,114,0.5173611111111112,0.0,0.8055555555555556,0.0,0.0,0.2881944444444444
no_residual,2,116,0.5694444444444444,0.0,0.8263888888888888,0.0,0.0,0.2569444444444444
no_residual,2,118,0.4930555555555556,0.0,0.8055555555555556,0.0,0.0,0.3125
no_residual,2,120,0.5069444444444444,0.0,0.7743055555555556,0.0,0.0,0.2673611111111111
no_residual,2,122,0.5104166666666666,0.0,0.8298611111111112,0.0,0.0,0.3194444444444444
no_residual,2,124,0.4756944444444444,0.0,0.7881944444444444,0.0,0.0,0.3125
no_residual,2,126,0.4756944444444444,0.0,0.8090277777777778,0.0,0.0,0.3333333333333333
no_residual,2,128,0.4722222222222222,0.0,0.8055555555555556,0.0,0.0,0.3333333333333333
no_residual,2,130,0.4340277777777778,0.0,0.7847222222222222,0.0,0.0,0.3506944444444444
no_residual,2,132,0.4756944444444444,0.0,0.8159722222222222,0.0,0.0,0.3402777777777778
no_residual,2,134,0.4756944444444444,0.0,0.8125,0.0,0.0,0.3368055555555556
no_residual,2,136,0.5069444444444444,0.0,0.7986111111111112,0.0,0.0,0.2916666666666667
no_residual,2,138,0.4548611111111111,0.0,0.7847222222222222,0.0,0.0,0.3298611111111111
no_residual,2,140,0.40625,0.0,0.7777777777777778,0.0,0.0,0.3715277777777778
no_residual,2,142,0.3993055555555556,0.0,0.78125,0.0,0.0,0.3819444444444444
no_residual,2,144,0.4652777777777778,0.0,0.8055555555555556,0.0,0.0,0.3402777777777778
no_residual,2,146,0.4826388888888889,0.0,0.8298611111111112,0.0,0.0,0.3472222222222222
no_residual,2,148,0.4201388888888889,0.0,0.7847222222222222,0.0,0.0,0.3645833333333333
no_residual,2,150,0.4409722222222222,0.0,0.7708333333333334,0.0,0.0,0.3298611111111111
no_residual,2,152,0.4236111111111111,0.0,0.7951388888888888,0.0,0.0,0.3715277777777778
no_residual,2,154,0.3715277777777778,0.0,0.7847222222222222,0.0,0.0,0.4131944444444444
no_residual,2,156,0.4444444444444444,0.0,0.7986111111111112,0.0,0.0,0.3541666666666667
no_residual,2,158,0.3888888888888889,0.0,0.7638888888888888,0.0,0.0,0.375
no_residual,2,160,0.3472222222222222,0.0,0.7777777777777778,0.0,0.0,0.4305555555555556
no_residual,2,162,0.3472222222222222,0.0,0.7222222222222222,0.0,0.0,0.375
no_residual,2,164,0.3402777777777778,0.0,0.7638888888888888,0.0,0.0,0.4236111111111111
no_residual,2,166,0.3055555555555556,0.0,0.7847222222222222,0.0,0.0,0.4791666666666667
no_residual,2,168,0.3298611111111111,0.0,0.8298611111111112,0.0,0.0,0.5
no_residual,2,170,0.2986111111111111,0.0,0.7743055555555556,0.0,0.0,0.4756944444444444
no_residual,2,172,0.3298611111111111,0.0,0.7986111111111112,0.0,0.0,0.46875
no_residual,2,174,0.3194444444444444,0.0,0.7777777777777778,0.0,0.0,0.4583333333333333
no_residual,2,176,0.3090277777777778,0.0,0.8125,0.0,0.0,0.5034722222222222
no_residual,2,178,0.3541666666666667,0.0,0.8506944444444444,0.0,0.0,0.4965277777777778
no_residual,2,180,0.3263888888888889,0.0,0.8298611111111112,0.0,0.0,0.5034722222222222
no_residual,2,182,0.3298611111111111,0.0,0.8784722222222222,0.0,0.0,0.5486111111111112
no_residual,2,184,0.3472222222222222,0.0,0.8402777777777778,0.0,0.0,0.4930555555555556
no_residual,2,186,0.3333333333333333,0.0,0.8576388888888888,0.0,0.0,0.5243055555555556
no_residual,2,188,0.4375,0.0,0.8958333333333334,0.0,0.0,0.4583333333333333
no_residual,2,190,0.4409722222222222,0.0,0.8888888888888888,0.0,0.0,0.4479166666666667
no_residual,2,192,0.4375,0.0,0.8854166666666666,0.0,0.0,0.4479166666666667
no_residual,2,194,0.4930555555555556,0.0,0.9131944444444444,0.0,0.0,0.4201388888888889
no_residual,2,196,0.4791666666666667,0.0,0.9201388888888888,0.0,0.0,0.4409722222222222
no_residual,2,198,0.5069444444444444,0.0,0.9131944444444444,0.0,0.0,0.40625
no_residual,2,200,0.5243055555555556,0.0,0.9340277777777778,0.0,0.0,0.4097222222222222
no_residual,2,202,0.5555555555555556,0.0,0.9305555555555556,0.0,0.0,0.375
no_residual,2,204,0.5520833333333334,0.0,0.9375,0.0,0.0,0.3854166666666667
no_residual,2,206,0.5590277777777778,0.0,0.9618055555555556,0.0,0.0,0.4027777777777778
no_residual,2,208,0.6180555555555556,0.0,0.9756944444444444,0.0,0.0,0.3576388888888889
no_residual,2,210,0.6736111111111112,0.0,0.9791666666666666,0.0,0.0,0.3055555555555556
no_residual,2,212,0.6979166666666666,0.0,0.9791666666666666,0.0,0.0,0.28125
no_residual,2,214,0.6805555555555556,0.0,0.9756944444444444,0.0,0.0,0.2951388888888889
no_residual,2,216,0.6631944444444444,0.0,0.9861111111111112,0.0,0.0,0.3229166666666667
no_residual,2,218,0.7222222222222222,0.0,0.9930555555555556,0.0,0.0,0.2708333333333333
no_residual,2,220,0.75,0.0,0.9930555555555556,0.0,0.0,0.24305555555555555
no_residual,2,222,0.7291666666666666,0.0,0.9895833333333334,0.0,0.0,0.2604166666666667
no_residual,2,224,0.7708333333333334,0.0,0.9965277777777778,0.0,0.0,0.22569444444444445
no_residual,2,226,0.7743055555555556,0.0,0.9861111111111112,0.0,0.0,0.21180555555555555
no_residual,2,228,0.7847222222222222,0.0,1.0,0.0,0.0,0.2152777777777778
no_residual,2,230,0.8020833333333334,0.0,1.0,0.0,0.0,0.19791666666666666
no_residual,2,232,0.8472222222222222,0.0,0.9895833333333334,0.0,0.0,0.1423611111111111
no_residual,2,234,0.8645833333333334,0.0,0.9965277777777778,0.0,0.0,0.13194444444444445
no_residual,2,236,0.8541666666666666,0.0,0.9965277777777778,0.0,0.0,0.1423611111111111
no_residual,2,238,0.8402777777777778,0.0,1.0,0.0,0.0,0.1597222222222222
no_residual,2,240,0.8819444444444444,0.0,1.0,0.0,0.0,0.11805555555555555
no_residual,2,242,0.8645833333333334,0.0,1.0,0.0,0.0,0.13541666666666666
no_residual,2,244,0.9027777777777778,0.0,0.9965277777777778,0.0,0.0,0.09375
no_residual,2,246,0.8819444444444444,0.0,1.0,0.0,0.0,0.11805555555555555
no_residual,2,248,0.9027777777777778,0.0,1.0,0.0,0.0,0.09722222222222222
no_residual,2,250,0.9166666666666666,0.0,1.0,0.0,0.0,0.08333333333333333
no_residual,2,252,0.9513888888888888,0.0,1.0,0.0,0.0,0.04861111111111111
no_residual,2,254,0.9131944444444444,0.0,0.9965277777777778,0.0,0.0,0.08333333333333333
no_residual,2,256,0.9097222222222222,0.0,1.0,0.0,0.0,0.09027777777777778
no_residual,2,258,0.9965277777777778,0.0,1.0,0.0,0.0,0.003472222222222222
no_residual,2,260,0.9965277777777778,0.0,1.0,0.0,0.0,0.003472222222222222
no_residual,2,262,0.9930555555555556,0.0,0.9930555555555556,0.0,0.0,0.0
no_residual,2,264,0.9965277777777778,0.0,0.9965277777777778,0.0,0.0,0.0
no_residual,2,266,0.9965277777777778,0.0,1.0,0.0,0.0,0.003472222222222222
no_residual,2,268,0.9965277777777778,0.0,1.0,0.0,0.0,0.003472222222222222
no_residual,2,270,0.9965277777777778,0.0,1.0,0.0,0.0,0.003472222222222222
no_residual,2,272,0.9965277777777778,0.0,0.9965277777777778,0.0,0.0,0.0
no_residual,2,274,0.9965277777777778,0.0,1.0,0.0,0.0,0.003472222222222222
no_residual,2,276,0.9965277777777778,0.0,1.0,0.0,0.0,0.003472222222222222
no_residual,2,278,0.9965277777777778,0.0,0.9965277777777778,0.0,0.0,0.0
no_residual,2,280,0.9965277777777778,0.0,1.0,0.0,0.0,0.003472222222222222
no_residual,2,282,0.9965277777777778,0.0,1.0,0.0,0.0,0.003472222222222222
no_residual,2,284,0.9965277777777778,0.0,0.9965277777777778,0.0,0.0,0.0
no_residual,2,286,0.9965277777777778,0.0,1.0,0.0,0.0,0.003472222222222222
no_residual,2,288,0.9965277777777778,0.0,1.0,0.0,0.0,0.003472222222222222
no_residual,2,290,0.9965277777777778,0.0,1.0,0.0,0.0,0.003472222222222222
no_residual,2,292,0.9930555555555556,0.0,1.0,0.0,0.0,0.006944444444444444
no_residual,2,294,0.9965277777777778,0.0,1.0,0.0,0.0,0.003472222222222222
no_residual,2,296,0.9965277777777778,0.0,1.0,0.0,0.0,0.003472222222222222
no_residual,2,298,0.9965277777777778,0.0,1.0,0.0,0.0,0.003472222222222222
score_only,0,100,0.6666666666666666,0.013888888888888888,0.6666666666666666,0.0,0.0,0.0
score_only,0,102,0.9166666666666666,0.052083333333333336,0.9166666666666666,0.0,0.0,0.0
score_only,0,104,0.9583333333333334,0.017361111111111112,0.9583333333333334,0.0,0.0,0.0
score_only,0,106,0.9722222222222222,0.04861111111111111,0.9722222222222222,0.0,0.0,0.0
score_only,0,108,0.9756944444444444,0.0625,0.9756944444444444,0.0,0.0,0.0
score_only,0,110,0.9930555555555556,0.059027777777777776,0.9930555555555556,0.0,0.0,0.0
score_only,0,112,0.9861111111111112,0.03125,0.9861111111111112,0.0,0.0,0.0
score_only,0,114,0.9861111111111112,0.0625,0.9861111111111112,0.0,0.0,0.0
score_only,0,116,0.9965277777777778,0.04513888888888889,0.9965277777777778,0.0,0.0,0.0
score_only,0,118,0.9895833333333334,0.05555555555555555,0.9895833333333334,0.0,0.0,0.0
score_only,0,120,0.9930555555555556,0.06597222222222222,0.9930555555555556,0.0,0.0,0.0
score_only,0,122,0.9965277777777778,0.03125,0.9965277777777778,0.0,0.0,0.0
score_only,0,124,0.9930555555555556,0.05555555555555555,0.9930555555555556,0.0,0.0,0.0
score_only,0,126,0.9965277777777778,0.04513888888888889,0.9965277777777778,0.0,0.0,0.0
score_only,0,128,1.0,0.03819444444444445,1.0,0.0,0.0,0.0
score_only,0,130,1.0,0.03125,1.0,0.0,0.0,0.0
score_only,0,132,1.0,0.04513888888888889,1.0,0.0,0.0,0.0
score_only,0,134,1.0,0.07291666666666667,1.0,0.0,0.0,0.0
score_only,0,136,1.0,0.052083333333333336,1.0,0.0,0.0,0.0
score_only,0,138,1.0,0.05555555555555555,1.0,0.0,0.0,0.0
score_only,0,140,1.0,0.052083333333333336,1.0,0.0,0.0,0.0
score_only,0,142,1.0,0.041666666666666664,1.0,0.0,0.0,0.0
score_only,0,144,1.0,0.04513888888888889,1.0,0.0,0.0,0.0
score_only,0,146,1.0,0.034722222222222224,1.0,0.0,0.0,0.0
score_only,0,148,1.0,0.059027777777777776,1.0,0.0,0.0,0.0
score_only,0,150,1.0,0.06944444444444445,1.0,0.0,0.0,0.0
score_only,0,152,1.0,0.052083333333333336,1.0,0.0,0.0,0.0
score_only,0,154,1.0,0.052083333333333336,1.0,0.0,0.0,0.0
score_only,0,156,1.0,0.05555555555555555,1.0,0.0,0.0,0.0
score_only,0,158,1.0,0.04861111111111111,1.0,0.0,0.0,0.0
score_only,0,160,1.0,0.06944444444444445,1.0,0.0,0.0,0.0
score_only,0,162,1.0,0.052083333333333336,1.0,0.0,0.0,0.0
score_only,0,164,1.0,0.07291666666666667,1.0,0.0,0.0,0.0
score_only,0,166,1.0,0.059027777777777776,1.0,0.0,0.0,0.0
score_only,0,168,1.0,0.04861111111111111,1.0,0.0,0.0,0.0
score_only,0,170,1.0,0.07291666666666667,1.0,0.0,0.0,0.0
score_only,0,172,1.0,0.06597222222222222,1.0,0.0,0.0,0.0
score_only,0,174,1.0,0.06944444444444445,1.0,0.0,0.0,0.0
score_only,0,176,1.0,0.09027777777777778,1.0,0.0,0.0,0.0
score_only,0,178,1.0,0.06944444444444445,1.0,0.0,0.0,0.0
score_only,0,180,1.0,0.07291666666666667,1.0,0.0,0.0,0.0
score_only,0,182,1.0,0.10416666666666667,1.0,0.0,0.0,0.0
score_only,0,184,1.0,0.09375,1.0,0.0,0.0,0.0
score_only,0,186,1.0,0.0763888888888889,1.0,0.0,0.0,0.0
score_only,0,188,1.0,0.08333333333333333,1.0,0.0,0.0,0.0
score_only,0,190,1.0,0.0763888888888889,1.0,0.0,0.0,0.0
score_only,0,192,1.0,0.10416666666666667,1.0,0.0,0.0,0.0
score_only,0,194,1.0,0.11458333333333333,1.0,0.0,0.0,0.0
score_only,0,196,1.0,0.1111111111111111,1.0,0.0,0.0,0.0
score_only,0,198,1.0,0.09027777777777778,1.0,0.0,0.0,0.0
score_only,0,200,1.0,0.10416666666666667,1.0,0.0,0.0,0.0
score_only,0,202,1.0,0.1423611111111111,1.0,0.0,0.0,0.0
score_only,0,204,1.0,0.1388888888888889,1.0,0.0,0.0,0.0
score_only,0,206,1.0,0.11458333333333333,1.0,0.0,0.0,0.0
score_only,0,208,1.0,0.11805555555555555,1.0,0.0,0.0,0.0
score_only,0,210,1.0,0.19444444444444445,1.0,0.0,0.0,0.0
score_only,0,212,1.0,0.1736111111111111,1.0,0.0,0.0,0.0
score_only,0,214,1.0,0.1111111111111111,1.0,0.0,0.0,0.0
score_only,0,216,1.0,0.1527777777777778,1.0,0.0,0.0,0.0
score_only,0,218,1.0,0.14930555555555555,1.0,0.0,0.0,0.0
score_only,0,220,1.0,0.1736111111111111,1.0,0.0,0.0,0.0
score_only,0,222,1.0,0.17708333333333334,1.0,0.0,0.0,0.0
score_only,0,224,1.0,0.18055555555555555,1.0,0.0,0.0,0.0
score_only,0,226,1.0,0.18055555555555555,1.0,0.0,0.0,0.0
score_only,0,228,1.0,0.17708333333333334,1.0,0.0,0.0,0.0
score_only,0,230,1.0,0.1597222222222222,1.0,0.0,0.0,0.0
score_only,0,232,1.0,0.2152777777777778,1.0,0.0,0.0,0.0
score_only,0,234,1.0,0.17708333333333334,1.0,0.0,0.0,0.0
score_only,0,236,1.0,0.1875,1.0,0.0,0.0,0.0
score_only,0,238,1.0,0.16666666666666666,1.0,0.0,0.0,0.0
score_only,0,240,1.0,0.1840277777777778,1.0,0.0,0.0,0.0
score_only,0,242,1.0,0.14583333333333334,1.0,0.0,0.0,0.0
score_only,0,244,1.0,0.2013888888888889,1.0,0.0,0.0,0.0
score_only,0,246,1.0,0.14583333333333334,1.0,0.0,0.0,0.0
score_only,0,248,1.0,0.18055555555555555,1.0,0.0,0.0,0.0
score_only,0,250,1.0,0.125,1.0,0.0,0.0,0.0
score_only,0,252,1.0,0.18055555555555555,1.0,0.0,0.0,0.0
score_only,0,254,1.0,0.11458333333333333,1.0,0.0,0.0,0.0
score_only,0,256,1.0,0.12152777777777778,1.0,0.0,0.0,0.0
score_only,0,258,1.0,0.10416666666666667,1.0,0.0,0.0,0.0
score_only,0,260,1.0,0.1076388888888889,1.0,0.0,0.0,0.0
score_only,0,262,1.0,0.05555555555555555,1.0,0.0,0.0,0.0
score_only,0,264,1.0,0.059027777777777776,1.0,0.0,0.0,0.0
score_only,0,266,1.0,0.041666666666666664,1.0,0.0,0.0,0.0
score_only,0,268,1.0,0.05555555555555555,1.0,0.0,0.0,0.0
score_only,0,270,1.0,0.06944444444444445,1.0,0.0,0.0,0.0
score_only,0,272,1.0,0.0625,1.0,0.0,0.0,0.0
score_only,0,274,1.0,0.05555555555555555,1.0,0.0,0.0,0.0
score_only,0,276,1.0,0.034722222222222224,1.0,0.0,0.0,0.0
score_only,0,278,1.0,0.024305555555555556,1.0,0.0,0.0,0.0
score_only,0,280,1.0,0.034722222222222224,1.0,0.0,0.0,0.0
score_only,0,282,1.0,0.027777777777777776,1.0,0.0,0.0,0.0
score_only,0,284,1.0,0.024305555555555556,1.0,0.0,0.0,0.0
score_only,0,286,1.0,0.010416666666666666,1.0,0.0,0.0,0.0
score_only,0,288,1.0,0.024305555555555556,1.0,0.0,0.0,0.0
score_only,0,290,1.0,0.03125,1.0,0.0,0.0,0.0
score_only,0,292,1.0,0.05555555555555555,1.0,0.0,0.0,0.0
score_only,0,294,1.0,0.024305555555555556,1.0,0.0,0.0,0.0
score_only,0,296,1.0,0.034722222222222224,1.0,0.0,0.0,0.0
score_only,0,298,1.0,0.020833333333333332,1.0,0.0,0.0,0.0
score_only,1,100,0.8472222222222222,0.013888888888888888,0.8472222222222222,0.0,0.0,0.0
score_only,1,102,0.9965277777777778,0.03125,0.9965277777777778,0.0,0.0,0.0
score_only,1,104,0.9861111111111112,0.041666666666666664,0.9861111111111112,0.0,0.0,0.0
score_only,1,106,0.9895833333333334,0.041666666666666664,0.9895833333333334,0.0,0.0,0.0
score_only,1,108,0.9930555555555556,0.03819444444444445,0.9930555555555556,0.0,0.0,0.0
score_only,1,110,1.0,0.027777777777777776,1.0,0.0,0.0,0.0
score_only,1,112,0.9965277777777778,0.034722222222222224,0.9965277777777778,0.0,0.0,0.0
score_only,1,114,1.0,0.052083333333333336,1.0,0.0,0.0,0.0
score_only,1,116,1.0,0.03125,1.0,0.0,0.0,0.0
score_only,1,118,1.0,0.04513888888888889,1.0,0.0,0.0,0.0
score_only,1,120,0.9965277777777778,0.03819444444444445,0.9965277777777778,0.0,0.0,0.0
score_only,1,122,1.0,0.041666666666666664,1.0,0.0,0.0,0.0
score_only,1,124,1.0,0.0625,1.0,0.0,0.0,0.0
score_only,1,126,1.0,0.04861111111111111,1.0,0.0,0.0,0.0
score_only,1,128,1.0,0.041666666666666664,1.0,0.0,0.0,0.0
score_only,1,130,1.0,0.04513888888888889,1.0,0.0,0.0,0.0
score_only,1,132,1.0,0.034722222222222224,1.0,0.0,0.0,0.0
score_only,1,134,1.0,0.034722222222222224,1.0,0.0,0.0,0.0
score_only,1,136,1.0,0.059027777777777776,1.0,0.0,0.0,0.0
score_only,1,138,1.0,0.06597222222222222,1.0,0.0,0.0,0.0
score_only,1,140,1.0,0.0625,1.0,0.0,0.0,0.0
score_only,1,142,1.0,0.03819444444444445,1.0,0.0,0.0,0.0
score_only,1,144,1.0,0.04513888888888889,1.0,0.0,0.0,0.0
score_only,1,146,1.0,0.06597222222222222,1.0,0.0,0.0,0.0
score_only,1,148,1.0,0.059027777777777776,1.0,0.0,0.0,0.0
score_only,1,150,1.0,0.052083333333333336,1.0,0.0,0.0,0.0
score_only,1,152,1.0,0.07291666666666667,1.0,0.0,0.0,0.0
score_only,1,154,0.9965277777777778,0.08333333333333333,0.9965277777777778,0.0,0.0,0.0
score_only,1,156,1.0,0.06597222222222222,1.0,0.0,0.0,0.0
score_only,1,158,1.0,0.06597222222222222,1.0,0.0,0.0,0.0
score_only,1,160,1.0,0.0763888888888889,1.0,0.0,0.0,0.0
score_only,1,162,1.0,0.04861111111111111,1.0,0.0,0.0,0.0
score_only,1,164,1.0,0.04861111111111111,1.0,0.0,0.0,0.0
score_only,1,166,1.0,0.08680555555555555,1.0,0.0,0.0,0.0
score_only,1,168,1.0,0.10416666666666667,1.0,0.0,0.0,0.0
score_only,1,170,1.0,0.0625,1.0,0.0,0.0,0.0
score_only,1,172,1.0,0.09375,1.0,0.0,0.0,0.0
score_only,1,174,1.0,0.07291666666666667,1.0,0.0,0.0,0.0
score_only,1,176,1.0,0.059027777777777776,1.0,0.0,0.0,0.0
score_only,1,178,1.0,0.09375,1.0,0.0,0.0,0.0
score_only,1,180,1.0,0.10069444444444445,1.0,0.0,0.0,0.0
score_only,1,182,1.0,0.0763888888888889,1.0,0.0,0.0,0.0
score_only,1,184,1.0,0.09027777777777778,1.0,0.0,0.0,0.0
score_only,1,186,1.0,0.1076388888888889,1.0,0.0,0.0,0.0
score_only,1,188,1.0,0.0763888888888889,1.0,0.0,0.0,0.0
score_only,1,190,1.0,0.09722222222222222,1.0,0.0,0.0,0.0
score_only,1,192,1.0,0.0625,1.0,0.0,0.0,0.0
score_only,1,194,1.0,0.11458333333333333,1.0,0.0,0.0,0.0
score_only,1,196,1.0,0.1076388888888889,1.0,0.0,0.0,0.0
score_only,1,198,1.0,0.14583333333333334,1.0,0.0,0.0,0.0
score_only,1,200,1.0,0.1111111111111111,1.0,0.0,0.0,0.0
score_only,1,202,1.0,0.11805555555555555,1.0,0.0,0.0,0.0
score_only,1,204,1.0,0.12152777777777778,1.0,0.0,0.0,0.0
score_only,1,206,1.0,0.1076388888888889,1.0,0.0,0.0,0.0
score_only,1,208,1.0,0.14930555555555555,1.0,0.0,0.0,0.0
score_only,1,210,1.0,0.12152777777777778,1.0,0.0,0.0,0.0
score_only,1,212,1.0,0.13194444444444445,1.0,0.0,0.0,0.0
score_only,1,214,1.0,0.1423611111111111,1.0,0.0,0.0,0.0
score_only,1,216,1.0,0.1284722222222222,1.0,0.0,0.0,0.0
score_only,1,218,1.0,0.17708333333333334,1.0,0.0,0.0,0.0
score_only,1,220,1.0,0.12152777777777778,1.0,0.0,0.0,0.0
score_only,1,222,1.0,0.1284722222222222,1.0,0.0,0.0,0.0
score_only,1,224,1.0,0.1527777777777778,1.0,0.0,0.0,0.0
score_only,1,226,1.0,0.17708333333333334,1.0,0.0,0.0,0.0
score_only,1,228,1.0,0.16319444444444445,1.0,0.0,0.0,0.0
score_only,1,230,1.0,0.14930555555555555,1.0,0.0,0.0,0.0
score_only,1,232,1.0,0.1423611111111111,1.0,0.0,0.0,0.0
score_only,1,234,1.0,0.2013888888888889,1.0,0.0,0.0,0.0
score_only,1,236,1.0,0.1840277777777778,1.0,0.0,0.0,0.0
score_only,1,238,1.0,0.1736111111111111,1.0,0.0,0.0,0.0
score_only,1,240,1.0,0.1701388888888889,1.0,0.0,0.0,0.0
score_only,1,242,1.0,0.1527777777777778,1.0,0.0,0.0,0.0
score_only,1,244,1.0,0.14583333333333334,1.0,0.0,0.0,0.0
score_only,1,246,1.0,0.18055555555555555,1.0,0.0,0.0,0.0
score_only,1,248,1.0,0.1388888888888889,1.0,0.0,0.0,0.0
score_only,1,250,1.0,0.16319444444444445,1.0,0.0,0.0,0.0
score_only,1,252,1.0,0.18055555555555555,1.0,0.0,0.0,0.0
score_only,1,254,1.0,0.14930555555555555,1.0,0.0,0.0,0.0
score_only,1,256,1.0,0.1076388888888889,1.0,0.0,0.0,0.0
score_only,1,258,1.0,0.09722222222222222,1.0,0.0,0.0,0.0
score_only,1,260,1.0,0.11805555555555555,1.0,0.0,0.0,0.0
score_only,1,262,1.0,0.09722222222222222,1.0,0.0,0.0,0.0
score_only,1,264,1.0,0.06944444444444445,1.0,0.0,0.0,0.0
score_only,1,266,1.0,0.052083333333333336,1.0,0.0,0.0,0.0
score_only,1,268,1.0,0.052083333333333336,1.0,0.0,0.0,0.0
score_only,1,270,1.0,0.04861111111111111,1.0,0.0,0.0,0.0
score_only,1,272,1.0,0.017361111111111112,1.0,0.0,0.0,0.0
score_only,1,274,1.0,0.059027777777777776,1.0,0.0,0.0,0.0
score_only,1,276,1.0,0.07291666666666667,1.0,0.0,0.0,0.0
score_only,1,278,1.0,0.020833333333333332,1.0,0.0,0.0,0.0
score_only,1,280,1.0,0.03819444444444445,1.0,0.0,0.0,0.0
score_only,1,282,1.0,0.013888888888888888,1.0,0.0,0.0,0.0
score_only,1,284,1.0,0.03125,1.0,0.0,0.0,0.0
score_only,1,286,1.0,0.003472222222222222,1.0,0.0,0.0,0.0
score_only,1,288,1.0,0.059027777777777776,1.0,0.0,0.0,0.0
score_only,1,290,1.0,0.034722222222222224,1.0,0.0,0.0,0.0
score_only,1,292,1.0,0.03125,1.0,0.0,0.0,0.0
score_only,1,294,1.0,0.027777777777777776,1.0,0.0,0.0,0.0
score_only,1,296,1.0,0.03819444444444445,1.0,0.0,0.0,0.0
score_only,1,298,1.0,0.04861111111111111,1.0,0.0,0.0,0.0
score_only,2,100,0.6493055555555556,0.017361111111111112,0.6493055555555556,0.0,0.0,0.0
score_only,2,102,0.8472222222222222,0.020833333333333332,0.8472222222222222,0.0,0.0,0.0
score_only,2,104,0.8645833333333334,0.041666666666666664,0.8645833333333334,0.0,0.0,0.0
score_only,2,106,0.84375,0.04513888888888889,0.84375,0.0,0.0,0.0
score_only,2,108,0.8402777777777778,0.04861111111111111,0.8402777777777778,0.0,0.0,0.0
score_only,2,110,0.7916666666666666,0.04861111111111111,0.7916666666666666,0.0,0.0,0.0
score_only,2,112,0.84375,0.017361111111111112,0.84375,0.0,0.0,0.0
score_only,2,114,0.8229166666666666,0.041666666666666664,0.8229166666666666,0.0,0.0,0.0
score_only,2,116,0.7916666666666666,0.03125,0.7916666666666666,0.0,0.0,0.0
score_only,2,118,0.8125,0.052083333333333336,0.8125,0.0,0.0,0.0
score_only,2,120,0.8090277777777778,0.04861111111111111,0.8090277777777778,0.0,0.0,0.0
score_only,2,122,0.8263888888888888,0.04861111111111111,0.8263888888888888,0.0,0.0,0.0
score_only,2,124,0.8020833333333334,0.0625,0.8020833333333334,0.0,0.0,0.0
score_only,2,126,0.7986111111111112,0.052083333333333336,0.7986111111111112,0.0,0.0,0.0
score_only,2,128,0.7881944444444444,0.03819444444444445,0.7881944444444444,0.0,0.0,0.0
score_only,2,130,0.8159722222222222,0.05555555555555555,0.8159722222222222,0.0,0.0,0.0
score_only,2,132,0.8159722222222222,0.027777777777777776,0.8159722222222222,0.0,0.0,0.0
score_only,2,134,0.8263888888888888,0.04861111111111111,0.8263888888888888,0.0,0.0,0.0
score_only,2,136,0.7534722222222222,0.052083333333333336,0.7534722222222222,0.0,0.0,0.0
score_only,2,138,0.78125,0.04513888888888889,0.78125,0.0,0.0,0.0
score_only,2,140,0.8125,0.04513888888888889,0.8125,0.0,0.0,0.0
score_only,2,142,0.7604166666666666,0.04861111111111111,0.7604166666666666,0.0,0.0,0.0
score_only,2,144,0.7638888888888888,0.059027777777777776,0.7638888888888888,0.0,0.0,0.0
score_only,2,146,0.8159722222222222,0.03819444444444445,0.8159722222222222,0.0,0.0,0.0
score_only,2,148,0.78125,0.059027777777777776,0.78125,0.0,0.0,0.0
score_only,2,150,0.8368055555555556,0.04513888888888889,0.8368055555555556,0.0,0.0,0.0
score_only,2,152,0.7638888888888888,0.041666666666666664,0.7638888888888888,0.0,0.0,0.0
score_only,2,154,0.8159722222222222,0.04861111111111111,0.8159722222222222,0.0,0.0,0.0
score_only,2,156,0.7881944444444444,0.05555555555555555,0.7881944444444444,0.0,0.0,0.0
score_only,2,158,0.7743055555555556,0.034722222222222224,0.7743055555555556,0.0,0.0,0.0
score_only,2,160,0.7986111111111112,0.0763888888888889,0.7986111111111112,0.0,0.0,0.0
score_only,2,162,0.7708333333333334,0.0763888888888889,0.7708333333333334,0.0,0.0,0.0
score_only,2,164,0.7916666666666666,0.059027777777777776,0.7916666666666666,0.0,0.0,0.0
score_only,2,166,0.78125,0.052083333333333336,0.78125,0.0,0.0,0.0
score_only,2,168,0.8125,0.05555555555555555,0.8125,0.0,0.0,0.0
score_only,2,170,0.7430555555555556,0.06597222222222222,0.7430555555555556,0.0,0.0,0.0
score_only,2,172,0.7916666666666666,0.06597222222222222,0.7916666666666666,0.0,0.0,0.0
score_only,2,174,0.8125,0.052083333333333336,0.8125,0.0,0.0,0.0
score_only,2,176,0.8194444444444444,0.0798611111111111,0.8194444444444444,0.0,0.0,0.0
score_only,2,178,0.8090277777777778,0.0625,0.8090277777777778,0.0,0.0,0.0
score_only,2,180,0.8020833333333334,0.059027777777777776,0.8020833333333334,0.0,0.0,0.0
score_only,2,182,0.8472222222222222,0.0798611111111111,0.8472222222222222,0.0,0.0,0.0
score_only,2,184,0.8715277777777778,0.06944444444444445,0.8715277777777778,0.0,0.0,0.0
score_only,2,186,0.8611111111111112,0.08333333333333333,0.8611111111111112,0.0,0.0,0.0
score_only,2,188,0.8888888888888888,0.09027777777777778,0.8888888888888888,0.0,0.0,0.0
score_only,2,190,0.8715277777777778,0.06944444444444445,0.8715277777777778,0.0,0.0,0.0
score_only,2,192,0.9097222222222222,0.10069444444444445,0.9097222222222222,0.0,0.0,0.0
score_only,2,194,0.8784722222222222,0.10416666666666667,0.8784722222222222,0.0,0.0,0.0
score_only,2,196,0.9131944444444444,0.1076388888888889,0.9131944444444444,0.0,0.0,0.0
score_only,2,198,0.9444444444444444,0.1388888888888889,0.9444444444444444,0.0,0.0,0.0
score_only,2,200,0.9166666666666666,0.08680555555555555,0.9166666666666666,0.0,0.0,0.0
score_only,2,202,0.9270833333333334,0.09722222222222222,0.9270833333333334,0.0,0.0,0.0
score_only,2,204,0.9513888888888888,0.1388888888888889,0.9513888888888888,0.0,0.0,0.0
score_only,2,206,0.96875,0.11805555555555555,0.96875,0.0,0.0,0.0
score_only,2,208,0.9548611111111112,0.09722222222222222,0.9548611111111112,0.0,0.0,0.0
score_only,2,210,0.9548611111111112,0.09722222222222222,0.9548611111111112,0.0,0.0,0.0
score_only,2,212,0.9791666666666666,0.125,0.9791666666666666,0.0,0.0,0.0
score_only,2,214,0.9826388888888888,0.11458333333333333,0.9826388888888888,0.0,0.0,0.0
score_only,2,216,0.9756944444444444,0.1423611111111111,0.9756944444444444,0.0,0.0,0.0
score_only,2,218,0.9756944444444444,0.11805555555555555,0.9756944444444444,0.0,0.0,0.0
score_only,2,220,0.96875,0.1527777777777778,0.96875,0.0,0.0,0.0
score_only,2,222,0.9722222222222222,0.09375,0.9722222222222222,0.0,0.0,0.0
score_only,2,224,0.9930555555555556,0.10416666666666667,0.9930555555555556,0.0,0.0,0.0
score_only,2,226,0.9861111111111112,0.1527777777777778,0.9861111111111112,0.0,0.0,0.0
score_only,2,228,1.0,0.11458333333333333,1.0,0.0,0.0,0.0
score_only,2,230,0.9930555555555556,0.1597222222222222,0.9930555555555556,0.0,0.0,0.0
score_only,2,232,0.9895833333333334,0.1423611111111111,0.9895833333333334,0.0,0.0,0.0
score_only,2,234,0.9930555555555556,0.13194444444444445,0.9930555555555556,0.0,0.0,0.0
score_only,2,236,0.9965277777777778,0.10069444444444445,0.9965277777777778,0.0,0.0,0.0
score_only,2,238,0.9895833333333334,0.13541666666666666,0.9895833333333334,0.0,0.0,0.0
score_only,2,240,0.9965277777777778,0.1701388888888889,0.9965277777777778,0.0,0.0,0.0
score_only,2,242,1.0,0.125,1.0,0.0,0.0,0.0
score_only,2,244,1.0,0.1076388888888889,1.0,0.0,0.0,0.0
score_only,2,246,0.9965277777777778,0.12152777777777778,0.9965277777777778,0.0,0.0,0.0
score_only,2,248,1.0,0.13541666666666666,1.0,0.0,0.0,0.0
score_only,2,250,1.0,0.10416666666666667,1.0,0.0,0.0,0.0
score_only,2,252,0.9965277777777778,0.09722222222222222,0.9965277777777778,0.0,0.0,0.0
score_only,2,254,1.0,0.125,1.0,0.0,0.0,0.0
score_only,2,256,1.0,0.11458333333333333,1.0,0.0,0.0,0.0
score_only,2,258,1.0,0.1111111111111111,1.0,0.0,0.0,0.0
score_only,2,260,1.0,0.11805555555555555,1.0,0.0,0.0,0.0
score_only,2,262,1.0,0.09722222222222222,1.0,0.0,0.0,0.0
score_only,2,264,1.0,0.0763888888888889,1.0,0.0,0.0,0.0
score_only,2,266,1.0,0.04861111111111111,1.0,0.0,0.0,0.0
score_only,2,268,1.0,0.041666666666666664,1.0,0.0,0.0,0.0
score_only,2,270,1.0,0.059027777777777776,1.0,0.0,0.0,0.0
score_only,2,272,1.0,0.041666666666666664,1.0,0.0,0.0,0.0
score_only,2,274,1.0,0.052083333333333336,1.0,0.0,0.0,0.0
score_only,2,276,1.0,0.03125,1.0,0.0,0.0,0.0
score_only,2,278,1.0,0.020833333333333332,1.0,0.0,0.0,0.0
score_only,2,280,1.0,0.03125,1.0,0.0,0.0,0.0
score_only,2,282,1.0,0.027777777777777776,1.0,0.0,0.0,0.0
score_only,2,284,1.0,0.017361111111111112,1.0,0.0,0.0,0.0
score_only,2,286,1.0,0.020833333333333332,1.0,0.0,0.0,0.0
score_only,2,288,1.0,0.041666666666666664,1.0,0.0,0.0,0.0
score_only,2,290,1.0,0.06597222222222222,1.0,0.0,0.0,0.0
score_only,2,292,1.0,0.020833333333333332,1.0,0.0,0.0,0.0
score_only,2,294,1.0,0.024305555555555556,1.0,0.0,0.0,0.0
score_only,2,296,1.0,0.03819444444444445,1.0,0.0,0.0,0.0
score_only,2,298,1.0,0.034722222222222224,1.0,0.0,0.0,0.0
