suite,fid,instance,seed,method,seconds,actual_nfe,final
coco,9,101,20275000,full,0.6026279248762876,300,-73.87610942989349
coco,9,101,20275000,anchor_only,0.07102459506131709,300,-72.46824868280186
coco,9,101,20275000,cma_es,0.015463804127648473,300,-109.52771042552284
coco,9,101,20275000,de,0.0051379818469285965,300,3703.670200148163
coco,9,101,20275000,gp_ei,4.880193454911932,300,217.16449749138474
coco,9,101,20275000,surr_rlde,0.018614431144669652,300,1017.1709438676453
coco,9,101,20275001,full,0.5881862668320537,300,-75.70361885645406
coco,9,101,20275001,anchor_only,0.06917112995870411,300,-73.01433109612245
coco,9,101,20275001,cma_es,0.015128473984077573,300,-77.81488987369053
coco,9,101,20275001,de,0.0056340990122407675,300,2211.2039620242876
coco,9,101,20275001,gp_ei,4.359175491146743,300,235.27489737694356
coco,9,101,20275001,surr_rlde,0.019374500960111618,300,5383.8452445361545
coco,9,101,20275002,full,0.6251866070087999,300,-74.11810238755146
coco,9,101,20275002,anchor_only,0.07089680596254766,300,-72.71917282384871
coco,9,101,20275002,cma_es,0.015694712987169623,300,-111.1380772975011
coco,9,101,20275002,de,0.005467938957735896,300,2726.0993303018413
coco,9,101,20275002,gp_ei,4.579863082850352,300,59.03975569983936
coco,9,101,20275002,surr_rlde,0.017961934907361865,300,2205.0276526099738
coco,11,101,20275000,full,0.6049724670592695,300,74.35074376658424
coco,11,101,20275000,anchor_only,0.07346289698034525,300,319.1444700131601
coco,11,101,20275000,cma_es,0.016990549862384796,300,77.17612310399244
coco,11,101,20275000,de,0.0048773218877613544,300,319.14447001315284
coco,11,101,20275000,gp_ei,4.039373534033075,300,253.05076419415352
coco,11,101,20275000,surr_rlde,0.01720609702169895,300,285.538559066558
coco,11,101,20275001,full,0.6008321910630912,300,1036.290388211997
coco,11,101,20275001,anchor_only,0.0722221489995718,300,1799.155752456601
coco,11,101,20275001,cma_es,0.020282455952838063,300,216.4867933691157
coco,11,101,20275001,de,0.005786953028291464,300,166.12080980169534
coco,11,101,20275001,gp_ei,3.443540354957804,300,96.00357221565851
coco,11,101,20275001,surr_rlde,0.019593585981056094,300,114.21576795264153
coco,11,101,20275002,full,0.631865216884762,300,315.5719270389142
coco,11,101,20275002,anchor_only,0.07093782303854823,300,750.9347169351033
coco,11,101,20275002,cma_es,0.019857839914038777,300,246.55820577647896
coco,11,101,20275002,de,0.006288871169090271,300,311.82166000584493
coco,11,101,20275002,gp_ei,4.121391102205962,300,169.65880717714995
coco,11,101,20275002,surr_rlde,0.017774698790162802,300,153.5183872656161
cec2017,10,1,20275000,full,0.5444982680492103,300,478047.7238306973
cec2017,10,1,20275000,anchor_only,0.07104605878703296,300,1527100.8702325255
cec2017,10,1,20275000,cma_es,0.023614095989614725,300,161924.97044049593
cec2017,10,1,20275000,de,0.01153968507423997,300,442578.9248618168
cec2017,10,1,20275000,gp_ei,4.119817565893754,300,262758.002669518
cec2017,10,1,20275000,surr_rlde,0.021420418983325362,300,58067.39124797481
cec2017,10,1,20275001,full,0.5115190548822284,300,3187872.118886817
cec2017,10,1,20275001,anchor_only,0.07728527905419469,300,4536998.6172533585
cec2017,10,1,20275001,cma_es,0.02205299003981054,300,956992.1606727224
cec2017,10,1,20275001,de,0.009968230966478586,300,61808019.23864672
cec2017,10,1,20275001,gp_ei,4.157613492105156,300,405743.69359318545
cec2017,10,1,20275001,surr_rlde,0.021093140123412013,300,6198882.265633573
cec2017,10,1,20275002,full,0.4920274920295924,300,2005657.3833095618
cec2017,10,1,20275002,anchor_only,0.08147084503434598,300,4399019.443912182
cec2017,10,1,20275002,cma_es,0.021026551956310868,300,52268.06082646442
cec2017,10,1,20275002,de,0.010822721989825368,300,7518286.7107174955
cec2017,10,1,20275002,gp_ei,4.260921230074018,300,98037.98785230074
cec2017,10,1,20275002,surr_rlde,0.022961335023865104,300,6410805.119337176
cec2017,20,1,20275000,full,0.5007069611456245,300,3654.7095987234125
cec2017,20,1,20275000,anchor_only,0.08985575288534164,300,7884.453875882979
cec2017,20,1,20275000,cma_es,0.029680655105039477,300,2751.3704647895956
cec2017,20,1,20275000,de,0.018591842846944928,300,3908.7418055365406
cec2017,20,1,20275000,gp_ei,4.186584708048031,300,2311.248173479368
cec2017,20,1,20275000,surr_rlde,0.03026893804781139,300,3498.2096351154123
cec2017,20,1,20275001,full,0.5323327821679413,300,3998.324085554892
cec2017,20,1,20275001,anchor_only,0.10344768408685923,300,4618.273606540827
cec2017,20,1,20275001,cma_es,0.03449854301288724,300,2586.7925289419745
cec2017,20,1,20275001,de,0.020623089047148824,300,3070.0470689096155
cec2017,20,1,20275001,gp_ei,4.012016091030091,300,2297.2260715274642
cec2017,20,1,20275001,surr_rlde,0.027511565946042538,300,2976.0761041022447
cec2017,20,1,20275002,full,0.4988360439892858,300,5161.815973499976
cec2017,20,1,20275002,anchor_only,0.11537003493867815,300,10957.198525097205
cec2017,20,1,20275002,cma_es,0.0371346480678767,300,2996.8907367238007
cec2017,20,1,20275002,de,0.017117999959737062,300,4376.774343871373
cec2017,20,1,20275002,gp_ei,4.077254593838006,300,2260.5148243407725
cec2017,20,1,20275002,surr_rlde,0.02990720607340336,300,6557.946134818233
