seed,fid,population,nfe,opportunity,immediate,after20,after60,final,final_win,final_loss,final_tie
0,1,2,170,False,0.0,0.0,0.0,0.0,False,False,True
0,1,2,310,False,0.0,0.0,0.0,0.0,False,False,True
0,1,2,520,False,0.0,0.0,0.0,0.0,False,False,True
0,2,1,170,False,0.0,0.0,0.0,0.0,False,False,True
0,2,1,310,False,0.0,0.0,0.0,0.0,False,False,True
0,2,1,520,False,0.0,0.0,0.0,0.0,False,False,True
0,1,1,170,False,0.0,0.0,0.0,0.0,False,False,True
0,1,1,310,False,0.0,0.0,0.0,0.0,False,False,True
0,1,1,520,False,0.0,0.0,0.0,0.0,False,False,True
0,0,2,170,False,0.0,0.0,0.0,0.0,False,False,True
0,0,2,310,False,0.0,0.0,0.0,0.0,False,False,True
0,0,2,520,False,0.0,0.0,0.0,0.0,False,False,True
0,0,1,170,False,0.0,0.0,0.0,0.0,False,False,True
0,0,1,310,False,0.0,0.0,0.0,0.0,False,False,True
0,0,1,520,False,0.0,0.0,0.0,0.0,False,False,True
0,1,3,170,False,0.0,0.0,0.0,0.0,False,False,True
0,1,3,310,False,0.0,0.0,0.0,0.0,False,False,True
0,1,3,520,False,0.0,0.0,0.0,0.0,False,False,True
0,2,0,170,False,0.0,0.0,0.0,0.0,False,False,True
0,2,0,310,False,0.0,0.0,0.0,0.0,False,False,True
0,2,0,520,False,0.0,0.0,0.0,0.0,False,False,True
0,1,0,170,False,0.0,0.0,0.0,0.0,False,False,True
0,1,0,310,False,0.0,0.0,0.0,0.0,False,False,True
0,1,0,520,False,0.0,0.0,0.0,0.0,False,False,True
0,0,0,170,False,0.0,0.0,0.0,0.0,False,False,True
0,0,0,310,False,0.0,0.0,0.0,0.0,False,False,True
0,0,0,520,False,0.0,0.0,0.0,0.0,False,False,True
0,2,2,170,True,0.00030100345611572266,0.0009981989860534668,-0.013716906309127808,0.0001481175422668457,True,False,False
0,2,2,310,False,0.0,0.0,0.0,0.0,False,False,True
0,2,2,520,False,0.0,0.0,0.0,0.0,False,False,True
0,2,3,170,False,0.0,0.0,0.0,0.0,False,False,True
0,2,3,310,False,0.0,0.0,0.0,0.0,False,False,True
0,2,3,520,False,0.0,0.0,0.0,0.0,False,False,True
0,0,3,170,False,0.0,0.0,0.0,0.0,False,False,True
0,0,3,310,False,0.0,0.0,0.0,0.0,False,False,True
0,0,3,520,False,0.0,0.0,0.0,0.0,False,False,True
0,3,2,170,False,0.0,0.0,0.0,0.0,False,False,True
0,3,2,310,False,0.0,0.0,0.0,0.0,False,False,True
0,3,2,520,False,0.0,0.0,0.0,0.0,False,False,True
0,3,0,170,False,0.0,0.0,0.0,0.0,False,False,True
0,3,0,310,False,0.0,0.0,0.0,0.0,False,False,True
0,3,0,520,False,0.0,0.0,0.0,0.0,False,False,True
0,3,1,170,False,0.0,0.0,0.0,0.0,False,False,True
0,3,1,310,False,0.0,0.0,0.0,0.0,False,False,True
0,3,1,520,False,0.0,0.0,0.0,0.0,False,False,True
0,4,0,170,True,0.0022367537021636963,0.004878968000411987,-0.0010228753089904785,0.000399857759475708,True,False,False
0,4,0,310,False,0.0,0.0,0.0,0.0,False,False,True
0,4,0,520,False,0.0,0.0,0.0,0.0,False,False,True
0,3,3,170,False,0.0,0.0,0.0,0.0,False,False,True
0,3,3,310,False,0.0,0.0,0.0,0.0,False,False,True
0,3,3,520,False,0.0,0.0,0.0,0.0,False,False,True
0,4,1,170,False,0.0,0.0,0.0,0.0,False,False,True
0,4,1,310,False,0.0,0.0,0.0,0.0,False,False,True
0,4,1,520,False,0.0,0.0,0.0,0.0,False,False,True
0,4,2,170,False,0.0,0.0,0.0,0.0,False,False,True
0,4,2,310,False,0.0,0.0,0.0,0.0,False,False,True
0,4,2,520,False,0.0,0.0,0.0,0.0,False,False,True
0,5,0,170,False,0.0,0.0,0.0,0.0,False,False,True
0,5,0,310,False,0.0,0.0,0.0,0.0,False,False,True
0,5,0,520,False,0.0,0.0,0.0,0.0,False,False,True
0,4,3,170,False,0.0,0.0,0.0,0.0,False,False,True
0,4,3,310,False,0.0,0.0,0.0,0.0,False,False,True
0,4,3,520,False,0.0,0.0,0.0,0.0,False,False,True
0,5,2,170,False,0.0,0.0,0.0,0.0,False,False,True
0,5,2,310,False,0.0,0.0,0.0,0.0,False,False,True
0,5,2,520,False,0.0,0.0,0.0,0.0,False,False,True
0,5,3,170,False,0.0,0.0,0.0,0.0,False,False,True
0,5,3,310,False,0.0,0.0,0.0,0.0,False,False,True
0,5,3,520,False,0.0,0.0,0.0,0.0,False,False,True
0,5,1,170,False,0.0,0.0,0.0,0.0,False,False,True
0,5,1,310,False,0.0,0.0,0.0,0.0,False,False,True
0,5,1,520,False,0.0,0.0,0.0,0.0,False,False,True
0,6,0,170,False,0.0,0.0,0.0,0.0,False,False,True
0,6,0,310,False,0.0,0.0,0.0,0.0,False,False,True
0,6,0,520,False,0.0,0.0,0.0,0.0,False,False,True
0,6,1,170,False,0.0,0.0,0.0,0.0,False,False,True
0,6,1,310,False,0.0,0.0,0.0,0.0,False,False,True
0,6,1,520,False,0.0,0.0,0.0,0.0,False,False,True
0,7,0,170,False,0.0,0.0,0.0,0.0,False,False,True
0,7,0,310,False,0.0,0.0,0.0,0.0,False,False,True
0,7,0,520,False,0.0,0.0,0.0,0.0,False,False,True
0,6,2,170,False,0.0,0.0,0.0,0.0,False,False,True
0,6,2,310,False,0.0,0.0,0.0,0.0,False,False,True
0,6,2,520,False,0.0,0.0,0.0,0.0,False,False,True
0,7,1,170,False,0.0,0.0,0.0,0.0,False,False,True
0,7,1,310,False,0.0,0.0,0.0,0.0,False,False,True
0,7,1,520,False,0.0,0.0,0.0,0.0,False,False,True
0,6,3,170,False,0.0,0.0,0.0,0.0,False,False,True
0,6,3,310,False,0.0,0.0,0.0,0.0,False,False,True
0,6,3,520,False,0.0,0.0,0.0,0.0,False,False,True
0,7,2,170,False,0.0,0.0,0.0,0.0,False,False,True
0,7,2,310,False,0.0,0.0,0.0,0.0,False,False,True
0,7,2,520,False,0.0,0.0,0.0,0.0,False,False,True
0,7,3,170,False,0.0,0.0,0.0,0.0,False,False,True
0,7,3,310,False,0.0,0.0,0.0,0.0,False,False,True
0,7,3,520,False,0.0,0.0,0.0,0.0,False,False,True
0,8,0,170,False,0.0,0.0,0.0,0.0,False,False,True
0,8,0,310,False,0.0,0.0,0.0,0.0,False,False,True
0,8,0,520,False,0.0,0.0,0.0,0.0,False,False,True
0,8,1,170,False,0.0,0.0,0.0,0.0,False,False,True
0,8,1,310,False,0.0,0.0,0.0,0.0,False,False,True
0,8,1,520,False,0.0,0.0,0.0,0.0,False,False,True
0,8,2,170,True,0.01124921441078186,-0.0037561804056167603,-0.015714004635810852,-0.0002219080924987793,False,True,False
0,8,2,310,False,0.0,0.0,0.0,0.0,False,False,True
0,8,2,520,False,0.0,0.0,0.0,0.0,False,False,True
0,8,3,170,False,0.0,0.0,0.0,0.0,False,False,True
0,8,3,310,False,0.0,0.0,0.0,0.0,False,False,True
0,8,3,520,False,0.0,0.0,0.0,0.0,False,False,True
0,9,0,170,False,0.0,0.0,0.0,0.0,False,False,True
0,9,0,310,False,0.0,0.0,0.0,0.0,False,False,True
0,9,0,520,False,0.0,0.0,0.0,0.0,False,False,True
0,9,1,170,False,0.0,0.0,0.0,0.0,False,False,True
0,9,1,310,False,0.0,0.0,0.0,0.0,False,False,True
0,9,1,520,False,0.0,0.0,0.0,0.0,False,False,True
0,9,2,170,False,0.0,0.0,0.0,0.0,False,False,True
0,9,2,310,False,0.0,0.0,0.0,0.0,False,False,True
0,9,2,520,False,0.0,0.0,0.0,0.0,False,False,True
0,10,1,170,False,0.0,0.0,0.0,0.0,False,False,True
0,10,1,310,False,0.0,0.0,0.0,0.0,False,False,True
0,10,1,520,False,0.0,0.0,0.0,0.0,False,False,True
0,10,0,170,False,0.0,0.0,0.0,0.0,False,False,True
0,10,0,310,False,0.0,0.0,0.0,0.0,False,False,True
0,10,0,520,False,0.0,0.0,0.0,0.0,False,False,True
0,9,3,170,False,0.0,0.0,0.0,0.0,False,False,True
0,9,3,310,False,0.0,0.0,0.0,0.0,False,False,True
0,9,3,520,False,0.0,0.0,0.0,0.0,False,False,True
0,10,2,170,False,0.0,0.0,0.0,0.0,False,False,True
0,10,2,310,False,0.0,0.0,0.0,0.0,False,False,True
0,10,2,520,False,0.0,0.0,0.0,0.0,False,False,True
0,11,0,170,False,0.0,0.0,0.0,0.0,False,False,True
0,11,0,310,False,0.0,0.0,0.0,0.0,False,False,True
0,11,0,520,False,0.0,0.0,0.0,0.0,False,False,True
0,10,3,170,True,0.006908416748046875,0.006864368915557861,0.003514528274536133,-0.001254737377166748,False,True,False
0,10,3,310,False,0.0,0.0,0.0,0.0,False,False,True
0,10,3,520,False,0.0,0.0,0.0,0.0,False,False,True
0,11,2,170,False,0.0,0.0,0.0,0.0,False,False,True
0,11,2,310,False,0.0,0.0,0.0,0.0,False,False,True
0,11,2,520,False,0.0,0.0,0.0,0.0,False,False,True
0,11,1,170,False,0.0,0.0,0.0,0.0,False,False,True
0,11,1,310,False,0.0,0.0,0.0,0.0,False,False,True
0,11,1,520,False,0.0,0.0,0.0,0.0,False,False,True
0,11,3,170,False,0.0,0.0,0.0,0.0,False,False,True
0,11,3,310,False,0.0,0.0,0.0,0.0,False,False,True
0,11,3,520,False,0.0,0.0,0.0,0.0,False,False,True
0,12,0,170,False,0.0,0.0,0.0,0.0,False,False,True
0,12,0,310,False,0.0,0.0,0.0,0.0,False,False,True
0,12,0,520,False,0.0,0.0,0.0,0.0,False,False,True
0,12,1,170,False,0.0,0.0,0.0,0.0,False,False,True
0,12,1,310,False,0.0,0.0,0.0,0.0,False,False,True
0,12,1,520,False,0.0,0.0,0.0,0.0,False,False,True
0,12,2,170,False,0.0,0.0,0.0,0.0,False,False,True
0,12,2,310,False,0.0,0.0,0.0,0.0,False,False,True
0,12,2,520,False,0.0,0.0,0.0,0.0,False,False,True
0,13,0,170,False,0.0,0.0,0.0,0.0,False,False,True
0,13,0,310,False,0.0,0.0,0.0,0.0,False,False,True
0,13,0,520,False,0.0,0.0,0.0,0.0,False,False,True
0,12,3,170,False,0.0,0.0,0.0,0.0,False,False,True
0,12,3,310,True,0.0004417896270751953,-0.0003712773323059082,-0.0013810992240905762,2.3305416107177734e-05,True,False,False
0,12,3,520,False,0.0,0.0,0.0,0.0,False,False,True
0,13,1,170,False,0.0,0.0,0.0,0.0,False,False,True
0,13,1,310,False,0.0,0.0,0.0,0.0,False,False,True
0,13,1,520,False,0.0,0.0,0.0,0.0,False,False,True
0,13,2,170,False,0.0,0.0,0.0,0.0,False,False,True
0,13,2,310,False,0.0,0.0,0.0,0.0,False,False,True
0,13,2,520,False,0.0,0.0,0.0,0.0,False,False,True
0,13,3,170,False,0.0,0.0,0.0,0.0,False,False,True
0,13,3,310,False,0.0,0.0,0.0,0.0,False,False,True
0,13,3,520,False,0.0,0.0,0.0,0.0,False,False,True
0,14,0,170,False,0.0,0.0,0.0,0.0,False,False,True
0,14,0,310,False,0.0,0.0,0.0,0.0,False,False,True
0,14,0,520,False,0.0,0.0,0.0,0.0,False,False,True
0,14,1,170,False,0.0,0.0,0.0,0.0,False,False,True
0,14,1,310,False,0.0,0.0,0.0,0.0,False,False,True
0,14,1,520,False,0.0,0.0,0.0,0.0,False,False,True
0,14,2,170,False,0.0,0.0,0.0,0.0,False,False,True
0,14,2,310,False,0.0,0.0,0.0,0.0,False,False,True
0,14,2,520,False,0.0,0.0,0.0,0.0,False,False,True
0,14,3,170,False,0.0,0.0,0.0,0.0,False,False,True
0,14,3,310,False,0.0,0.0,0.0,0.0,False,False,True
0,14,3,520,False,0.0,0.0,0.0,0.0,False,False,True
0,15,0,170,False,0.0,0.0,0.0,0.0,False,False,True
0,15,0,310,False,0.0,0.0,0.0,0.0,False,False,True
0,15,0,520,False,0.0,0.0,0.0,0.0,False,False,True
0,15,1,170,False,0.0,0.0,0.0,0.0,False,False,True
0,15,1,310,False,0.0,0.0,0.0,0.0,False,False,True
0,15,1,520,False,0.0,0.0,0.0,0.0,False,False,True
0,15,3,170,False,0.0,0.0,0.0,0.0,False,False,True
0,15,3,310,False,0.0,0.0,0.0,0.0,False,False,True
0,15,3,520,False,0.0,0.0,0.0,0.0,False,False,True
0,16,0,170,False,0.0,0.0,0.0,0.0,False,False,True
0,16,0,310,False,0.0,0.0,0.0,0.0,False,False,True
0,16,0,520,False,0.0,0.0,0.0,0.0,False,False,True
0,16,1,170,False,0.0,0.0,0.0,0.0,False,False,True
0,16,1,310,False,0.0,0.0,0.0,0.0,False,False,True
0,16,1,520,False,0.0,0.0,0.0,0.0,False,False,True
0,15,2,170,False,0.0,0.0,0.0,0.0,False,False,True
0,15,2,310,False,0.0,0.0,0.0,0.0,False,False,True
0,15,2,520,False,0.0,0.0,0.0,0.0,False,False,True
0,16,2,170,False,0.0,0.0,0.0,0.0,False,False,True
0,16,2,310,False,0.0,0.0,0.0,0.0,False,False,True
0,16,2,520,False,0.0,0.0,0.0,0.0,False,False,True
0,17,0,170,False,0.0,0.0,0.0,0.0,False,False,True
0,17,0,310,False,0.0,0.0,0.0,0.0,False,False,True
0,17,0,520,False,0.0,0.0,0.0,0.0,False,False,True
0,16,3,170,False,0.0,0.0,0.0,0.0,False,False,True
0,16,3,310,False,0.0,0.0,0.0,0.0,False,False,True
0,16,3,520,False,0.0,0.0,0.0,0.0,False,False,True
0,17,1,170,False,0.0,0.0,0.0,0.0,False,False,True
0,17,1,310,False,0.0,0.0,0.0,0.0,False,False,True
0,17,1,520,False,0.0,0.0,0.0,0.0,False,False,True
0,17,3,170,False,0.0,0.0,0.0,0.0,False,False,True
0,17,3,310,False,0.0,0.0,0.0,0.0,False,False,True
0,17,3,520,False,0.0,0.0,0.0,0.0,False,False,True
0,17,2,170,False,0.0,0.0,0.0,0.0,False,False,True
0,17,2,310,False,0.0,0.0,0.0,0.0,False,False,True
0,17,2,520,False,0.0,0.0,0.0,0.0,False,False,True
0,18,0,170,False,0.0,0.0,0.0,0.0,False,False,True
0,18,0,310,False,0.0,0.0,0.0,0.0,False,False,True
0,18,0,520,False,0.0,0.0,0.0,0.0,False,False,True
0,18,1,170,True,0.024816542863845825,0.011110246181488037,0.011110246181488037,0.0018178820610046387,True,False,False
0,18,1,310,False,0.0,0.0,0.0,0.0,False,False,True
0,18,1,520,False,0.0,0.0,0.0,0.0,False,False,True
0,18,2,170,False,0.0,0.0,0.0,0.0,False,False,True
0,18,2,310,False,0.0,0.0,0.0,0.0,False,False,True
0,18,2,520,False,0.0,0.0,0.0,0.0,False,False,True
0,18,3,170,False,0.0,0.0,0.0,0.0,False,False,True
0,18,3,310,False,0.0,0.0,0.0,0.0,False,False,True
0,18,3,520,False,0.0,0.0,0.0,0.0,False,False,True
0,19,0,170,False,0.0,0.0,0.0,0.0,False,False,True
0,19,0,310,False,0.0,0.0,0.0,0.0,False,False,True
0,19,0,520,False,0.0,0.0,0.0,0.0,False,False,True
0,19,1,170,True,0.010572940111160278,0.01780843734741211,0.003054887056350708,0.0009940266609191895,True,False,False
0,19,1,310,False,0.0,0.0,0.0,0.0,False,False,True
0,19,1,520,False,0.0,0.0,0.0,0.0,False,False,True
0,19,2,170,False,0.0,0.0,0.0,0.0,False,False,True
0,19,2,310,False,0.0,0.0,0.0,0.0,False,False,True
0,19,2,520,False,0.0,0.0,0.0,0.0,False,False,True
0,19,3,170,False,0.0,0.0,0.0,0.0,False,False,True
0,19,3,310,False,0.0,0.0,0.0,0.0,False,False,True
0,19,3,520,False,0.0,0.0,0.0,0.0,False,False,True
0,20,1,170,False,0.0,0.0,0.0,0.0,False,False,True
0,20,1,310,False,0.0,0.0,0.0,0.0,False,False,True
0,20,1,520,False,0.0,0.0,0.0,0.0,False,False,True
0,20,2,170,False,0.0,0.0,0.0,0.0,False,False,True
0,20,2,310,False,0.0,0.0,0.0,0.0,False,False,True
0,20,2,520,False,0.0,0.0,0.0,0.0,False,False,True
0,20,0,170,False,0.0,0.0,0.0,0.0,False,False,True
0,20,0,310,False,0.0,0.0,0.0,0.0,False,False,True
0,20,0,520,False,0.0,0.0,0.0,0.0,False,False,True
0,20,3,170,False,0.0,0.0,0.0,0.0,False,False,True
0,20,3,310,False,0.0,0.0,0.0,0.0,False,False,True
0,20,3,520,False,0.0,0.0,0.0,0.0,False,False,True
0,21,0,170,False,0.0,0.0,0.0,0.0,False,False,True
0,21,0,310,False,0.0,0.0,0.0,0.0,False,False,True
0,21,0,520,False,0.0,0.0,0.0,0.0,False,False,True
0,21,1,170,False,0.0,0.0,0.0,0.0,False,False,True
0,21,1,310,False,0.0,0.0,0.0,0.0,False,False,True
0,21,1,520,False,0.0,0.0,0.0,0.0,False,False,True
0,21,2,170,False,0.0,0.0,0.0,0.0,False,False,True
0,21,2,310,False,0.0,0.0,0.0,0.0,False,False,True
0,21,2,520,False,0.0,0.0,0.0,0.0,False,False,True
0,21,3,170,False,0.0,0.0,0.0,0.0,False,False,True
0,21,3,310,False,0.0,0.0,0.0,0.0,False,False,True
0,21,3,520,False,0.0,0.0,0.0,0.0,False,False,True
0,22,1,170,False,0.0,0.0,0.0,0.0,False,False,True
0,22,1,310,False,0.0,0.0,0.0,0.0,False,False,True
0,22,1,520,False,0.0,0.0,0.0,0.0,False,False,True
0,22,0,170,False,0.0,0.0,0.0,0.0,False,False,True
0,22,0,310,False,0.0,0.0,0.0,0.0,False,False,True
0,22,0,520,False,0.0,0.0,0.0,0.0,False,False,True
0,22,2,170,False,0.0,0.0,0.0,0.0,False,False,True
0,22,2,310,False,0.0,0.0,0.0,0.0,False,False,True
0,22,2,520,False,0.0,0.0,0.0,0.0,False,False,True
0,22,3,170,False,0.0,0.0,0.0,0.0,False,False,True
0,22,3,310,False,0.0,0.0,0.0,0.0,False,False,True
0,22,3,520,False,0.0,0.0,0.0,0.0,False,False,True
0,23,0,170,False,0.0,0.0,0.0,0.0,False,False,True
0,23,0,310,False,0.0,0.0,0.0,0.0,False,False,True
0,23,0,520,False,0.0,0.0,0.0,0.0,False,False,True
0,23,1,170,False,0.0,0.0,0.0,0.0,False,False,True
0,23,1,310,False,0.0,0.0,0.0,0.0,False,False,True
0,23,1,520,False,0.0,0.0,0.0,0.0,False,False,True
0,23,2,170,False,0.0,0.0,0.0,0.0,False,False,True
0,23,2,310,False,0.0,0.0,0.0,0.0,False,False,True
0,23,2,520,False,0.0,0.0,0.0,0.0,False,False,True
0,23,3,170,False,0.0,0.0,0.0,0.0,False,False,True
0,23,3,310,False,0.0,0.0,0.0,0.0,False,False,True
0,23,3,520,False,0.0,0.0,0.0,0.0,False,False,True
0,24,0,170,False,0.0,0.0,0.0,0.0,False,False,True
0,24,0,310,False,0.0,0.0,0.0,0.0,False,False,True
0,24,0,520,False,0.0,0.0,0.0,0.0,False,False,True
0,24,1,170,False,0.0,0.0,0.0,0.0,False,False,True
0,24,1,310,False,0.0,0.0,0.0,0.0,False,False,True
0,24,1,520,False,0.0,0.0,0.0,0.0,False,False,True
0,24,2,170,False,0.0,0.0,0.0,0.0,False,False,True
0,24,2,310,False,0.0,0.0,0.0,0.0,False,False,True
0,24,2,520,False,0.0,0.0,0.0,0.0,False,False,True
0,24,3,170,True,0.007491379976272583,-0.0020709335803985596,-0.0020709335803985596,-0.00046563148498535156,False,True,False
0,24,3,310,False,0.0,0.0,0.0,0.0,False,False,True
0,24,3,520,False,0.0,0.0,0.0,0.0,False,False,True
0,25,0,170,False,0.0,0.0,0.0,0.0,False,False,True
0,25,0,310,False,0.0,0.0,0.0,0.0,False,False,True
0,25,0,520,False,0.0,0.0,0.0,0.0,False,False,True
0,25,1,170,False,0.0,0.0,0.0,0.0,False,False,True
0,25,1,310,False,0.0,0.0,0.0,0.0,False,False,True
0,25,1,520,False,0.0,0.0,0.0,0.0,False,False,True
0,25,2,170,False,0.0,0.0,0.0,0.0,False,False,True
0,25,2,310,False,0.0,0.0,0.0,0.0,False,False,True
0,25,2,520,False,0.0,0.0,0.0,0.0,False,False,True
0,25,3,170,False,0.0,0.0,0.0,0.0,False,False,True
0,25,3,310,False,0.0,0.0,0.0,0.0,False,False,True
0,25,3,520,False,0.0,0.0,0.0,0.0,False,False,True
0,26,1,170,False,0.0,0.0,0.0,0.0,False,False,True
0,26,1,310,False,0.0,0.0,0.0,0.0,False,False,True
0,26,1,520,False,0.0,0.0,0.0,0.0,False,False,True
0,26,0,170,True,0.002295464277267456,0.002295464277267456,-0.004519909620285034,0.001969575881958008,True,False,False
0,26,0,310,False,0.0,0.0,0.0,0.0,False,False,True
0,26,0,520,False,0.0,0.0,0.0,0.0,False,False,True
0,26,2,170,False,0.0,0.0,0.0,0.0,False,False,True
0,26,2,310,False,0.0,0.0,0.0,0.0,False,False,True
0,26,2,520,False,0.0,0.0,0.0,0.0,False,False,True
0,26,3,170,False,0.0,0.0,0.0,0.0,False,False,True
0,26,3,310,False,0.0,0.0,0.0,0.0,False,False,True
0,26,3,520,False,0.0,0.0,0.0,0.0,False,False,True
0,27,0,170,True,0.001591116189956665,0.011068582534790039,0.010003983974456787,-0.00010183453559875488,False,True,False
0,27,0,310,False,0.0,0.0,0.0,0.0,False,False,True
0,27,0,520,False,0.0,0.0,0.0,0.0,False,False,True
0,27,1,170,False,0.0,0.0,0.0,0.0,False,False,True
0,27,1,310,False,0.0,0.0,0.0,0.0,False,False,True
0,27,1,520,False,0.0,0.0,0.0,0.0,False,False,True
0,27,2,170,False,0.0,0.0,0.0,0.0,False,False,True
0,27,2,310,False,0.0,0.0,0.0,0.0,False,False,True
0,27,2,520,False,0.0,0.0,0.0,0.0,False,False,True
0,27,3,170,False,0.0,0.0,0.0,0.0,False,False,True
0,27,3,310,False,0.0,0.0,0.0,0.0,False,False,True
0,27,3,520,False,0.0,0.0,0.0,0.0,False,False,True
0,28,0,170,False,0.0,0.0,0.0,0.0,False,False,True
0,28,0,310,False,0.0,0.0,0.0,0.0,False,False,True
0,28,0,520,False,0.0,0.0,0.0,0.0,False,False,True
0,28,1,170,False,0.0,0.0,0.0,0.0,False,False,True
0,28,1,310,False,0.0,0.0,0.0,0.0,False,False,True
0,28,1,520,False,0.0,0.0,0.0,0.0,False,False,True
0,28,2,170,False,0.0,0.0,0.0,0.0,False,False,True
0,28,2,310,False,0.0,0.0,0.0,0.0,False,False,True
0,28,2,520,False,0.0,0.0,0.0,0.0,False,False,True
0,28,3,170,False,0.0,0.0,0.0,0.0,False,False,True
0,28,3,310,False,0.0,0.0,0.0,0.0,False,False,True
0,28,3,520,False,0.0,0.0,0.0,0.0,False,False,True
0,29,1,170,True,0.0037015974521636963,0.0037015974521636963,0.0037015974521636963,-0.0008617043495178223,False,True,False
0,29,1,310,False,0.0,0.0,0.0,0.0,False,False,True
0,29,1,520,False,0.0,0.0,0.0,0.0,False,False,True
0,29,2,170,False,0.0,0.0,0.0,0.0,False,False,True
0,29,2,310,False,0.0,0.0,0.0,0.0,False,False,True
0,29,2,520,False,0.0,0.0,0.0,0.0,False,False,True
0,29,0,170,True,0.000693589448928833,0.000693589448928833,-0.0069541335105896,-0.00028967857360839844,False,True,False
0,29,0,310,False,0.0,0.0,0.0,0.0,False,False,True
0,29,0,520,False,0.0,0.0,0.0,0.0,False,False,True
0,29,3,170,False,0.0,0.0,0.0,0.0,False,False,True
0,29,3,310,False,0.0,0.0,0.0,0.0,False,False,True
0,29,3,520,False,0.0,0.0,0.0,0.0,False,False,True
0,30,0,170,True,0.0007744133472442627,0.00435301661491394,0.013301193714141846,-8.207559585571289e-05,False,True,False
0,30,0,310,False,0.0,0.0,0.0,0.0,False,False,True
0,30,0,520,False,0.0,0.0,0.0,0.0,False,False,True
0,30,1,170,True,0.011412322521209717,-0.006887555122375488,-0.006887555122375488,-0.0018560588359832764,False,True,False
0,30,1,310,False,0.0,0.0,0.0,0.0,False,False,True
0,30,1,520,False,0.0,0.0,0.0,0.0,False,False,True
0,30,2,170,False,0.0,0.0,0.0,0.0,False,False,True
0,30,2,310,False,0.0,0.0,0.0,0.0,False,False,True
0,30,2,520,False,0.0,0.0,0.0,0.0,False,False,True
0,30,3,170,False,0.0,0.0,0.0,0.0,False,False,True
0,30,3,310,False,0.0,0.0,0.0,0.0,False,False,True
0,30,3,520,False,0.0,0.0,0.0,0.0,False,False,True
0,31,0,170,False,0.0,0.0,0.0,0.0,False,False,True
0,31,0,310,False,0.0,0.0,0.0,0.0,False,False,True
0,31,0,520,False,0.0,0.0,0.0,0.0,False,False,True
0,31,1,170,False,0.0,0.0,0.0,0.0,False,False,True
0,31,1,310,False,0.0,0.0,0.0,0.0,False,False,True
0,31,1,520,False,0.0,0.0,0.0,0.0,False,False,True
0,31,2,170,False,0.0,0.0,0.0,0.0,False,False,True
0,31,2,310,False,0.0,0.0,0.0,0.0,False,False,True
0,31,2,520,False,0.0,0.0,0.0,0.0,False,False,True
0,31,3,170,False,0.0,0.0,0.0,0.0,False,False,True
0,31,3,310,False,0.0,0.0,0.0,0.0,False,False,True
0,31,3,520,True,4.038214683532715e-05,6.324052810668945e-05,0.00012698769569396973,0.00010579824447631836,True,False,False
0,32,0,170,True,0.013952821493148804,0.024599283933639526,0.0049588680267333984,-0.000362396240234375,False,True,False
0,32,0,310,False,0.0,0.0,0.0,0.0,False,False,True
0,32,0,520,False,0.0,0.0,0.0,0.0,False,False,True
0,32,1,170,True,0.012909024953842163,0.004365265369415283,0.017939627170562744,-0.00044029951095581055,False,True,False
0,32,1,310,False,0.0,0.0,0.0,0.0,False,False,True
0,32,1,520,False,0.0,0.0,0.0,0.0,False,False,True
0,32,2,170,False,0.0,0.0,0.0,0.0,False,False,True
0,32,2,310,False,0.0,0.0,0.0,0.0,False,False,True
0,32,2,520,False,0.0,0.0,0.0,0.0,False,False,True
0,32,3,170,False,0.0,0.0,0.0,0.0,False,False,True
0,32,3,310,False,0.0,0.0,0.0,0.0,False,False,True
0,32,3,520,False,0.0,0.0,0.0,0.0,False,False,True
0,33,0,170,False,0.0,0.0,0.0,0.0,False,False,True
0,33,0,310,False,0.0,0.0,0.0,0.0,False,False,True
0,33,0,520,False,0.0,0.0,0.0,0.0,False,False,True
0,33,1,170,False,0.0,0.0,0.0,0.0,False,False,True
0,33,1,310,False,0.0,0.0,0.0,0.0,False,False,True
0,33,1,520,False,0.0,0.0,0.0,0.0,False,False,True
0,33,2,170,False,0.0,0.0,0.0,0.0,False,False,True
0,33,2,310,False,0.0,0.0,0.0,0.0,False,False,True
0,33,2,520,False,0.0,0.0,0.0,0.0,False,False,True
0,33,3,170,False,0.0,0.0,0.0,0.0,False,False,True
0,33,3,310,False,0.0,0.0,0.0,0.0,False,False,True
0,33,3,520,False,0.0,0.0,0.0,0.0,False,False,True
0,34,0,170,False,0.0,0.0,0.0,0.0,False,False,True
0,34,0,310,False,0.0,0.0,0.0,0.0,False,False,True
0,34,0,520,False,0.0,0.0,0.0,0.0,False,False,True
0,34,1,170,False,0.0,0.0,0.0,0.0,False,False,True
0,34,1,310,False,0.0,0.0,0.0,0.0,False,False,True
0,34,1,520,False,0.0,0.0,0.0,0.0,False,False,True
0,34,2,170,False,0.0,0.0,0.0,0.0,False,False,True
0,34,2,310,False,0.0,0.0,0.0,0.0,False,False,True
0,34,2,520,False,0.0,0.0,0.0,0.0,False,False,True
0,34,3,170,False,0.0,0.0,0.0,0.0,False,False,True
0,34,3,310,False,0.0,0.0,0.0,0.0,False,False,True
0,34,3,520,False,0.0,0.0,0.0,0.0,False,False,True
0,35,1,170,False,0.0,0.0,0.0,0.0,False,False,True
0,35,1,310,False,0.0,0.0,0.0,0.0,False,False,True
0,35,1,520,False,0.0,0.0,0.0,0.0,False,False,True
0,35,0,170,True,0.010303884744644165,0.010303884744644165,-0.004965096712112427,0.00028005242347717285,True,False,False
0,35,0,310,False,0.0,0.0,0.0,0.0,False,False,True
0,35,0,520,False,0.0,0.0,0.0,0.0,False,False,True
0,35,2,170,False,0.0,0.0,0.0,0.0,False,False,True
0,35,2,310,False,0.0,0.0,0.0,0.0,False,False,True
0,35,2,520,False,0.0,0.0,0.0,0.0,False,False,True
0,35,3,170,False,0.0,0.0,0.0,0.0,False,False,True
0,35,3,310,False,0.0,0.0,0.0,0.0,False,False,True
0,35,3,520,True,0.00026932358741760254,-0.00011527538299560547,-2.703070640563965e-05,0.0002321302890777588,True,False,False
1,0,0,170,False,0.0,0.0,0.0,0.0,False,False,True
1,0,0,310,False,0.0,0.0,0.0,0.0,False,False,True
1,0,0,520,False,0.0,0.0,0.0,0.0,False,False,True
1,0,1,170,False,0.0,0.0,0.0,0.0,False,False,True
1,0,1,310,False,0.0,0.0,0.0,0.0,False,False,True
1,0,1,520,False,0.0,0.0,0.0,0.0,False,False,True
1,0,2,170,False,0.0,0.0,0.0,0.0,False,False,True
1,0,2,310,False,0.0,0.0,0.0,0.0,False,False,True
1,0,2,520,False,0.0,0.0,0.0,0.0,False,False,True
1,0,3,170,False,0.0,0.0,0.0,0.0,False,False,True
1,0,3,310,False,0.0,0.0,0.0,0.0,False,False,True
1,0,3,520,False,0.0,0.0,0.0,0.0,False,False,True
1,1,0,170,False,0.0,0.0,0.0,0.0,False,False,True
1,1,0,310,False,0.0,0.0,0.0,0.0,False,False,True
1,1,0,520,False,0.0,0.0,0.0,0.0,False,False,True
1,1,1,170,False,0.0,0.0,0.0,0.0,False,False,True
1,1,1,310,False,0.0,0.0,0.0,0.0,False,False,True
1,1,1,520,False,0.0,0.0,0.0,0.0,False,False,True
1,1,2,170,False,0.0,0.0,0.0,0.0,False,False,True
1,1,2,310,False,0.0,0.0,0.0,0.0,False,False,True
1,1,2,520,False,0.0,0.0,0.0,0.0,False,False,True
1,1,3,170,False,0.0,0.0,0.0,0.0,False,False,True
1,1,3,310,False,0.0,0.0,0.0,0.0,False,False,True
1,1,3,520,False,0.0,0.0,0.0,0.0,False,False,True
1,2,0,170,False,0.0,0.0,0.0,0.0,False,False,True
1,2,0,310,False,0.0,0.0,0.0,0.0,False,False,True
1,2,0,520,False,0.0,0.0,0.0,0.0,False,False,True
1,2,1,170,False,0.0,0.0,0.0,0.0,False,False,True
1,2,1,310,False,0.0,0.0,0.0,0.0,False,False,True
1,2,1,520,False,0.0,0.0,0.0,0.0,False,False,True
1,2,2,170,False,0.0,0.0,0.0,0.0,False,False,True
1,2,2,310,True,0.00014773011207580566,0.0016061365604400635,0.001753300428390503,0.0008551478385925293,True,False,False
1,2,2,520,False,0.0,0.0,0.0,0.0,False,False,True
1,2,3,170,False,0.0,0.0,0.0,0.0,False,False,True
1,2,3,310,False,0.0,0.0,0.0,0.0,False,False,True
1,2,3,520,False,0.0,0.0,0.0,0.0,False,False,True
1,3,0,170,False,0.0,0.0,0.0,0.0,False,False,True
1,3,0,310,False,0.0,0.0,0.0,0.0,False,False,True
1,3,0,520,False,0.0,0.0,0.0,0.0,False,False,True
1,3,1,170,False,0.0,0.0,0.0,0.0,False,False,True
1,3,1,310,False,0.0,0.0,0.0,0.0,False,False,True
1,3,1,520,False,0.0,0.0,0.0,0.0,False,False,True
1,3,2,170,False,0.0,0.0,0.0,0.0,False,False,True
1,3,2,310,False,0.0,0.0,0.0,0.0,False,False,True
1,3,2,520,False,0.0,0.0,0.0,0.0,False,False,True
1,4,0,170,False,0.0,0.0,0.0,0.0,False,False,True
1,4,0,310,False,0.0,0.0,0.0,0.0,False,False,True
1,4,0,520,False,0.0,0.0,0.0,0.0,False,False,True
1,3,3,170,False,0.0,0.0,0.0,0.0,False,False,True
1,3,3,310,False,0.0,0.0,0.0,0.0,False,False,True
1,3,3,520,False,0.0,0.0,0.0,0.0,False,False,True
1,4,1,170,False,0.0,0.0,0.0,0.0,False,False,True
1,4,1,310,False,0.0,0.0,0.0,0.0,False,False,True
1,4,1,520,False,0.0,0.0,0.0,0.0,False,False,True
1,4,2,170,False,0.0,0.0,0.0,0.0,False,False,True
1,4,2,310,True,0.0008300244808197021,0.0004940927028656006,-0.0009301602840423584,2.4139881134033203e-06,True,False,False
1,4,2,520,False,0.0,0.0,0.0,0.0,False,False,True
1,4,3,170,False,0.0,0.0,0.0,0.0,False,False,True
1,4,3,310,False,0.0,0.0,0.0,0.0,False,False,True
1,4,3,520,False,0.0,0.0,0.0,0.0,False,False,True
1,5,1,170,False,0.0,0.0,0.0,0.0,False,False,True
1,5,1,310,False,0.0,0.0,0.0,0.0,False,False,True
1,5,1,520,False,0.0,0.0,0.0,0.0,False,False,True
1,5,0,170,False,0.0,0.0,0.0,0.0,False,False,True
1,5,0,310,False,0.0,0.0,0.0,0.0,False,False,True
1,5,0,520,False,0.0,0.0,0.0,0.0,False,False,True
1,5,2,170,False,0.0,0.0,0.0,0.0,False,False,True
1,5,2,310,False,0.0,0.0,0.0,0.0,False,False,True
1,5,2,520,False,0.0,0.0,0.0,0.0,False,False,True
1,5,3,170,True,0.004350453615188599,0.004350453615188599,0.0007496774196624756,6.073713302612305e-05,True,False,False
1,5,3,310,False,0.0,0.0,0.0,0.0,False,False,True
1,5,3,520,False,0.0,0.0,0.0,0.0,False,False,True
1,6,0,170,False,0.0,0.0,0.0,0.0,False,False,True
1,6,0,310,True,0.0014356374740600586,-0.0011163949966430664,-0.0002643465995788574,9.5367431640625e-05,True,False,False
1,6,0,520,False,0.0,0.0,0.0,0.0,False,False,True
1,6,1,170,False,0.0,0.0,0.0,0.0,False,False,True
1,6,1,310,False,0.0,0.0,0.0,0.0,False,False,True
1,6,1,520,False,0.0,0.0,0.0,0.0,False,False,True
1,6,2,170,False,0.0,0.0,0.0,0.0,False,False,True
1,6,2,310,False,0.0,0.0,0.0,0.0,False,False,True
1,6,2,520,False,0.0,0.0,0.0,0.0,False,False,True
1,6,3,170,False,0.0,0.0,0.0,0.0,False,False,True
1,6,3,310,False,0.0,0.0,0.0,0.0,False,False,True
1,6,3,520,False,0.0,0.0,0.0,0.0,False,False,True
1,7,0,170,False,0.0,0.0,0.0,0.0,False,False,True
1,7,0,310,False,0.0,0.0,0.0,0.0,False,False,True
1,7,0,520,False,0.0,0.0,0.0,0.0,False,False,True
1,7,1,170,False,0.0,0.0,0.0,0.0,False,False,True
1,7,1,310,False,0.0,0.0,0.0,0.0,False,False,True
1,7,1,520,False,0.0,0.0,0.0,0.0,False,False,True
1,7,2,170,False,0.0,0.0,0.0,0.0,False,False,True
1,7,2,310,False,0.0,0.0,0.0,0.0,False,False,True
1,7,2,520,False,0.0,0.0,0.0,0.0,False,False,True
1,7,3,170,False,0.0,0.0,0.0,0.0,False,False,True
1,7,3,310,False,0.0,0.0,0.0,0.0,False,False,True
1,7,3,520,False,0.0,0.0,0.0,0.0,False,False,True
1,8,0,170,False,0.0,0.0,0.0,0.0,False,False,True
1,8,0,310,False,0.0,0.0,0.0,0.0,False,False,True
1,8,0,520,False,0.0,0.0,0.0,0.0,False,False,True
1,8,1,170,False,0.0,0.0,0.0,0.0,False,False,True
1,8,1,310,False,0.0,0.0,0.0,0.0,False,False,True
1,8,1,520,False,0.0,0.0,0.0,0.0,False,False,True
1,8,2,170,True,0.0012273937463760376,-0.004238873720169067,-0.014899149537086487,-0.00012603402137756348,False,True,False
1,8,2,310,False,0.0,0.0,0.0,0.0,False,False,True
1,8,2,520,False,0.0,0.0,0.0,0.0,False,False,True
1,9,0,170,True,0.014049574732780457,0.01729772984981537,-0.0009564012289047241,-0.0025390684604644775,False,True,False
1,9,0,310,False,0.0,0.0,0.0,0.0,False,False,True
1,9,0,520,False,0.0,0.0,0.0,0.0,False,False,True
1,8,3,170,True,0.00881892442703247,-0.0032722055912017822,-0.0032722055912017822,0.0002370774745941162,True,False,False
1,8,3,310,False,0.0,0.0,0.0,0.0,False,False,True
1,8,3,520,False,0.0,0.0,0.0,0.0,False,False,True
1,9,1,170,True,0.0041710734367370605,0.03261557221412659,0.01701703667640686,0.001118779182434082,True,False,False
1,9,1,310,False,0.0,0.0,0.0,0.0,False,False,True
1,9,1,520,False,0.0,0.0,0.0,0.0,False,False,True
1,9,2,170,False,0.0,0.0,0.0,0.0,False,False,True
1,9,2,310,False,0.0,0.0,0.0,0.0,False,False,True
1,9,2,520,False,0.0,0.0,0.0,0.0,False,False,True
1,9,3,170,True,0.004211351275444031,0.0065422505140304565,0.007826223969459534,-0.0020008385181427,False,True,False
1,9,3,310,False,0.0,0.0,0.0,0.0,False,False,True
1,9,3,520,False,0.0,0.0,0.0,0.0,False,False,True
1,10,1,170,True,0.004149630665779114,0.000901147723197937,0.004593491554260254,-0.0002594590187072754,False,True,False
1,10,1,310,False,0.0,0.0,0.0,0.0,False,False,True
1,10,1,520,False,0.0,0.0,0.0,0.0,False,False,True
1,10,0,170,True,0.0011629164218902588,-0.004467606544494629,0.001385509967803955,0.00143471360206604,True,False,False
1,10,0,310,False,0.0,0.0,0.0,0.0,False,False,True
1,10,0,520,False,0.0,0.0,0.0,0.0,False,False,True
1,10,2,170,False,0.0,0.0,0.0,0.0,False,False,True
1,10,2,310,False,0.0,0.0,0.0,0.0,False,False,True
1,10,2,520,False,0.0,0.0,0.0,0.0,False,False,True
1,10,3,170,False,0.0,0.0,0.0,0.0,False,False,True
1,10,3,310,False,0.0,0.0,0.0,0.0,False,False,True
1,10,3,520,False,0.0,0.0,0.0,0.0,False,False,True
1,11,0,170,True,0.004435420036315918,0.006301581859588623,-0.01684798300266266,-0.0003291964530944824,False,True,False
1,11,0,310,False,0.0,0.0,0.0,0.0,False,False,True
1,11,0,520,False,0.0,0.0,0.0,0.0,False,False,True
1,11,1,170,False,0.0,0.0,0.0,0.0,False,False,True
1,11,1,310,False,0.0,0.0,0.0,0.0,False,False,True
1,11,1,520,False,0.0,0.0,0.0,0.0,False,False,True
1,11,2,170,True,0.0030390918254852295,0.0036358535289764404,0.01790568232536316,-0.006740450859069824,False,True,False
1,11,2,310,False,0.0,0.0,0.0,0.0,False,False,True
1,11,2,520,False,0.0,0.0,0.0,0.0,False,False,True
1,11,3,170,False,0.0,0.0,0.0,0.0,False,False,True
1,11,3,310,False,0.0,0.0,0.0,0.0,False,False,True
1,11,3,520,False,0.0,0.0,0.0,0.0,False,False,True
1,12,0,170,False,0.0,0.0,0.0,0.0,False,False,True
1,12,0,310,False,0.0,0.0,0.0,0.0,False,False,True
1,12,0,520,True,3.552436828613281e-05,-0.00014209747314453125,0.000406801700592041,-0.0004164576530456543,False,True,False
1,12,1,170,False,0.0,0.0,0.0,0.0,False,False,True
1,12,1,310,False,0.0,0.0,0.0,0.0,False,False,True
1,12,1,520,False,0.0,0.0,0.0,0.0,False,False,True
1,12,3,170,False,0.0,0.0,0.0,0.0,False,False,True
1,12,3,310,False,0.0,0.0,0.0,0.0,False,False,True
1,12,3,520,False,0.0,0.0,0.0,0.0,False,False,True
1,12,2,170,False,0.0,0.0,0.0,0.0,False,False,True
1,12,2,310,False,0.0,0.0,0.0,0.0,False,False,True
1,12,2,520,False,0.0,0.0,0.0,0.0,False,False,True
1,13,0,170,False,0.0,0.0,0.0,0.0,False,False,True
1,13,0,310,False,0.0,0.0,0.0,0.0,False,False,True
1,13,0,520,False,0.0,0.0,0.0,0.0,False,False,True
1,13,1,170,False,0.0,0.0,0.0,0.0,False,False,True
1,13,1,310,False,0.0,0.0,0.0,0.0,False,False,True
1,13,1,520,False,0.0,0.0,0.0,0.0,False,False,True
1,13,2,170,False,0.0,0.0,0.0,0.0,False,False,True
1,13,2,310,False,0.0,0.0,0.0,0.0,False,False,True
1,13,2,520,False,0.0,0.0,0.0,0.0,False,False,True
1,13,3,170,False,0.0,0.0,0.0,0.0,False,False,True
1,13,3,310,False,0.0,0.0,0.0,0.0,False,False,True
1,13,3,520,False,0.0,0.0,0.0,0.0,False,False,True
1,14,0,170,False,0.0,0.0,0.0,0.0,False,False,True
1,14,0,310,False,0.0,0.0,0.0,0.0,False,False,True
1,14,0,520,False,0.0,0.0,0.0,0.0,False,False,True
1,14,2,170,False,0.0,0.0,0.0,0.0,False,False,True
1,14,2,310,False,0.0,0.0,0.0,0.0,False,False,True
1,14,2,520,False,0.0,0.0,0.0,0.0,False,False,True
1,14,3,170,False,0.0,0.0,0.0,0.0,False,False,True
1,14,3,310,False,0.0,0.0,0.0,0.0,False,False,True
1,14,3,520,False,0.0,0.0,0.0,0.0,False,False,True
1,14,1,170,False,0.0,0.0,0.0,0.0,False,False,True
1,14,1,310,False,0.0,0.0,0.0,0.0,False,False,True
1,14,1,520,False,0.0,0.0,0.0,0.0,False,False,True
1,15,1,170,False,0.0,0.0,0.0,0.0,False,False,True
1,15,1,310,False,0.0,0.0,0.0,0.0,False,False,True
1,15,1,520,False,0.0,0.0,0.0,0.0,False,False,True
1,15,0,170,False,0.0,0.0,0.0,0.0,False,False,True
1,15,0,310,False,0.0,0.0,0.0,0.0,False,False,True
1,15,0,520,False,0.0,0.0,0.0,0.0,False,False,True
1,15,2,170,False,0.0,0.0,0.0,0.0,False,False,True
1,15,2,310,False,0.0,0.0,0.0,0.0,False,False,True
1,15,2,520,False,0.0,0.0,0.0,0.0,False,False,True
1,15,3,170,False,0.0,0.0,0.0,0.0,False,False,True
1,15,3,310,False,0.0,0.0,0.0,0.0,False,False,True
1,15,3,520,False,0.0,0.0,0.0,0.0,False,False,True
1,16,0,170,False,0.0,0.0,0.0,0.0,False,False,True
1,16,0,310,False,0.0,0.0,0.0,0.0,False,False,True
1,16,0,520,False,0.0,0.0,0.0,0.0,False,False,True
1,16,1,170,False,0.0,0.0,0.0,0.0,False,False,True
1,16,1,310,False,0.0,0.0,0.0,0.0,False,False,True
1,16,1,520,False,0.0,0.0,0.0,0.0,False,False,True
1,16,2,170,False,0.0,0.0,0.0,0.0,False,False,True
1,16,2,310,False,0.0,0.0,0.0,0.0,False,False,True
1,16,2,520,False,0.0,0.0,0.0,0.0,False,False,True
1,16,3,170,False,0.0,0.0,0.0,0.0,False,False,True
1,16,3,310,False,0.0,0.0,0.0,0.0,False,False,True
1,16,3,520,False,0.0,0.0,0.0,0.0,False,False,True
1,17,0,170,False,0.0,0.0,0.0,0.0,False,False,True
1,17,0,310,False,0.0,0.0,0.0,0.0,False,False,True
1,17,0,520,False,0.0,0.0,0.0,0.0,False,False,True
1,17,2,170,False,0.0,0.0,0.0,0.0,False,False,True
1,17,2,310,False,0.0,0.0,0.0,0.0,False,False,True
1,17,2,520,False,0.0,0.0,0.0,0.0,False,False,True
1,17,1,170,False,0.0,0.0,0.0,0.0,False,False,True
1,17,1,310,False,0.0,0.0,0.0,0.0,False,False,True
1,17,1,520,False,0.0,0.0,0.0,0.0,False,False,True
1,17,3,170,False,0.0,0.0,0.0,0.0,False,False,True
1,17,3,310,False,0.0,0.0,0.0,0.0,False,False,True
1,17,3,520,False,0.0,0.0,0.0,0.0,False,False,True
1,18,0,170,False,0.0,0.0,0.0,0.0,False,False,True
1,18,0,310,False,0.0,0.0,0.0,0.0,False,False,True
1,18,0,520,False,0.0,0.0,0.0,0.0,False,False,True
1,18,3,170,False,0.0,0.0,0.0,0.0,False,False,True
1,18,3,310,False,0.0,0.0,0.0,0.0,False,False,True
1,18,3,520,False,0.0,0.0,0.0,0.0,False,False,True
1,18,1,170,False,0.0,0.0,0.0,0.0,False,False,True
1,18,1,310,False,0.0,0.0,0.0,0.0,False,False,True
1,18,1,520,False,0.0,0.0,0.0,0.0,False,False,True
1,18,2,170,False,0.0,0.0,0.0,0.0,False,False,True
1,18,2,310,False,0.0,0.0,0.0,0.0,False,False,True
1,18,2,520,False,0.0,0.0,0.0,0.0,False,False,True
1,19,1,170,False,0.0,0.0,0.0,0.0,False,False,True
1,19,1,310,False,0.0,0.0,0.0,0.0,False,False,True
1,19,1,520,False,0.0,0.0,0.0,0.0,False,False,True
1,19,0,170,False,0.0,0.0,0.0,0.0,False,False,True
1,19,0,310,False,0.0,0.0,0.0,0.0,False,False,True
1,19,0,520,False,0.0,0.0,0.0,0.0,False,False,True
1,19,2,170,False,0.0,0.0,0.0,0.0,False,False,True
1,19,2,310,False,0.0,0.0,0.0,0.0,False,False,True
1,19,2,520,False,0.0,0.0,0.0,0.0,False,False,True
1,20,0,170,False,0.0,0.0,0.0,0.0,False,False,True
1,20,0,310,False,0.0,0.0,0.0,0.0,False,False,True
1,20,0,520,False,0.0,0.0,0.0,0.0,False,False,True
1,19,3,170,False,0.0,0.0,0.0,0.0,False,False,True
1,19,3,310,False,0.0,0.0,0.0,0.0,False,False,True
1,19,3,520,False,0.0,0.0,0.0,0.0,False,False,True
1,20,1,170,False,0.0,0.0,0.0,0.0,False,False,True
1,20,1,310,False,0.0,0.0,0.0,0.0,False,False,True
1,20,1,520,False,0.0,0.0,0.0,0.0,False,False,True
1,20,2,170,False,0.0,0.0,0.0,0.0,False,False,True
1,20,2,310,False,0.0,0.0,0.0,0.0,False,False,True
1,20,2,520,False,0.0,0.0,0.0,0.0,False,False,True
1,20,3,170,False,0.0,0.0,0.0,0.0,False,False,True
1,20,3,310,False,0.0,0.0,0.0,0.0,False,False,True
1,20,3,520,False,0.0,0.0,0.0,0.0,False,False,True
1,21,0,170,False,0.0,0.0,0.0,0.0,False,False,True
1,21,0,310,False,0.0,0.0,0.0,0.0,False,False,True
1,21,0,520,False,0.0,0.0,0.0,0.0,False,False,True
1,21,1,170,False,0.0,0.0,0.0,0.0,False,False,True
1,21,1,310,False,0.0,0.0,0.0,0.0,False,False,True
1,21,1,520,False,0.0,0.0,0.0,0.0,False,False,True
1,21,2,170,False,0.0,0.0,0.0,0.0,False,False,True
1,21,2,310,False,0.0,0.0,0.0,0.0,False,False,True
1,21,2,520,False,0.0,0.0,0.0,0.0,False,False,True
1,21,3,170,False,0.0,0.0,0.0,0.0,False,False,True
1,21,3,310,False,0.0,0.0,0.0,0.0,False,False,True
1,21,3,520,False,0.0,0.0,0.0,0.0,False,False,True
1,22,0,170,False,0.0,0.0,0.0,0.0,False,False,True
1,22,0,310,False,0.0,0.0,0.0,0.0,False,False,True
1,22,0,520,False,0.0,0.0,0.0,0.0,False,False,True
1,22,1,170,False,0.0,0.0,0.0,0.0,False,False,True
1,22,1,310,False,0.0,0.0,0.0,0.0,False,False,True
1,22,1,520,False,0.0,0.0,0.0,0.0,False,False,True
1,22,2,170,False,0.0,0.0,0.0,0.0,False,False,True
1,22,2,310,False,0.0,0.0,0.0,0.0,False,False,True
1,22,2,520,False,0.0,0.0,0.0,0.0,False,False,True
1,23,1,170,False,0.0,0.0,0.0,0.0,False,False,True
1,23,1,310,False,0.0,0.0,0.0,0.0,False,False,True
1,23,1,520,False,0.0,0.0,0.0,0.0,False,False,True
1,22,3,170,False,0.0,0.0,0.0,0.0,False,False,True
1,22,3,310,False,0.0,0.0,0.0,0.0,False,False,True
1,22,3,520,False,0.0,0.0,0.0,0.0,False,False,True
1,23,0,170,False,0.0,0.0,0.0,0.0,False,False,True
1,23,0,310,False,0.0,0.0,0.0,0.0,False,False,True
1,23,0,520,False,0.0,0.0,0.0,0.0,False,False,True
1,23,2,170,False,0.0,0.0,0.0,0.0,False,False,True
1,23,2,310,False,0.0,0.0,0.0,0.0,False,False,True
1,23,2,520,False,0.0,0.0,0.0,0.0,False,False,True
1,23,3,170,False,0.0,0.0,0.0,0.0,False,False,True
1,23,3,310,False,0.0,0.0,0.0,0.0,False,False,True
1,23,3,520,False,0.0,0.0,0.0,0.0,False,False,True
1,24,0,170,False,0.0,0.0,0.0,0.0,False,False,True
1,24,0,310,False,0.0,0.0,0.0,0.0,False,False,True
1,24,0,520,False,0.0,0.0,0.0,0.0,False,False,True
1,24,1,170,False,0.0,0.0,0.0,0.0,False,False,True
1,24,1,310,False,0.0,0.0,0.0,0.0,False,False,True
1,24,1,520,False,0.0,0.0,0.0,0.0,False,False,True
1,24,2,170,False,0.0,0.0,0.0,0.0,False,False,True
1,24,2,310,False,0.0,0.0,0.0,0.0,False,False,True
1,24,2,520,False,0.0,0.0,0.0,0.0,False,False,True
1,24,3,170,True,0.0033792853355407715,0.011113554239273071,-0.018959015607833862,0.00024271011352539062,True,False,False
1,24,3,310,False,0.0,0.0,0.0,0.0,False,False,True
1,24,3,520,False,0.0,0.0,0.0,0.0,False,False,True
1,25,0,170,True,0.0036578327417373657,0.0036578327417373657,0.0274781733751297,0.0016314387321472168,True,False,False
1,25,0,310,False,0.0,0.0,0.0,0.0,False,False,True
1,25,0,520,False,0.0,0.0,0.0,0.0,False,False,True
1,25,1,170,True,0.023768261075019836,0.003517135977745056,-0.007497549057006836,-0.0006329268217086792,False,True,False
1,25,1,310,False,0.0,0.0,0.0,0.0,False,False,True
1,25,1,520,False,0.0,0.0,0.0,0.0,False,False,True
1,25,2,170,False,0.0,0.0,0.0,0.0,False,False,True
1,25,2,310,False,0.0,0.0,0.0,0.0,False,False,True
1,25,2,520,False,0.0,0.0,0.0,0.0,False,False,True
1,25,3,170,False,0.0,0.0,0.0,0.0,False,False,True
1,25,3,310,False,0.0,0.0,0.0,0.0,False,False,True
1,25,3,520,False,0.0,0.0,0.0,0.0,False,False,True
1,26,0,170,True,0.023217320442199707,0.012788206338882446,0.0031992197036743164,-0.0005362927913665771,False,True,False
1,26,0,310,False,0.0,0.0,0.0,0.0,False,False,True
1,26,0,520,False,0.0,0.0,0.0,0.0,False,False,True
1,26,1,170,False,0.0,0.0,0.0,0.0,False,False,True
1,26,1,310,False,0.0,0.0,0.0,0.0,False,False,True
1,26,1,520,False,0.0,0.0,0.0,0.0,False,False,True
1,26,2,170,True,0.008079439401626587,0.008079439401626587,0.008079439401626587,0.003089308738708496,True,False,False
1,26,2,310,False,0.0,0.0,0.0,0.0,False,False,True
1,26,2,520,False,0.0,0.0,0.0,0.0,False,False,True
1,26,3,170,False,0.0,0.0,0.0,0.0,False,False,True
1,26,3,310,False,0.0,0.0,0.0,0.0,False,False,True
1,26,3,520,False,0.0,0.0,0.0,0.0,False,False,True
1,27,0,170,False,0.0,0.0,0.0,0.0,False,False,True
1,27,0,310,False,0.0,0.0,0.0,0.0,False,False,True
1,27,0,520,False,0.0,0.0,0.0,0.0,False,False,True
1,27,1,170,True,0.011655628681182861,0.01315915584564209,0.013072937726974487,0.00033417344093322754,True,False,False
1,27,1,310,False,0.0,0.0,0.0,0.0,False,False,True
1,27,1,520,False,0.0,0.0,0.0,0.0,False,False,True
1,27,3,170,False,0.0,0.0,0.0,0.0,False,False,True
1,27,3,310,False,0.0,0.0,0.0,0.0,False,False,True
1,27,3,520,False,0.0,0.0,0.0,0.0,False,False,True
1,27,2,170,False,0.0,0.0,0.0,0.0,False,False,True
1,27,2,310,False,0.0,0.0,0.0,0.0,False,False,True
1,27,2,520,False,0.0,0.0,0.0,0.0,False,False,True
1,28,0,170,False,0.0,0.0,0.0,0.0,False,False,True
1,28,0,310,False,0.0,0.0,0.0,0.0,False,False,True
1,28,0,520,False,0.0,0.0,0.0,0.0,False,False,True
1,28,1,170,False,0.0,0.0,0.0,0.0,False,False,True
1,28,1,310,False,0.0,0.0,0.0,0.0,False,False,True
1,28,1,520,False,0.0,0.0,0.0,0.0,False,False,True
1,28,2,170,True,0.006448417901992798,-0.012030631303787231,0.002420276403427124,0.0013423562049865723,True,False,False
1,28,2,310,False,0.0,0.0,0.0,0.0,False,False,True
1,28,2,520,False,0.0,0.0,0.0,0.0,False,False,True
1,28,3,170,False,0.0,0.0,0.0,0.0,False,False,True
1,28,3,310,False,0.0,0.0,0.0,0.0,False,False,True
1,28,3,520,False,0.0,0.0,0.0,0.0,False,False,True
1,29,0,170,False,0.0,0.0,0.0,0.0,False,False,True
1,29,0,310,False,0.0,0.0,0.0,0.0,False,False,True
1,29,0,520,False,0.0,0.0,0.0,0.0,False,False,True
1,29,1,170,False,0.0,0.0,0.0,0.0,False,False,True
1,29,1,310,False,0.0,0.0,0.0,0.0,False,False,True
1,29,1,520,False,0.0,0.0,0.0,0.0,False,False,True
1,29,2,170,False,0.0,0.0,0.0,0.0,False,False,True
1,29,2,310,False,0.0,0.0,0.0,0.0,False,False,True
1,29,2,520,False,0.0,0.0,0.0,0.0,False,False,True
1,29,3,170,True,0.002908676862716675,0.0152357816696167,0.018879324197769165,-0.002553611993789673,False,True,False
1,29,3,310,False,0.0,0.0,0.0,0.0,False,False,True
1,29,3,520,False,0.0,0.0,0.0,0.0,False,False,True
1,30,1,170,False,0.0,0.0,0.0,0.0,False,False,True
1,30,1,310,False,0.0,0.0,0.0,0.0,False,False,True
1,30,1,520,False,0.0,0.0,0.0,0.0,False,False,True
1,30,0,170,True,0.010152071714401245,0.0041030943393707275,-0.00992131233215332,0.0008996129035949707,True,False,False
1,30,0,310,False,0.0,0.0,0.0,0.0,False,False,True
1,30,0,520,False,0.0,0.0,0.0,0.0,False,False,True
1,30,2,170,False,0.0,0.0,0.0,0.0,False,False,True
1,30,2,310,False,0.0,0.0,0.0,0.0,False,False,True
1,30,2,520,False,0.0,0.0,0.0,0.0,False,False,True
1,30,3,170,False,0.0,0.0,0.0,0.0,False,False,True
1,30,3,310,False,0.0,0.0,0.0,0.0,False,False,True
1,30,3,520,False,0.0,0.0,0.0,0.0,False,False,True
1,31,0,170,False,0.0,0.0,0.0,0.0,False,False,True
1,31,0,310,False,0.0,0.0,0.0,0.0,False,False,True
1,31,0,520,False,0.0,0.0,0.0,0.0,False,False,True
1,31,1,170,False,0.0,0.0,0.0,0.0,False,False,True
1,31,1,310,False,0.0,0.0,0.0,0.0,False,False,True
1,31,1,520,False,0.0,0.0,0.0,0.0,False,False,True
1,31,2,170,False,0.0,0.0,0.0,0.0,False,False,True
1,31,2,310,False,0.0,0.0,0.0,0.0,False,False,True
1,31,2,520,False,0.0,0.0,0.0,0.0,False,False,True
1,31,3,170,False,0.0,0.0,0.0,0.0,False,False,True
1,31,3,310,False,0.0,0.0,0.0,0.0,False,False,True
1,31,3,520,False,0.0,0.0,0.0,0.0,False,False,True
1,32,0,170,False,0.0,0.0,0.0,0.0,False,False,True
1,32,0,310,False,0.0,0.0,0.0,0.0,False,False,True
1,32,0,520,False,0.0,0.0,0.0,0.0,False,False,True
1,32,1,170,True,0.012806564569473267,0.0009343624114990234,-0.0021459758281707764,-0.00011160969734191895,False,True,False
1,32,1,310,False,0.0,0.0,0.0,0.0,False,False,True
1,32,1,520,False,0.0,0.0,0.0,0.0,False,False,True
1,33,0,170,False,0.0,0.0,0.0,0.0,False,False,True
1,33,0,310,False,0.0,0.0,0.0,0.0,False,False,True
1,33,0,520,False,0.0,0.0,0.0,0.0,False,False,True
1,33,1,170,False,0.0,0.0,0.0,0.0,False,False,True
1,33,1,310,False,0.0,0.0,0.0,0.0,False,False,True
1,33,1,520,True,2.4378299713134766e-05,-4.151463508605957e-05,-4.240870475769043e-05,-0.00012215971946716309,False,True,False
1,32,2,170,False,0.0,0.0,0.0,0.0,False,False,True
1,32,2,310,False,0.0,0.0,0.0,0.0,False,False,True
1,32,2,520,False,0.0,0.0,0.0,0.0,False,False,True
1,32,3,170,False,0.0,0.0,0.0,0.0,False,False,True
1,32,3,310,False,0.0,0.0,0.0,0.0,False,False,True
1,32,3,520,False,0.0,0.0,0.0,0.0,False,False,True
1,33,2,170,False,0.0,0.0,0.0,0.0,False,False,True
1,33,2,310,False,0.0,0.0,0.0,0.0,False,False,True
1,33,2,520,False,0.0,0.0,0.0,0.0,False,False,True
1,33,3,170,False,0.0,0.0,0.0,0.0,False,False,True
1,33,3,310,False,0.0,0.0,0.0,0.0,False,False,True
1,33,3,520,False,0.0,0.0,0.0,0.0,False,False,True
1,34,0,170,True,0.00738900899887085,-0.013121470808982849,5.662441253662109e-06,-0.00030985474586486816,False,True,False
1,34,0,310,False,0.0,0.0,0.0,0.0,False,False,True
1,34,0,520,False,0.0,0.0,0.0,0.0,False,False,True
1,34,1,170,False,0.0,0.0,0.0,0.0,False,False,True
1,34,1,310,False,0.0,0.0,0.0,0.0,False,False,True
1,34,1,520,False,0.0,0.0,0.0,0.0,False,False,True
1,34,3,170,True,0.002302229404449463,0.002302229404449463,0.021129965782165527,0.0017126798629760742,True,False,False
1,34,3,310,False,0.0,0.0,0.0,0.0,False,False,True
1,34,3,520,False,0.0,0.0,0.0,0.0,False,False,True
1,34,2,170,False,0.0,0.0,0.0,0.0,False,False,True
1,34,2,310,False,0.0,0.0,0.0,0.0,False,False,True
1,34,2,520,False,0.0,0.0,0.0,0.0,False,False,True
1,35,0,170,False,0.0,0.0,0.0,0.0,False,False,True
1,35,0,310,False,0.0,0.0,0.0,0.0,False,False,True
1,35,0,520,False,0.0,0.0,0.0,0.0,False,False,True
1,35,1,170,True,0.012602359056472778,-0.039991214871406555,-0.017775103449821472,-0.00323641300201416,False,True,False
1,35,1,310,False,0.0,0.0,0.0,0.0,False,False,True
1,35,1,520,False,0.0,0.0,0.0,0.0,False,False,True
1,35,3,170,False,0.0,0.0,0.0,0.0,False,False,True
1,35,3,310,False,0.0,0.0,0.0,0.0,False,False,True
1,35,3,520,False,0.0,0.0,0.0,0.0,False,False,True
1,35,2,170,True,0.010591372847557068,0.018012285232543945,0.001198410987854004,-0.0028193295001983643,False,True,False
1,35,2,310,False,0.0,0.0,0.0,0.0,False,False,True
1,35,2,520,False,0.0,0.0,0.0,0.0,False,False,True
2,0,2,170,False,0.0,0.0,0.0,0.0,False,False,True
2,0,2,310,True,7.647275924682617e-05,0.0009091496467590332,0.00048363208770751953,0.0001360177993774414,True,False,False
2,0,2,520,False,0.0,0.0,0.0,0.0,False,False,True
2,0,0,170,False,0.0,0.0,0.0,0.0,False,False,True
2,0,0,310,False,0.0,0.0,0.0,0.0,False,False,True
2,0,0,520,False,0.0,0.0,0.0,0.0,False,False,True
2,0,1,170,False,0.0,0.0,0.0,0.0,False,False,True
2,0,1,310,False,0.0,0.0,0.0,0.0,False,False,True
2,0,1,520,False,0.0,0.0,0.0,0.0,False,False,True
2,0,3,170,False,0.0,0.0,0.0,0.0,False,False,True
2,0,3,310,False,0.0,0.0,0.0,0.0,False,False,True
2,0,3,520,False,0.0,0.0,0.0,0.0,False,False,True
2,1,0,170,False,0.0,0.0,0.0,0.0,False,False,True
2,1,0,310,True,7.176399230957031e-05,0.00025531649589538574,-8.845329284667969e-05,-8.016824722290039e-06,False,True,False
2,1,0,520,False,0.0,0.0,0.0,0.0,False,False,True
2,1,1,170,False,0.0,0.0,0.0,0.0,False,False,True
2,1,1,310,False,0.0,0.0,0.0,0.0,False,False,True
2,1,1,520,False,0.0,0.0,0.0,0.0,False,False,True
2,1,2,170,False,0.0,0.0,0.0,0.0,False,False,True
2,1,2,310,False,0.0,0.0,0.0,0.0,False,False,True
2,1,2,520,False,0.0,0.0,0.0,0.0,False,False,True
2,1,3,170,False,0.0,0.0,0.0,0.0,False,False,True
2,1,3,310,False,0.0,0.0,0.0,0.0,False,False,True
2,1,3,520,False,0.0,0.0,0.0,0.0,False,False,True
2,2,0,170,False,0.0,0.0,0.0,0.0,False,False,True
2,2,0,310,False,0.0,0.0,0.0,0.0,False,False,True
2,2,0,520,False,0.0,0.0,0.0,0.0,False,False,True
2,2,1,170,False,0.0,0.0,0.0,0.0,False,False,True
2,2,1,310,False,0.0,0.0,0.0,0.0,False,False,True
2,2,1,520,False,0.0,0.0,0.0,0.0,False,False,True
2,2,2,170,False,0.0,0.0,0.0,0.0,False,False,True
2,2,2,310,False,0.0,0.0,0.0,0.0,False,False,True
2,2,2,520,False,0.0,0.0,0.0,0.0,False,False,True
2,2,3,170,False,0.0,0.0,0.0,0.0,False,False,True
2,2,3,310,False,0.0,0.0,0.0,0.0,False,False,True
2,2,3,520,False,0.0,0.0,0.0,0.0,False,False,True
2,3,0,170,False,0.0,0.0,0.0,0.0,False,False,True
2,3,0,310,False,0.0,0.0,0.0,0.0,False,False,True
2,3,0,520,False,0.0,0.0,0.0,0.0,False,False,True
2,3,1,170,False,0.0,0.0,0.0,0.0,False,False,True
2,3,1,310,False,0.0,0.0,0.0,0.0,False,False,True
2,3,1,520,False,0.0,0.0,0.0,0.0,False,False,True
2,3,2,170,False,0.0,0.0,0.0,0.0,False,False,True
2,3,2,310,False,0.0,0.0,0.0,0.0,False,False,True
2,3,2,520,False,0.0,0.0,0.0,0.0,False,False,True
2,4,0,170,False,0.0,0.0,0.0,0.0,False,False,True
2,4,0,310,False,0.0,0.0,0.0,0.0,False,False,True
2,4,0,520,False,0.0,0.0,0.0,0.0,False,False,True
2,3,3,170,False,0.0,0.0,0.0,0.0,False,False,True
2,3,3,310,False,0.0,0.0,0.0,0.0,False,False,True
2,3,3,520,False,0.0,0.0,0.0,0.0,False,False,True
2,4,1,170,False,0.0,0.0,0.0,0.0,False,False,True
2,4,1,310,False,0.0,0.0,0.0,0.0,False,False,True
2,4,1,520,False,0.0,0.0,0.0,0.0,False,False,True
2,4,2,170,False,0.0,0.0,0.0,0.0,False,False,True
2,4,2,310,False,0.0,0.0,0.0,0.0,False,False,True
2,4,2,520,False,0.0,0.0,0.0,0.0,False,False,True
2,4,3,170,False,0.0,0.0,0.0,0.0,False,False,True
2,4,3,310,False,0.0,0.0,0.0,0.0,False,False,True
2,4,3,520,False,0.0,0.0,0.0,0.0,False,False,True
2,5,0,170,False,0.0,0.0,0.0,0.0,False,False,True
2,5,0,310,False,0.0,0.0,0.0,0.0,False,False,True
2,5,0,520,False,0.0,0.0,0.0,0.0,False,False,True
2,5,3,170,False,0.0,0.0,0.0,0.0,False,False,True
2,5,3,310,False,0.0,0.0,0.0,0.0,False,False,True
2,5,3,520,False,0.0,0.0,0.0,0.0,False,False,True
2,5,1,170,False,0.0,0.0,0.0,0.0,False,False,True
2,5,1,310,False,0.0,0.0,0.0,0.0,False,False,True
2,5,1,520,False,0.0,0.0,0.0,0.0,False,False,True
2,5,2,170,False,0.0,0.0,0.0,0.0,False,False,True
2,5,2,310,False,0.0,0.0,0.0,0.0,False,False,True
2,5,2,520,False,0.0,0.0,0.0,0.0,False,False,True
2,6,0,170,False,0.0,0.0,0.0,0.0,False,False,True
2,6,0,310,True,0.0010281503200531006,0.0007838010787963867,-0.0011619329452514648,-0.0003533363342285156,False,True,False
2,6,0,520,False,0.0,0.0,0.0,0.0,False,False,True
2,6,1,170,True,0.007237419486045837,0.007237419486045837,7.107853889465332e-06,0.0002922564744949341,True,False,False
2,6,1,310,False,0.0,0.0,0.0,0.0,False,False,True
2,6,1,520,False,0.0,0.0,0.0,0.0,False,False,True
2,6,2,170,False,0.0,0.0,0.0,0.0,False,False,True
2,6,2,310,False,0.0,0.0,0.0,0.0,False,False,True
2,6,2,520,False,0.0,0.0,0.0,0.0,False,False,True
2,7,0,170,False,0.0,0.0,0.0,0.0,False,False,True
2,7,0,310,False,0.0,0.0,0.0,0.0,False,False,True
2,7,0,520,False,0.0,0.0,0.0,0.0,False,False,True
2,6,3,170,True,0.009647533297538757,-0.001004233956336975,0.006845459342002869,-8.046627044677734e-07,False,True,False
2,6,3,310,False,0.0,0.0,0.0,0.0,False,False,True
2,6,3,520,False,0.0,0.0,0.0,0.0,False,False,True
2,7,1,170,False,0.0,0.0,0.0,0.0,False,False,True
2,7,1,310,False,0.0,0.0,0.0,0.0,False,False,True
2,7,1,520,False,0.0,0.0,0.0,0.0,False,False,True
2,7,2,170,False,0.0,0.0,0.0,0.0,False,False,True
2,7,2,310,False,0.0,0.0,0.0,0.0,False,False,True
2,7,2,520,False,0.0,0.0,0.0,0.0,False,False,True
2,7,3,170,False,0.0,0.0,0.0,0.0,False,False,True
2,7,3,310,False,0.0,0.0,0.0,0.0,False,False,True
2,7,3,520,False,0.0,0.0,0.0,0.0,False,False,True
2,8,1,170,False,0.0,0.0,0.0,0.0,False,False,True
2,8,1,310,False,0.0,0.0,0.0,0.0,False,False,True
2,8,1,520,False,0.0,0.0,0.0,0.0,False,False,True
2,8,0,170,False,0.0,0.0,0.0,0.0,False,False,True
2,8,0,310,False,0.0,0.0,0.0,0.0,False,False,True
2,8,0,520,False,0.0,0.0,0.0,0.0,False,False,True
2,8,3,170,False,0.0,0.0,0.0,0.0,False,False,True
2,8,3,310,False,0.0,0.0,0.0,0.0,False,False,True
2,8,3,520,False,0.0,0.0,0.0,0.0,False,False,True
2,9,0,170,False,0.0,0.0,0.0,0.0,False,False,True
2,9,0,310,False,0.0,0.0,0.0,0.0,False,False,True
2,9,0,520,False,0.0,0.0,0.0,0.0,False,False,True
2,8,2,170,False,0.0,0.0,0.0,0.0,False,False,True
2,8,2,310,False,0.0,0.0,0.0,0.0,False,False,True
2,8,2,520,False,0.0,0.0,0.0,0.0,False,False,True
2,9,1,170,False,0.0,0.0,0.0,0.0,False,False,True
2,9,1,310,False,0.0,0.0,0.0,0.0,False,False,True
2,9,1,520,False,0.0,0.0,0.0,0.0,False,False,True
2,9,2,170,False,0.0,0.0,0.0,0.0,False,False,True
2,9,2,310,False,0.0,0.0,0.0,0.0,False,False,True
2,9,2,520,False,0.0,0.0,0.0,0.0,False,False,True
2,10,0,170,False,0.0,0.0,0.0,0.0,False,False,True
2,10,0,310,False,0.0,0.0,0.0,0.0,False,False,True
2,10,0,520,False,0.0,0.0,0.0,0.0,False,False,True
2,9,3,170,False,0.0,0.0,0.0,0.0,False,False,True
2,9,3,310,False,0.0,0.0,0.0,0.0,False,False,True
2,9,3,520,False,0.0,0.0,0.0,0.0,False,False,True
2,10,1,170,False,0.0,0.0,0.0,0.0,False,False,True
2,10,1,310,False,0.0,0.0,0.0,0.0,False,False,True
2,10,1,520,False,0.0,0.0,0.0,0.0,False,False,True
2,10,2,170,False,0.0,0.0,0.0,0.0,False,False,True
2,10,2,310,False,0.0,0.0,0.0,0.0,False,False,True
2,10,2,520,False,0.0,0.0,0.0,0.0,False,False,True
2,10,3,170,False,0.0,0.0,0.0,0.0,False,False,True
2,10,3,310,False,0.0,0.0,0.0,0.0,False,False,True
2,10,3,520,False,0.0,0.0,0.0,0.0,False,False,True
2,11,0,170,False,0.0,0.0,0.0,0.0,False,False,True
2,11,0,310,False,0.0,0.0,0.0,0.0,False,False,True
2,11,0,520,False,0.0,0.0,0.0,0.0,False,False,True
2,11,1,170,False,0.0,0.0,0.0,0.0,False,False,True
2,11,1,310,False,0.0,0.0,0.0,0.0,False,False,True
2,11,1,520,False,0.0,0.0,0.0,0.0,False,False,True
2,11,3,170,False,0.0,0.0,0.0,0.0,False,False,True
2,11,3,310,False,0.0,0.0,0.0,0.0,False,False,True
2,11,3,520,False,0.0,0.0,0.0,0.0,False,False,True
2,11,2,170,False,0.0,0.0,0.0,0.0,False,False,True
2,11,2,310,True,0.0008634328842163086,-0.0006047189235687256,-0.0011486709117889404,-0.0008599162101745605,False,True,False
2,11,2,520,False,0.0,0.0,0.0,0.0,False,False,True
2,12,0,170,False,0.0,0.0,0.0,0.0,False,False,True
2,12,0,310,False,0.0,0.0,0.0,0.0,False,False,True
2,12,0,520,False,0.0,0.0,0.0,0.0,False,False,True
2,12,1,170,False,0.0,0.0,0.0,0.0,False,False,True
2,12,1,310,False,0.0,0.0,0.0,0.0,False,False,True
2,12,1,520,False,0.0,0.0,0.0,0.0,False,False,True
2,12,2,170,False,0.0,0.0,0.0,0.0,False,False,True
2,12,2,310,False,0.0,0.0,0.0,0.0,False,False,True
2,12,2,520,False,0.0,0.0,0.0,0.0,False,False,True
2,12,3,170,False,0.0,0.0,0.0,0.0,False,False,True
2,12,3,310,False,0.0,0.0,0.0,0.0,False,False,True
2,12,3,520,False,0.0,0.0,0.0,0.0,False,False,True
2,13,0,170,False,0.0,0.0,0.0,0.0,False,False,True
2,13,0,310,False,0.0,0.0,0.0,0.0,False,False,True
2,13,0,520,False,0.0,0.0,0.0,0.0,False,False,True
2,13,1,170,False,0.0,0.0,0.0,0.0,False,False,True
2,13,1,310,False,0.0,0.0,0.0,0.0,False,False,True
2,13,1,520,False,0.0,0.0,0.0,0.0,False,False,True
2,13,2,170,False,0.0,0.0,0.0,0.0,False,False,True
2,13,2,310,False,0.0,0.0,0.0,0.0,False,False,True
2,13,2,520,False,0.0,0.0,0.0,0.0,False,False,True
2,13,3,170,False,0.0,0.0,0.0,0.0,False,False,True
2,13,3,310,False,0.0,0.0,0.0,0.0,False,False,True
2,13,3,520,False,0.0,0.0,0.0,0.0,False,False,True
2,14,0,170,False,0.0,0.0,0.0,0.0,False,False,True
2,14,0,310,False,0.0,0.0,0.0,0.0,False,False,True
2,14,0,520,False,0.0,0.0,0.0,0.0,False,False,True
2,14,2,170,False,0.0,0.0,0.0,0.0,False,False,True
2,14,2,310,False,0.0,0.0,0.0,0.0,False,False,True
2,14,2,520,False,0.0,0.0,0.0,0.0,False,False,True
2,14,3,170,False,0.0,0.0,0.0,0.0,False,False,True
2,14,3,310,False,0.0,0.0,0.0,0.0,False,False,True
2,14,3,520,False,0.0,0.0,0.0,0.0,False,False,True
2,14,1,170,False,0.0,0.0,0.0,0.0,False,False,True
2,14,1,310,False,0.0,0.0,0.0,0.0,False,False,True
2,14,1,520,False,0.0,0.0,0.0,0.0,False,False,True
2,15,0,170,False,0.0,0.0,0.0,0.0,False,False,True
2,15,0,310,False,0.0,0.0,0.0,0.0,False,False,True
2,15,0,520,False,0.0,0.0,0.0,0.0,False,False,True
2,15,1,170,False,0.0,0.0,0.0,0.0,False,False,True
2,15,1,310,False,0.0,0.0,0.0,0.0,False,False,True
2,15,1,520,False,0.0,0.0,0.0,0.0,False,False,True
2,15,3,170,False,0.0,0.0,0.0,0.0,False,False,True
2,15,3,310,False,0.0,0.0,0.0,0.0,False,False,True
2,15,3,520,False,0.0,0.0,0.0,0.0,False,False,True
2,16,1,170,False,0.0,0.0,0.0,0.0,False,False,True
2,16,1,310,False,0.0,0.0,0.0,0.0,False,False,True
2,16,1,520,False,0.0,0.0,0.0,0.0,False,False,True
2,15,2,170,False,0.0,0.0,0.0,0.0,False,False,True
2,15,2,310,False,0.0,0.0,0.0,0.0,False,False,True
2,15,2,520,False,0.0,0.0,0.0,0.0,False,False,True
2,16,0,170,False,0.0,0.0,0.0,0.0,False,False,True
2,16,0,310,False,0.0,0.0,0.0,0.0,False,False,True
2,16,0,520,False,0.0,0.0,0.0,0.0,False,False,True
2,16,2,170,False,0.0,0.0,0.0,0.0,False,False,True
2,16,2,310,False,0.0,0.0,0.0,0.0,False,False,True
2,16,2,520,False,0.0,0.0,0.0,0.0,False,False,True
2,16,3,170,False,0.0,0.0,0.0,0.0,False,False,True
2,16,3,310,False,0.0,0.0,0.0,0.0,False,False,True
2,16,3,520,False,0.0,0.0,0.0,0.0,False,False,True
2,17,0,170,False,0.0,0.0,0.0,0.0,False,False,True
2,17,0,310,False,0.0,0.0,0.0,0.0,False,False,True
2,17,0,520,False,0.0,0.0,0.0,0.0,False,False,True
2,17,1,170,False,0.0,0.0,0.0,0.0,False,False,True
2,17,1,310,False,0.0,0.0,0.0,0.0,False,False,True
2,17,1,520,False,0.0,0.0,0.0,0.0,False,False,True
2,17,2,170,False,0.0,0.0,0.0,0.0,False,False,True
2,17,2,310,False,0.0,0.0,0.0,0.0,False,False,True
2,17,2,520,False,0.0,0.0,0.0,0.0,False,False,True
2,17,3,170,False,0.0,0.0,0.0,0.0,False,False,True
2,17,3,310,False,0.0,0.0,0.0,0.0,False,False,True
2,17,3,520,False,0.0,0.0,0.0,0.0,False,False,True
2,18,0,170,False,0.0,0.0,0.0,0.0,False,False,True
2,18,0,310,False,0.0,0.0,0.0,0.0,False,False,True
2,18,0,520,False,0.0,0.0,0.0,0.0,False,False,True
2,18,1,170,False,0.0,0.0,0.0,0.0,False,False,True
2,18,1,310,False,0.0,0.0,0.0,0.0,False,False,True
2,18,1,520,False,0.0,0.0,0.0,0.0,False,False,True
2,18,2,170,True,0.031800270080566406,0.013349831104278564,-0.01079222559928894,-0.00020688772201538086,False,True,False
2,18,2,310,False,0.0,0.0,0.0,0.0,False,False,True
2,18,2,520,False,0.0,0.0,0.0,0.0,False,False,True
2,18,3,170,True,0.03618881106376648,-0.0014702677726745605,0.010893017053604126,0.00017201900482177734,True,False,False
2,18,3,310,False,0.0,0.0,0.0,0.0,False,False,True
2,18,3,520,False,0.0,0.0,0.0,0.0,False,False,True
2,19,0,170,False,0.0,0.0,0.0,0.0,False,False,True
2,19,0,310,False,0.0,0.0,0.0,0.0,False,False,True
2,19,0,520,False,0.0,0.0,0.0,0.0,False,False,True
2,19,1,170,False,0.0,0.0,0.0,0.0,False,False,True
2,19,1,310,False,0.0,0.0,0.0,0.0,False,False,True
2,19,1,520,False,0.0,0.0,0.0,0.0,False,False,True
2,19,2,170,False,0.0,0.0,0.0,0.0,False,False,True
2,19,2,310,False,0.0,0.0,0.0,0.0,False,False,True
2,19,2,520,False,0.0,0.0,0.0,0.0,False,False,True
2,19,3,170,False,0.0,0.0,0.0,0.0,False,False,True
2,19,3,310,False,0.0,0.0,0.0,0.0,False,False,True
2,19,3,520,False,0.0,0.0,0.0,0.0,False,False,True
2,20,0,170,False,0.0,0.0,0.0,0.0,False,False,True
2,20,0,310,False,0.0,0.0,0.0,0.0,False,False,True
2,20,0,520,False,0.0,0.0,0.0,0.0,False,False,True
2,20,1,170,False,0.0,0.0,0.0,0.0,False,False,True
2,20,1,310,False,0.0,0.0,0.0,0.0,False,False,True
2,20,1,520,False,0.0,0.0,0.0,0.0,False,False,True
2,20,2,170,False,0.0,0.0,0.0,0.0,False,False,True
2,20,2,310,False,0.0,0.0,0.0,0.0,False,False,True
2,20,2,520,False,0.0,0.0,0.0,0.0,False,False,True
2,20,3,170,False,0.0,0.0,0.0,0.0,False,False,True
2,20,3,310,False,0.0,0.0,0.0,0.0,False,False,True
2,20,3,520,False,0.0,0.0,0.0,0.0,False,False,True
2,21,0,170,False,0.0,0.0,0.0,0.0,False,False,True
2,21,0,310,False,0.0,0.0,0.0,0.0,False,False,True
2,21,0,520,False,0.0,0.0,0.0,0.0,False,False,True
2,21,2,170,False,0.0,0.0,0.0,0.0,False,False,True
2,21,2,310,False,0.0,0.0,0.0,0.0,False,False,True
2,21,2,520,False,0.0,0.0,0.0,0.0,False,False,True
2,21,1,170,False,0.0,0.0,0.0,0.0,False,False,True
2,21,1,310,False,0.0,0.0,0.0,0.0,False,False,True
2,21,1,520,False,0.0,0.0,0.0,0.0,False,False,True
2,21,3,170,False,0.0,0.0,0.0,0.0,False,False,True
2,21,3,310,False,0.0,0.0,0.0,0.0,False,False,True
2,21,3,520,False,0.0,0.0,0.0,0.0,False,False,True
2,22,0,170,False,0.0,0.0,0.0,0.0,False,False,True
2,22,0,310,False,0.0,0.0,0.0,0.0,False,False,True
2,22,0,520,False,0.0,0.0,0.0,0.0,False,False,True
2,22,1,170,False,0.0,0.0,0.0,0.0,False,False,True
2,22,1,310,False,0.0,0.0,0.0,0.0,False,False,True
2,22,1,520,False,0.0,0.0,0.0,0.0,False,False,True
2,22,2,170,False,0.0,0.0,0.0,0.0,False,False,True
2,22,2,310,False,0.0,0.0,0.0,0.0,False,False,True
2,22,2,520,False,0.0,0.0,0.0,0.0,False,False,True
2,22,3,170,False,0.0,0.0,0.0,0.0,False,False,True
2,22,3,310,False,0.0,0.0,0.0,0.0,False,False,True
2,22,3,520,False,0.0,0.0,0.0,0.0,False,False,True
2,23,0,170,False,0.0,0.0,0.0,0.0,False,False,True
2,23,0,310,False,0.0,0.0,0.0,0.0,False,False,True
2,23,0,520,False,0.0,0.0,0.0,0.0,False,False,True
2,23,2,170,False,0.0,0.0,0.0,0.0,False,False,True
2,23,2,310,False,0.0,0.0,0.0,0.0,False,False,True
2,23,2,520,False,0.0,0.0,0.0,0.0,False,False,True
2,23,1,170,False,0.0,0.0,0.0,0.0,False,False,True
2,23,1,310,False,0.0,0.0,0.0,0.0,False,False,True
2,23,1,520,True,0.0007191896438598633,-0.00024175643920898438,0.00019884109497070312,0.00022798776626586914,True,False,False
2,23,3,170,False,0.0,0.0,0.0,0.0,False,False,True
2,23,3,310,False,0.0,0.0,0.0,0.0,False,False,True
2,23,3,520,False,0.0,0.0,0.0,0.0,False,False,True
2,24,0,170,False,0.0,0.0,0.0,0.0,False,False,True
2,24,0,310,False,0.0,0.0,0.0,0.0,False,False,True
2,24,0,520,False,0.0,0.0,0.0,0.0,False,False,True
2,24,1,170,True,0.013461410999298096,0.013605654239654541,0.011282399296760559,0.0011906027793884277,True,False,False
2,24,1,310,False,0.0,0.0,0.0,0.0,False,False,True
2,24,1,520,False,0.0,0.0,0.0,0.0,False,False,True
2,24,2,170,False,0.0,0.0,0.0,0.0,False,False,True
2,24,2,310,False,0.0,0.0,0.0,0.0,False,False,True
2,24,2,520,False,0.0,0.0,0.0,0.0,False,False,True
2,24,3,170,False,0.0,0.0,0.0,0.0,False,False,True
2,24,3,310,False,0.0,0.0,0.0,0.0,False,False,True
2,24,3,520,False,0.0,0.0,0.0,0.0,False,False,True
2,25,1,170,False,0.0,0.0,0.0,0.0,False,False,True
2,25,1,310,False,0.0,0.0,0.0,0.0,False,False,True
2,25,1,520,False,0.0,0.0,0.0,0.0,False,False,True
2,25,2,170,False,0.0,0.0,0.0,0.0,False,False,True
2,25,2,310,False,0.0,0.0,0.0,0.0,False,False,True
2,25,2,520,False,0.0,0.0,0.0,0.0,False,False,True
2,25,0,170,False,0.0,0.0,0.0,0.0,False,False,True
2,25,0,310,False,0.0,0.0,0.0,0.0,False,False,True
2,25,0,520,False,0.0,0.0,0.0,0.0,False,False,True
2,25,3,170,False,0.0,0.0,0.0,0.0,False,False,True
2,25,3,310,False,0.0,0.0,0.0,0.0,False,False,True
2,25,3,520,False,0.0,0.0,0.0,0.0,False,False,True
2,26,0,170,False,0.0,0.0,0.0,0.0,False,False,True
2,26,0,310,False,0.0,0.0,0.0,0.0,False,False,True
2,26,0,520,False,0.0,0.0,0.0,0.0,False,False,True
2,26,1,170,True,0.010075569152832031,0.010075569152832031,-0.009572714567184448,-0.0012625157833099365,False,True,False
2,26,1,310,False,0.0,0.0,0.0,0.0,False,False,True
2,26,1,520,False,0.0,0.0,0.0,0.0,False,False,True
2,26,3,170,False,0.0,0.0,0.0,0.0,False,False,True
2,26,3,310,False,0.0,0.0,0.0,0.0,False,False,True
2,26,3,520,False,0.0,0.0,0.0,0.0,False,False,True
2,26,2,170,False,0.0,0.0,0.0,0.0,False,False,True
2,26,2,310,False,0.0,0.0,0.0,0.0,False,False,True
2,26,2,520,False,0.0,0.0,0.0,0.0,False,False,True
2,27,0,170,False,0.0,0.0,0.0,0.0,False,False,True
2,27,0,310,False,0.0,0.0,0.0,0.0,False,False,True
2,27,0,520,False,0.0,0.0,0.0,0.0,False,False,True
2,27,1,170,False,0.0,0.0,0.0,0.0,False,False,True
2,27,1,310,False,0.0,0.0,0.0,0.0,False,False,True
2,27,1,520,False,0.0,0.0,0.0,0.0,False,False,True
2,27,2,170,False,0.0,0.0,0.0,0.0,False,False,True
2,27,2,310,False,0.0,0.0,0.0,0.0,False,False,True
2,27,2,520,False,0.0,0.0,0.0,0.0,False,False,True
2,27,3,170,False,0.0,0.0,0.0,0.0,False,False,True
2,27,3,310,False,0.0,0.0,0.0,0.0,False,False,True
2,27,3,520,False,0.0,0.0,0.0,0.0,False,False,True
2,28,0,170,False,0.0,0.0,0.0,0.0,False,False,True
2,28,0,310,False,0.0,0.0,0.0,0.0,False,False,True
2,28,0,520,False,0.0,0.0,0.0,0.0,False,False,True
2,28,1,170,False,0.0,0.0,0.0,0.0,False,False,True
2,28,1,310,False,0.0,0.0,0.0,0.0,False,False,True
2,28,1,520,False,0.0,0.0,0.0,0.0,False,False,True
2,28,2,170,False,0.0,0.0,0.0,0.0,False,False,True
2,28,2,310,False,0.0,0.0,0.0,0.0,False,False,True
2,28,2,520,False,0.0,0.0,0.0,0.0,False,False,True
2,28,3,170,False,0.0,0.0,0.0,0.0,False,False,True
2,28,3,310,False,0.0,0.0,0.0,0.0,False,False,True
2,28,3,520,False,0.0,0.0,0.0,0.0,False,False,True
2,29,0,170,False,0.0,0.0,0.0,0.0,False,False,True
2,29,0,310,False,0.0,0.0,0.0,0.0,False,False,True
2,29,0,520,False,0.0,0.0,0.0,0.0,False,False,True
2,29,1,170,False,0.0,0.0,0.0,0.0,False,False,True
2,29,1,310,False,0.0,0.0,0.0,0.0,False,False,True
2,29,1,520,False,0.0,0.0,0.0,0.0,False,False,True
2,29,2,170,False,0.0,0.0,0.0,0.0,False,False,True
2,29,2,310,False,0.0,0.0,0.0,0.0,False,False,True
2,29,2,520,False,0.0,0.0,0.0,0.0,False,False,True
2,29,3,170,False,0.0,0.0,0.0,0.0,False,False,True
2,29,3,310,True,0.0012739002704620361,-0.001152336597442627,-0.0001093745231628418,0.0011186301708221436,True,False,False
2,29,3,520,False,0.0,0.0,0.0,0.0,False,False,True
2,30,0,170,False,0.0,0.0,0.0,0.0,False,False,True
2,30,0,310,False,0.0,0.0,0.0,0.0,False,False,True
2,30,0,520,False,0.0,0.0,0.0,0.0,False,False,True
2,30,1,170,False,0.0,0.0,0.0,0.0,False,False,True
2,30,1,310,False,0.0,0.0,0.0,0.0,False,False,True
2,30,1,520,False,0.0,0.0,0.0,0.0,False,False,True
2,30,2,170,False,0.0,0.0,0.0,0.0,False,False,True
2,30,2,310,False,0.0,0.0,0.0,0.0,False,False,True
2,30,2,520,False,0.0,0.0,0.0,0.0,False,False,True
2,30,3,170,False,0.0,0.0,0.0,0.0,False,False,True
2,30,3,310,False,0.0,0.0,0.0,0.0,False,False,True
2,30,3,520,False,0.0,0.0,0.0,0.0,False,False,True
2,31,0,170,False,0.0,0.0,0.0,0.0,False,False,True
2,31,0,310,False,0.0,0.0,0.0,0.0,False,False,True
2,31,0,520,False,0.0,0.0,0.0,0.0,False,False,True
2,31,1,170,False,0.0,0.0,0.0,0.0,False,False,True
2,31,1,310,False,0.0,0.0,0.0,0.0,False,False,True
2,31,1,520,False,0.0,0.0,0.0,0.0,False,False,True
2,31,2,170,False,0.0,0.0,0.0,0.0,False,False,True
2,31,2,310,False,0.0,0.0,0.0,0.0,False,False,True
2,31,2,520,False,0.0,0.0,0.0,0.0,False,False,True
2,31,3,170,False,0.0,0.0,0.0,0.0,False,False,True
2,31,3,310,False,0.0,0.0,0.0,0.0,False,False,True
2,31,3,520,False,0.0,0.0,0.0,0.0,False,False,True
2,32,0,170,False,0.0,0.0,0.0,0.0,False,False,True
2,32,0,310,False,0.0,0.0,0.0,0.0,False,False,True
2,32,0,520,False,0.0,0.0,0.0,0.0,False,False,True
2,32,1,170,False,0.0,0.0,0.0,0.0,False,False,True
2,32,1,310,False,0.0,0.0,0.0,0.0,False,False,True
2,32,1,520,False,0.0,0.0,0.0,0.0,False,False,True
2,32,2,170,False,0.0,0.0,0.0,0.0,False,False,True
2,32,2,310,False,0.0,0.0,0.0,0.0,False,False,True
2,32,2,520,False,0.0,0.0,0.0,0.0,False,False,True
2,32,3,170,False,0.0,0.0,0.0,0.0,False,False,True
2,32,3,310,False,0.0,0.0,0.0,0.0,False,False,True
2,32,3,520,True,2.6226043701171875e-06,0.00035631656646728516,0.0005904138088226318,0.0007371008396148682,True,False,False
2,33,1,170,False,0.0,0.0,0.0,0.0,False,False,True
2,33,1,310,False,0.0,0.0,0.0,0.0,False,False,True
2,33,1,520,False,0.0,0.0,0.0,0.0,False,False,True
2,33,0,170,False,0.0,0.0,0.0,0.0,False,False,True
2,33,0,310,False,0.0,0.0,0.0,0.0,False,False,True
2,33,0,520,False,0.0,0.0,0.0,0.0,False,False,True
2,33,3,170,False,0.0,0.0,0.0,0.0,False,False,True
2,33,3,310,False,0.0,0.0,0.0,0.0,False,False,True
2,33,3,520,False,0.0,0.0,0.0,0.0,False,False,True
2,33,2,170,False,0.0,0.0,0.0,0.0,False,False,True
2,33,2,310,False,0.0,0.0,0.0,0.0,False,False,True
2,33,2,520,False,0.0,0.0,0.0,0.0,False,False,True
2,34,0,170,False,0.0,0.0,0.0,0.0,False,False,True
2,34,0,310,False,0.0,0.0,0.0,0.0,False,False,True
2,34,0,520,False,0.0,0.0,0.0,0.0,False,False,True
2,34,1,170,False,0.0,0.0,0.0,0.0,False,False,True
2,34,1,310,False,0.0,0.0,0.0,0.0,False,False,True
2,34,1,520,False,0.0,0.0,0.0,0.0,False,False,True
2,34,2,170,False,0.0,0.0,0.0,0.0,False,False,True
2,34,2,310,False,0.0,0.0,0.0,0.0,False,False,True
2,34,2,520,False,0.0,0.0,0.0,0.0,False,False,True
2,34,3,170,False,0.0,0.0,0.0,0.0,False,False,True
2,34,3,310,False,0.0,0.0,0.0,0.0,False,False,True
2,34,3,520,False,0.0,0.0,0.0,0.0,False,False,True
2,35,0,170,False,0.0,0.0,0.0,0.0,False,False,True
2,35,0,310,False,0.0,0.0,0.0,0.0,False,False,True
2,35,0,520,False,0.0,0.0,0.0,0.0,False,False,True
2,35,1,170,False,0.0,0.0,0.0,0.0,False,False,True
2,35,1,310,False,0.0,0.0,0.0,0.0,False,False,True
2,35,1,520,False,0.0,0.0,0.0,0.0,False,False,True
2,35,2,170,False,0.0,0.0,0.0,0.0,False,False,True
2,35,2,310,False,0.0,0.0,0.0,0.0,False,False,True
2,35,2,520,False,0.0,0.0,0.0,0.0,False,False,True
2,35,3,170,False,0.0,0.0,0.0,0.0,False,False,True
2,35,3,310,False,0.0,0.0,0.0,0.0,False,False,True
2,35,3,520,False,0.0,0.0,0.0,0.0,False,False,True
